trajectory_id,pickup_venueCategory,pickup_name,pickup_category,dropoff_venueCategory,dropoff_name,dropoff_category,passenger_count,pickup_hour,dropoff_hour,pickup_week
1,Electronics Store,Yodobashi-Akiba (ヨドバシカメラ マルチメディアAkiba),Electronics Store,Convenience Store,7-Eleven (セブンイレブン),Convenience Store,3,6,8,Saturday
2,Ramen /  Noodle House,Komoro Soba (小諸そば),Soba Restaurant,Convenience Store,7-Eleven (セブンイレブン),Convenience Store,4,3,4,Sunday
3,Japanese Restaurant,Tokyo Tonteki (東京トンテキ),Yoshoku Restaurant,Gym / Fitness Center,エスフォルタ渋谷,Education,1,10,11,Monday
4,Ramen /  Noodle House,Tenkaippin (天下一品),Ramen Restaurant,Café,emma LOUNGE (エマ ラウンジ),Italian Restaurant,3,3,4,Wednesday
5,Arcade,Taito Station (タイトーステーション 新宿南口ゲームワールド店),Arcade,Subway,Marunouchi Line Shinjuku Station (M08) (丸ノ内線 新宿駅),Metro Station,3,7,8,Saturday
6,Food & Drink Shop,Queen's Isetan (クイーンズ伊勢丹),Grocery Store,Gym / Fitness Center,大森ジム,Boxing Gym,4,6,6,Friday
7,Italian Restaurant,スパゲッティ食堂 ドナ 新橋店,Pizzeria,Arcade,スペースFS汐留,Event Space,1,7,7,Saturday
8,Italian Restaurant,スパゲッティ食堂 ドナ 新橋店,Pizzeria,Arcade,スペースFS汐留,Event Space,1,6,6,Sunday
9,Indian Restaurant,Curry Shop C&C (カレーショップ C&C),Japanese Curry Restaurant,Toy / Game Store,アソビットホビーシティ,Toy Store,3,4,4,Tuesday
10,Fast Food Restaurant,McDonald's (マクドナルド),Fast Food Restaurant,Toy / Game Store,アソビットホビーシティ,Toy Store,2,8,9,Saturday
11,Food & Drink Shop,OK (オーケー 川口店),Supermarket,Temple,西福寺,Buddhist Temple,3,7,7,Sunday
12,Food & Drink Shop,よしや 中板橋本店,Grocery Store,Event Space,Kawaguchi Lilia (川口総合文化センター リリア),Cultural Center,3,5,7,Sunday
13,Train Station,Nerima Station (練馬駅),Convenience Store,Japanese Restaurant,Yoshinoya (吉野家),Fast Food Restaurant,3,13,15,Saturday
14,Art Museum,"The National Art Center, Tokyo (国立新美術館)",Art Museum,Coffee Shop,Tully's Coffee,Coffee Shop,3,2,4,Saturday
15,Light Rail,Ryutsu Center Station (MO04) (流通センター駅),Rail Station,Fast Food Restaurant,Matsuya (松屋 八重洲店),Restaurant,4,1,1,Sunday
16,Mall,Lazona Kawasaki Plaza (ラゾーナ川崎プラザ),Shopping Mall,Drugstore / Pharmacy,クリエイトSD 川崎南野川店,Drugstore,1,11,12,Sunday
17,Building,ThinkPark Tower,Business Center,Train Station,Kamata Station (蒲田駅),Rail Station,4,9,10,Wednesday
18,Convention Center,大田区民センター,Community Center,Train Station,Kamata Station (蒲田駅),Rail Station,4,10,12,Monday
19,Sushi Restaurant,Uzushio (うず潮),Sushi Restaurant,Bookstore,Shosen Book Tower (書泉ブックタワー),Bookstore,4,7,8,Tuesday
20,Subway,Hibiya Station (日比谷駅),Metro Station,Sushi Restaurant,Uzushio (うず潮),Sushi Restaurant,3,6,7,Wednesday
21,Hobby Shop,ワラビヤ,Thai Restaurant,Ice Cream Shop,Gelateria SINCERITA,Gelato Shop,2,7,8,Sunday
22,Bar,横丁酒場 あばらや別館,Sake Bar,Record Shop,TOWER RECORDS,Retail,1,11,12,Saturday
23,Hobby Shop,Cospatio (コスパティオ 秋葉原本店),Costume Store,Toy / Game Store,ボークス秋葉原ホビー天国,Toy Store,2,8,9,Saturday
24,Electronics Store,Yodobashi-Akiba (ヨドバシカメラ マルチメディアAkiba),Electronics Store,Hobby Shop,Akihabara Gamers (AKIHABARAゲーマーズ),Hobby Store,4,3,4,Saturday
25,Office,NTT Docomo Yoyogi Building (NTTドコモ代々木ビル),Office Building,Café,Coffee Room Renoir (喫茶室ルノアール),Café,4,1,2,Sunday
26,Bookstore,Books Kinokuniya (紀伊國屋書店),Bookstore,Electronics Store,Bic Camera (ビックカメラ),Electronics Store,2,4,4,Thursday
27,Subway,Higashi-shinjuku Station (東新宿駅),Rail Station,Bike Shop,Y's Road 新宿アーバンe-コミューター店,Bicycle Store,2,7,8,Monday
28,Office,Akihabara UDX (秋葉原UDX),Business Center,Event Space,belle salle (ベルサール秋葉原),Event Space,2,5,6,Saturday
29,Bar,Darts&BAR TRIP,Cocktail Bar,Other Great Outdoors,Kinoshita Zaka (木下坂),Road,4,10,11,Friday
30,Japanese Restaurant,Momodori (六本木 百鳥),Cocktail Bar,Other Great Outdoors,Kinoshita Zaka (木下坂),Road,4,10,11,Friday
31,Miscellaneous Shop,Map Camera West (マップカメラ カメラ買取・下取センター),Camera Store,Camera Store,ヨドバシカメラ カメラ総合館,Camera Store,1,9,9,Friday
32,Hobby Shop,Gamers (ゲーマーズ),Retail,Ramen /  Noodle House,Tokyo Mentsudan (東京麺通団),Japanese Curry Restaurant,1,10,11,Monday
33,Miscellaneous Shop,7-Eleven (セブンイレブン 大田区蒲田5丁目店),Convenience Store,Train Station,JR Kamata Station (JR 蒲田駅),Rail Station,4,8,8,Monday
34,Train Station,JR Kamata Station (JR 蒲田駅),Rail Station,Train Station,JR Kamata Station (JR 蒲田駅),Rail Station,2,8,9,Monday
35,Hobby Shop,Nikon House (ニコンハウス),Retail,Bookstore,Maruzen (丸善),Bookstore,2,9,9,Wednesday
36,Mall,Nakano Broadway (中野ブロードウェイ),Shopping Plaza,Japanese Restaurant,東京チカラめし 西荻窪南口店,Japanese Restaurant,1,2,3,Saturday
37,Mall,ecute Shinagawa (ecute 品川),Shopping Mall,Bookstore,Maruzen (丸善),Bookstore,4,8,8,Saturday
38,Paper / Office Supplies Store,G.Itoya,Stationery Store,Department Store,Matsuya Ginza (松屋銀座),Department Store,1,10,10,Thursday
39,Gym / Fitness Center,コナミスポーツクラブ銀座,Gym and Studio,Gym / Fitness Center,Konami Sports Club (コナミスポーツクラブ 荻窪南口),Sports Club,1,14,14,Tuesday
40,Coffee Shop,Starbucks (スターバックス),Coffee Shop,Train Station,Iidabashi Station (飯田橋駅),Rail Station,3,6,7,Thursday
41,Bookstore,Comic Toranoana A (コミックとらのあな 秋葉原店A),Comic Book Store,Subway,Shinozaki Station (S20) (篠崎駅),Metro Station,3,6,7,Friday
42,Electronics Store,Yodobashi-Akiba (ヨドバシカメラ マルチメディアAkiba),Electronics Store,Bar,HUB,Pub,3,7,8,Sunday
43,Food & Drink Shop,Seijo Ishii (成城石井),Grocery Store,Park,Yotsuya Mitsuke Park (四谷見附公園),Park,2,3,3,Sunday
44,Café,アーキテクトカフェ 汐留店,Café,Office,ミネベアミツミ東京クロステックガーデン,Travel and Transportation,4,3,3,Sunday
45,Ramen /  Noodle House,TsuruTonTan (つるとんたん),Udon Restaurant,Subway,Oedo Line Roppongi Station (E23) (都営大江戸線 六本木駅),Metro Station,4,12,13,Sunday
46,Arcade,Taito Station (タイトーステーション 新宿南口ゲームワールド店),Arcade,Movie Theater,Shinjuku Wald 9 (新宿バルト9),Movie Theater,4,8,8,Thursday
47,Train Station,Nishiaraidaishi-nishi Station (西新井大師西駅),Rail Station,Train Station,Nishiaraidaishi-nishi Station (西新井大師西駅),Rail Station,4,4,5,Saturday
48,Bar,HUB,Pub,University,東京電機大学東京千住アネックス,University,3,9,9,Thursday
49,Ramen /  Noodle House,名代 富士そば 後楽園店,Soba Restaurant,Bridge,小石川橋,Landmarks and Outdoors,2,5,6,Friday
50,Electronics Store,Yamada Denki LABI 1 (ヤマダデンキ LABI1 LIFE SELECT 池袋),Home Appliance Store,Bank,Sumitomo Mitsui Banking Corporation (SMBC) (三井住友銀行 池袋支店・千川支店),Bank,2,4,5,Monday
51,Music Venue,SHIBUYA PLEASURE PLEASURE,Music Venue,Ramen /  Noodle House,麺処 おかげさま,Ramen Restaurant,3,1,3,Saturday
52,Electronics Store,Yamada Denki LABI (ヤマダデンキ LABI 渋谷),Home Appliance Store,Food & Drink Shop,OK Supermarket (オーケー 初台店),Grocery Store,2,7,8,Sunday
53,Toy / Game Store,Yamashiroya (ヤマシロヤ),Toy Store,Mall,Yanaka Ginza Shotengai (谷中銀座商店街),Shopping Mall,3,7,9,Saturday
54,Bookstore,Books Kinokuniya (紀伊國屋書店),Bookstore,Electronics Store,BICQLO (ビックロ),Electronics Store,4,8,9,Friday
55,Arcade,アドアーズ池袋西口店,Arcade,Café,王立アフィリア魔法学院,Café,3,12,12,Friday
56,Food & Drink Shop,My Basket (まいばすけっと 桜新町駅前店),Grocery Store,Government Building,厚生労働省国立医薬品食品衛生研究所,Government Department,4,23,0,Monday
57,Miscellaneous Shop,Hands (ハンズ),Grocery Store,Record Shop,TOWER RECORDS,Record Store,4,9,11,Wednesday
58,Subway,Shinjuku-gyoemmae Station (M10) (新宿御苑前駅),Metro Station,Building,Marunouchi Park Building (丸の内パークビルディング),Business Center,1,9,9,Wednesday
59,Medical Center,両国東口クリニック,Hospital,Bridge,新大橋西,Bridge,3,1,3,Tuesday
60,Stadium,Nippon Budokan (日本武道館),Stadium,Shrine,靖国神社大鳥居,Shrine,1,5,6,Saturday
61,Subway,Center Kita Station (センター北駅),Rail Station,Convenience Store,7-Eleven (セブンイレブン 横浜牛久保東1丁目店),Convenience Store,3,6,8,Saturday
62,Convenience Store,デイリーヤマザキ,Convenience Store,Convenience Store,7-Eleven (セブンイレブン 横浜牛久保東1丁目店),Convenience Store,3,8,9,Saturday
63,Electronics Store,Sofmap Akiba 1st Store (ソフマップAKIBA 1号店 サブカル・モバイル館),Retail,Mobile Phone Shop,テルルモバイル NEO秋葉原店,Mobile Phone Store,1,5,5,Sunday
64,Bookstore,Shosen Book Tower (書泉ブックタワー),Bookstore,Japanese Restaurant,Matsuya (松屋),Restaurant,1,3,4,Sunday
65,Food & Drink Shop,Marusho (丸正食品店舗代々木上原駅前店),Grocery Store,Drugstore / Pharmacy,Cocokara Fine (ココカラファイン 代々木上原南店),Drugstore,3,7,7,Friday
66,Bakery,boulangerie pour vous,Bakery,Food & Drink Shop,Marusho (丸正食品店舗代々木上原駅前店),Grocery Store,2,5,7,Monday
67,Subway,Hibiya Station (日比谷駅),Metro Station,Train Station,Tsunashima Station (TY14) (綱島駅),Rail Station,4,13,14,Friday
68,Food & Drink Shop,Inageya (いなげや 横浜綱島店),Supermarket,Food & Drink Shop,Ito Yokado (イトーヨーカドー 綱島店),Grocery Store,1,7,8,Sunday
69,Coffee Shop,BECK'S COFFEE SHOP 新宿店,Café,Smoke Shop,Smoking Area - Shinjuku Sta. West Exit (新宿駅西口喫煙所),Plaza,4,0,0,Sunday
70,Coffee Shop,BECK'S COFFEE SHOP 新宿店,Café,Department Store,HALC (新宿西口ハルク),Bar,2,0,0,Sunday
71,Mall,Tokyo Midtown (東京ミッドタウン),Retail,Subway,Meiji-jingumae 'Harajuku' Station (明治神宮前 駅),Metro Station,2,3,5,Saturday
72,Office,Midtown Tower (ミッドタウン・タワー),Business Center,Subway,,,2,4,5,Saturday
73,Chinese Restaurant,陳麻家,Chinese Restaurant,Bookstore,Shosen Book Tower (書泉ブックタワー),Bookstore,1,11,11,Tuesday
74,Train Station,Hamamatsucho Station (浜松町駅),Rail Station,Airport,Terminal 2 (第2ターミナル),Airport Terminal,2,8,8,Tuesday
75,Park,Nan-oh Park (南桜公園),Park,Electronics Store,Apple Ginza (Apple 銀座),Landmarks and Outdoors,1,3,4,Sunday
76,Indian Restaurant,麹町咖喱渋谷桜丘町店,Indian Restaurant,Plaza,Herbert von Karajan Plaza (アーク・カラヤン広場),Plaza,2,5,5,Saturday
77,Subway,Roppongi Station (六本木駅),Metro Station,Ramen /  Noodle House,六本木 BeeHive,Concert Hall,4,7,9,Thursday
78,Café,Euro Cafe (ユーロカフェ),Café,Café,EXCELSIOR CAFFÉ 六本木店,Coffee Shop,4,8,9,Thursday
79,Burger Joint,MOS Burger (モスバーガー),Burger Joint,Convenience Store,7-Eleven (セブンイレブン 川崎今井仲町店),Convenience Store,3,8,9,Friday
80,Train Station,Shimomaruko Station (下丸子駅),Rail Station,Train Station,Kawasaki Station (川崎駅),Rail Station,4,8,8,Monday
81,Park,Kinuta Park (砧公園),Park,College Academic Building,世田谷区立京西小学校,Elementary School,3,5,7,Tuesday
82,Subway,,,Home (private),,,4,20,21,Friday
83,Hobby Shop,Akihabara Gamers (AKIHABARAゲーマーズ),Hobby Store,Electronics Store,QC PASS,Electronics Store,1,10,11,Thursday
84,Dumpling Restaurant,Gyoza Ohsho (餃子の王将),Chinese Restaurant,Stadium,Nippon Budokan (日本武道館),Stadium,4,2,4,Saturday
85,Train Station,Tama-plaza Station (DT15) (たまプラーザ駅),Rail Station,Train Station,Tama-plaza Station (DT15) (たまプラーザ駅),Rail Station,3,5,6,Wednesday
86,Mall,Roppongi Hills (六本木ヒルズ),Shopping Mall,Asian Restaurant,cafe SINGAPURA,Asian Restaurant,3,4,4,Saturday
87,Bar,Ohashi (大はし),Sake Bar,Department Store,Marui (北千住マルイ),Department Store,2,10,11,Monday
88,Electronics Store,Yodobashi-Akiba (ヨドバシカメラ マルチメディアAkiba),Electronics Store,Train Station,Tabata Station (田端駅),Rail Station,1,8,9,Thursday
89,Food & Drink Shop,7-Eleven (セブンイレブン 板橋南常盤台1丁目店),Convenience Store,Neighborhood,Ikebukuro Suitengu (池袋水天宮),Shrine,4,4,6,Saturday
90,Neighborhood,Ikebukuro Suitengu (池袋水天宮),Shrine,Bar,vivo! BEER+DINING BAR,Beer Bar,2,6,6,Saturday
91,Mall,Tressa Yokohama (トレッサ横浜),Shopping Mall,Mall,Tressa Yokohama (トレッサ横浜),Shopping Mall,4,5,6,Sunday
92,Mall,Lazona Kawasaki Plaza (ラゾーナ川崎プラザ),Shopping Mall,Electronics Store,Bic Camera (ビックカメラ),Home Appliance Store,4,5,6,Saturday
93,Bookstore,Books Sanseido (三省堂書店),Bookstore,Record Shop,disk union,Retail,2,8,10,Saturday
94,Clothing Store,Barney's New York,Retail,Bookstore,Books Kinokuniya (紀伊國屋書店),Bookstore,2,7,7,Saturday
95,Park,Inokashira Park (井の頭恩賜公園),Park,University,University of Electro-Communications (電気通信大学),College and University,2,5,6,Sunday
96,Ramen /  Noodle House,Hidakaya (日高屋),Chinese Restaurant,Subway,Ginza Station (銀座駅),Rail Station,2,9,9,Sunday
97,Bike Shop,Y's Road (ワイズロード上野アサゾー),Retail,Subway,Mitsukoshimae Station (三越前駅),Rail Station,2,5,6,Monday
98,Ramen /  Noodle House,Ito (中華そば屋 伊藤),Ramen Restaurant,Subway,Oji-kamiya Station (N17) (王子神谷駅),Rail Station,4,2,2,Thursday
99,Bus Station,Nishi-Sugamo Bus Stop (西巣鴨バス停),Bus Stop,Government Building,北区区民センター 滝野川西,Concert Hall,2,8,10,Saturday
100,Electronics Store,Bic Camera (ビックカメラ 有楽町店),Home Appliance Store,Bus Station,Nishi-Sugamo Bus Stop (西巣鴨バス停),Bus Stop,1,7,8,Saturday
101,Bookstore,Shosen Book Tower (書泉ブックタワー),Bookstore,Burger Joint,Burger King (バーガーキング),Burger Joint,3,10,11,Wednesday
102,Subway,Ginza Line Shimbashi Station (G08) (銀座線 新橋駅),Metro Station,Department Store,Tokyu Department Store (東急百貨店 東横店),Department Store,2,7,7,Saturday
103,Café,tap house (タップハウス),Café,University,國學院大學若木タワー,College Academic Building,2,4,5,Friday
104,General College & University,5号館,College Academic Building,College Academic Building,,,4,6,7,Thursday
105,Government Building,Shinjuku Passport Center (東京都旅券課 (新宿パスポートセンター)),Government Building,Bar,cinnabar 辰砂,Cantonese Restaurant,2,6,7,Tuesday
106,Plaza,Yebisu Garden Place Hiroba (恵比寿ガーデンプレイスひろば),Plaza,Train Station,JR Ebisu Station (JR 恵比寿駅),Rail Station,2,7,9,Tuesday
107,Art Gallery,oriental collection,Art Gallery,Subway,Shirokane-takanawa Station (白金高輪駅),Metro Station,2,9,10,Tuesday
108,Restaurant,Tamago to Watashi (卵と私),Yoshoku Restaurant,Factory,若洲風力発電所,Power Plant,4,2,4,Saturday
109,Japanese Restaurant,Dashi-chazuke En (だし茶漬け えん),Japanese Restaurant,Japanese Restaurant,Dashi-chazuke En (だし茶漬け えん),Japanese Restaurant,2,11,12,Friday
110,Bar,Shimonya (四文屋),BBQ Joint,Train Station,Shin-Koiwa Station (新小岩駅),Rail Station,3,10,11,Wednesday
111,Arcade,HI-TECH LAND SEGA Shibuya (ハイテクランドセガ渋谷),Arcade,Train Station,Shin-Koiwa Station (新小岩駅),Rail Station,4,8,10,Sunday
112,Plaza,汐留シオサイト 地下歩道,Plaza,Restaurant,Sutadonya (伝説のすた丼屋),Donburi Restaurant,3,11,12,Thursday
113,Train Station,Keikyū Kawasaki Station (KK20) (京急川崎駅),Rail Station,Park,多摩川見晴らし公園,Park,4,3,4,Sunday
114,Convenience Store,FamilyMart (ファミリーマート),Convenience Store,Post Office,郵便局,Post Office,2,8,9,Monday
115,Train Station,Kawasaki Station (川崎駅),Rail Station,Arcade,Silk Hat (シルクハット),Arcade,3,11,11,Tuesday
116,Restaurant,おばけ食堂,Restaurant,Bar,the 7th chord'LINE”,Sports Bar,4,10,12,Thursday
117,Arcade,Taito Station (タイトーステーション 新宿南口ゲームワールド店),Arcade,Ramen /  Noodle House,油そば総本店,Ramen Restaurant,1,11,11,Monday
118,Music Store,岩盤 GAN-BAN,Music Store,Music Venue,Shibuya CLUB QUATTRO (渋谷CLUB QUATTRO),Rock Club,2,7,7,Saturday
119,Chinese Restaurant,Little Sheep (小肥羊),Chinese Restaurant,Mexican Restaurant,メキシカンダイニング AGUA,Bar,4,10,11,Monday
120,Subway,Kudanshita Station (九段下駅),Rail Station,Park,Chidorigafuchi Park (千鳥ケ淵公園),Park,1,4,4,Tuesday
121,Arts & Crafts Store,starnet tokyo,Arts and Crafts Store,Subway,Higashi-ginza Station (東銀座駅),Metro Station,4,3,4,Wednesday
122,Subway,Kyobashi Station (G10) (京橋駅),Rail Station,Bridge,Shinonome Bridge (東雲橋),Landmarks and Outdoors,1,9,10,Tuesday
123,Plaza,有楽町マリオン時計前,Plaza,Subway,Yurakucho Line Yurakucho Station (Y18) (有楽町線 有楽町駅),Metro Station,2,7,8,Sunday
124,Bar,CLUB SEATA,Rock Club,BBQ Joint,Gyutetsu (牛鉄),BBQ Joint,3,5,6,Sunday
125,Building,Shinjuku Mitsui Building (新宿三井ビルディング),Business Center,Video Store,新宿TSUTAYA,Video Store,1,6,7,Saturday
126,Road,Sunshine 60 Street (サンシャイン60通り),Road,Ramen /  Noodle House,Tori no Ana (鶏の穴),Ramen Restaurant,4,8,9,Tuesday
127,Bar,大衆スタンド てんぐ大ホール 池袋サンシャイン通り店,Sake Bar,Bar,大衆スタンド てんぐ大ホール 池袋サンシャイン通り店,Sake Bar,2,3,3,Thursday
128,Train Station,Higashi-Koganei Station (東小金井駅),Rail Station,Train Station,Higashi-Koganei Station (東小金井駅),Rail Station,1,2,2,Friday
129,Train Station,Higashi-Koganei Station (東小金井駅),Rail Station,Train Station,Higashi-Koganei Station (東小金井駅),Rail Station,4,11,12,Friday
130,Subway,Hibiya Station (日比谷駅),Metro Station,Concert Hall,Hibiya Open-Air Concert Hall (日比谷野外大音楽堂),Concert Hall,4,5,6,Sunday
131,Train Station,Tsunashima Station (TY14) (綱島駅),Rail Station,Food & Drink Shop,Ito Yokado (イトーヨーカドー 綱島店),Grocery Store,4,9,10,Sunday
132,Mall,Tokyo Midtown (東京ミッドタウン),Retail,Bar,Afilia Sherry's (アフィリア・シェリーズ),Cocktail Bar,1,10,12,Tuesday
133,Event Space,,,Music Venue,LIQUIDROOM,Night Club,1,2,2,Sunday
134,Neighborhood,,,Korean Restaurant,農田地,BBQ Joint,1,9,10,Friday
135,Winery,イタリアン酒場 ぶどう,Wine Bar,Record Shop,TOWER RECORDS,Record Store,3,9,11,Friday
136,Soup Place,Soup Curry Kamui (スープカレー カムイ),Japanese Curry Restaurant,Event Space,belle salle (ベルサール秋葉原),Event Space,1,6,6,Saturday
137,Event Space,belle salle (ベルサール秋葉原),Event Space,Office,高松建設,Business and Professional Services,1,6,6,Wednesday
138,Café,サンダーバードカフェ,Café,Subway,Hanzomon Line Jimbocho Station (Z07) (半蔵門線 神保町駅),Metro Station,1,13,14,Thursday
139,Subway,東京メトロ 大手町駅,Metro Station,Building,日本ビルヂング,Shopping Mall,3,3,4,Thursday
140,Event Space,West Hall 1 (西1ホール),Convention Center,Subway,Toyosu Station (豊洲駅),Metro Station,1,6,7,Saturday
141,Light Rail,Yurikamome Toyosu Station (U16) (ゆりかもめ 豊洲駅),Rail Station,Park,Ikebukuro Nishiguchi Park (池袋西口公園),Park,4,7,7,Saturday
142,Art Museum,National Museum of Western Art (国立西洋美術館),Museum,Train Station,Ueno Station (上野駅),Rail Station,1,8,8,Sunday
143,Diner,フードラウンジ ほっと,Dining and Drinking,Diner,フードラウンジ ほっと,Dining and Drinking,4,4,4,Saturday
144,Mall,DiverCity Tokyo Plaza (ダイバーシティ東京 プラザ),Shopping Mall,Mall,DiverCity Tokyo Plaza (ダイバーシティ東京 プラザ),Shopping Mall,4,2,2,Saturday
145,Train Station,Kameari Station (亀有駅),Rail Station,Mall,Ario (アリオ亀有),Shopping Mall,4,4,5,Saturday
146,Convenience Store,ナチュラルローソン目黒祐天寺前店,Convenience Store,Building,ARK Hills (アークヒルズ),Business Center,3,4,5,Saturday
147,Bookstore,Tsutaya Books (代官山 蔦屋書店),Bookstore,Subway,,,3,7,7,Saturday
148,Electronics Store,Sofmap Akiba 1st Store (ソフマップAKIBA 1号店 サブカル・モバイル館),Retail,Neighborhood,,,3,6,7,Saturday
149,Convention Center,Tokyo Big Sight (東京ビッグサイト (東京国際展示場)),Italian Restaurant,Music Venue,SHIBUYA-AX,Community and Government,1,3,5,Sunday
150,Train Station,Ikebukuro Station (池袋駅),Rail Station,Event Space,ベトナムフェスティバル2012,Event Space,4,5,6,Saturday
151,Seafood Restaurant,Isomaru Suisan (磯丸水産),Bar,Arcade,アドアーズ池袋西口店,Arcade,3,6,8,Sunday
152,Mall,Palette Town (パレットタウン),Amusement Park,Medical Center,IMS Me-Life クリニック 池袋,Medical Center,3,14,15,Sunday
153,Arcade,Tokyo Leisure Land (東京レジャーランド 秋葉原2号店),Arcade,Bar,カラオケ館神田南口店,Karaoke Box,1,13,14,Saturday
154,Arcade,Adores Shibuya (アドアーズ 渋谷店),Arcade,BBQ Joint,Gyu-Kaku (牛角),BBQ Joint,3,9,10,Sunday
155,Electronics Store,Yamada Denki LABI 1 (ヤマダデンキ LABI1 LIFE SELECT 池袋),Home Appliance Store,Hobby Shop,Comic Toranoana B (コミックとらのあな 池袋店),Comic Book Store,1,5,5,Friday
156,Electronics Store,TSUKUMO eX.,Electronics Store,Subway,Mitsukoshimae Station (三越前駅),Rail Station,2,11,12,Thursday
157,Electronics Store,Yodobashi-Akiba (ヨドバシカメラ マルチメディアAkiba),Electronics Store,Subway,Suehirocho Station (G14) (末広町駅),Metro Station,3,10,12,Thursday
158,Electronics Store,Yodobashi-Kichijoji (ヨドバシカメラ マルチメディア吉祥寺),Home Appliance Store,Train Station,Kichijōji Station (吉祥寺駅),Rail Station,2,4,5,Monday
159,Train Station,Keio Kichijōji Station (IN17) (京王 吉祥寺駅),Rail Station,Train Station,Kichijōji Station (吉祥寺駅),Rail Station,1,4,5,Monday
160,Train Station,Chiyoda Line Meiji-jingumae 'Harajuku' Station (C03) (千代田線 明治神宮前<原宿>駅),Metro Station,Mall,Laforet Harajuku (ラフォーレ原宿),Shopping Mall,4,7,9,Saturday
161,Ramen /  Noodle House,Komoro Soba (小諸そば),Soba Restaurant,Hardware Store,Akizuki Denshi Tsusho (秋月電子通商),Business and Professional Services,3,6,7,Sunday
162,Furniture / Home Store,Nitori (ニトリ),Furniture and Home Store,Electronics Store,Yamada Denki LABI 1 (ヤマダデンキ LABI1 LIFE SELECT 池袋),Home Appliance Store,1,7,9,Saturday
163,Subway,Fukutoshin Line Ikebukuro Station (F09) (副都心線 池袋駅),Arts and Entertainment,Department Store,LUMINE (ルミネ池袋),Shopping Mall,4,7,7,Sunday
164,Arcade,Tokyo Leisure Land (東京レジャーランド 秋葉原2号店),Arcade,Subway,Ichinoe Station (S18) (一之江駅),Rail Station,4,13,13,Friday
165,Department Store,Mitsukoshi (日本橋三越本店),Department Store,Medical Center,University of Tokyo Hospital (東京大学医学部附属病院),Hospital,2,8,9,Tuesday
166,Convenience Store,FamilyMart (ファミリーマート 四谷区民センター前店),Convenience Store,Subway,Shinjuku-gyoemmae Station (M10) (新宿御苑前駅),Metro Station,1,10,11,Wednesday
167,Convenience Store,FamilyMart (ファミリーマート 四谷区民センター前店),Convenience Store,Subway,Tozai Line Nihombashi Station (T10) (東西線 日本橋駅),Metro Station,4,10,11,Wednesday
168,Subway,,,Café,EXCELSIOR CAFFÉ 六本木店,Coffee Shop,3,9,9,Wednesday
169,Subway,Oedo Line Shinjuku Station (E27) (都営大江戸線 新宿駅),Metro Station,Café,喫茶コーナー NEW あみ,Café,3,5,7,Friday
170,Medical Center,あいの薬局,Drugstore,Restaurant,Royal Host (ロイヤルホスト),Japanese Family Restaurant,2,2,2,Saturday
171,Smoke Shop,秋葉原喫煙所,Tobacco Store,Convenience Store,7-Eleven (セブンイレブン),Convenience Store,4,6,7,Sunday
172,College Academic Building,ヤマハ音楽教室四谷センター,Music School,Movie Theater,Toho Cinemas (TOHOシネマズ日劇),Movie Theater,1,4,5,Saturday
173,Movie Theater,オークラ劇場,Indie Movie Theater,Hotel,Boston Club (ボストンクラブ),Hotel,3,12,13,Thursday
174,Movie Theater,Shinjuku Musashinokan (新宿武蔵野館),Movie Theater,Bar,BAMBOO BEER PUB,Beer Bar,4,12,13,Friday
175,Train Station,,,Bar,Watering Hole,Beer Bar,4,12,12,Saturday
176,Ramen /  Noodle House,Kitakata Ramen Ban Nai (喜多方ラーメン 坂内),Ramen Restaurant,Arcade,Taito Station (タイトーステーション 新宿南口ゲームワールド店),Arcade,2,12,12,Sunday
177,Spa / Massage,富士見湯,Bathing Area,Convenience Store,Lawson (ローソン 文京白山五丁目店),Convenience Store,3,14,15,Tuesday
178,Train Station,Nambu Line Musashi-Kosugi Station (南武線 武蔵小杉駅),Rail Station,Train Station,Musashi-Kosugi Station (武蔵小杉駅),Hair Salon,3,7,8,Saturday
179,Mall,Lazona Kawasaki Plaza (ラゾーナ川崎プラザ),Shopping Mall,Train Station,Kawasaki Station (川崎駅),Rail Station,1,10,12,Friday
180,Bar,AURUM,Lounge,Japanese Restaurant,そば所 よし田,Soba Restaurant,3,3,3,Monday
181,Ramen /  Noodle House,とんこつラーメン 荻,Ramen Restaurant,Bar,Uozen (炉端焼 魚然 銀座店),Sake Bar,1,3,4,Wednesday
182,Scenic Lookout,Tokyo City View (東京シティビュー),Scenic Lookout,Building,Roppongi Hills Mori Tower (六本木ヒルズ森タワー),Business Center,3,7,8,Monday
183,Food & Drink Shop,Tokyu Store (東急ストア),Grocery Store,Train Station,Kaminoge Station (OM14) (上野毛駅),Rail Station,2,11,11,Friday
184,Bar,Astronomical Observation Diner Afilia Stars (天体観測Diner アフィリア・スターズ),Bar,Bar,Astronomical Observation Diner Afilia Stars (天体観測Diner アフィリア・スターズ),Bar,3,12,13,Wednesday
185,Subway,Roppongi Station (六本木駅),Metro Station,Bar,Astronomical Observation Diner Afilia Stars (天体観測Diner アフィリア・スターズ),Bar,1,11,12,Wednesday
186,Electronics Store,Yodobashi-Kichijoji (ヨドバシカメラ マルチメディア吉祥寺),Home Appliance Store,Food & Drink Shop,Olympic (オリンピック 高井戸店),Grocery Store,1,6,7,Sunday
187,Sushi Restaurant,回転すし美登利高井戸店,Sushi Restaurant,Japanese Restaurant,すき家 高井戸店,Diner,2,9,11,Sunday
188,Subway,Akasaka-mitsuke Station (赤坂見附駅),Metro Station,Ramen /  Noodle House,横浜家系ラーメン 銀家日吉店,Ramen Restaurant,3,12,13,Thursday
189,Subway,Akasaka Station (C06) (赤坂駅),Rail Station,Clothing Store,gol.,Clothing Store,3,8,8,Monday
190,Chinese Restaurant,MAY-FAN,Chinese Restaurant,Bar,Scuba,Night Club,2,11,12,Wednesday
191,Fried Chicken Joint,Torian (とりあん 幡ヶ谷店),Fried Chicken Joint,Bar,ずるずる処せじけん,Sake Bar,3,11,13,Sunday
192,Drugstore / Pharmacy,かちどき薬局落合店パート2,Drugstore,College Academic Building,早稲田大学喜久井町キャンパス,College and University,3,3,4,Tuesday
193,University,早稲田大学 55号館,University,Convenience Store,FamilyMart (ファミリーマート 新宿弁天町店),Convenience Store,1,0,1,Wednesday
194,Arcade,Tokyo Leisure Land (東京レジャーランド 秋葉原2号店),Arcade,Hobby Shop,GANKING 秋葉原店,Hobby Store,3,5,5,Monday
195,Arcade,Taito Station (タイトーステーション 新宿南口ゲームワールド店),Arcade,Bar,vivo daily stand 中野本店,Bar,3,15,16,Tuesday
196,Restaurant,VIE DE FRANCE DINING 秋葉原店,Restaurant,Toy / Game Store,フィギュアR,Toy Store,2,3,5,Tuesday
197,Food & Drink Shop,サミット 久我山店,Grocery Store,Electronics Store,Yodobashi-Kichijoji (ヨドバシカメラ マルチメディア吉祥寺),Home Appliance Store,2,10,11,Friday
198,Mall,Tokyo Midtown (東京ミッドタウン),Retail,Road,,,4,9,10,Thursday
199,Miscellaneous Shop,Loft (渋谷ロフト),Retail,Department Store,アヴィレックス マルイシティ渋谷店 - AVIREX,Department Store,1,9,10,Friday
200,Mall,EXITMELSA,Department Store,Bar,HUB,Pub,3,6,8,Sunday
201,Bookstore,COMIC ZIN,Comic Book Store,Fast Food Restaurant,MOS Burger (モスバーガー),Burger Joint,3,7,7,Friday
202,Government Building,RG 1/1 RX-78-2 Gundam Ver. GFT (RG1/1 RX-78-2 ガンダム Ver.GFT),Monument,Mall,DiverCity Tokyo Plaza (ダイバーシティ東京 プラザ),Shopping Mall,4,6,8,Sunday
203,Park,Imperial Palace Plaza (皇居前広場),Plaza,Bridge,Eitai Bridge (永代橋),Bridge,3,4,5,Sunday
204,Spanish Restaurant,Tsukishima Spain Club (月島スペインクラブ),Yoshoku Restaurant,Subway,Yurakucho Line Tsukishima Station (Y21) (有楽町線 月島駅),Metro Station,1,4,5,Sunday
205,Ramen /  Noodle House,そば処 めとろ庵大手町店,Noodle Restaurant,Subway,Akasaka Station (C06) (赤坂駅),Rail Station,4,3,4,Tuesday
206,Airport,Terminal 1 (第1ターミナル),Airport Terminal,Train Station,Chitose-Funabashi Station (OH12) (千歳船橋駅),Rail Station,1,3,4,Sunday
207,Arcade,Taito Station (タイトーステーション 新宿南口ゲームワールド店),Arcade,Ramen /  Noodle House,,,4,3,4,Monday
208,Train Station,Shin-Ōkubo Station (新大久保駅),Rail Station,Road,都庁北交差点,Travel and Transportation,4,10,11,Friday
209,Movie Theater,CINECITTA' (チネチッタ),Movie Theater,Road,日進町交差点,Travel and Transportation,2,14,15,Sunday
210,Steakhouse,Bikkuri Donkey (びっくりドンキー),Japanese Family Restaurant,Miscellaneous Shop,ドン・キホーテエッセンス関町店,Discount Store,1,10,12,Monday
211,Hobby Shop,K-BOOKS コスプレ館,Costume Store,Electronics Store,Yamada Denki LABI 1 (ヤマダデンキ LABI1 LIFE SELECT 池袋),Home Appliance Store,3,9,9,Monday
212,College Academic Building,Liberty Tower (リバティタワー),College Academic Building,Department Store,Parco (調布PARCO),Shopping Mall,3,8,9,Thursday
213,Bar,SHOT BAR American,Whisky Bar,Bar,SHOT BAR American,Whisky Bar,1,11,12,Sunday
214,Ramen /  Noodle House,Hidakaya (日高屋),Chinese Restaurant,Subway,Sumiyoshi Station (住吉駅),Metro Station,3,14,15,Monday
215,Food & Drink Shop,Ito Yokado (イトーヨーカドー 曳舟店),Grocery Store,Coffee Shop,Starbucks (スターバックス),Coffee Shop,3,9,10,Saturday
216,Office,Dentsu Inc. (電通),Advertising Agency,Electronics Store,Yamada Denki (ヤマダ電機 LABI新橋),Electronics Store,1,11,11,Friday
217,Bookstore,Maruzen (丸善),Unagi Restaurant,Bookstore,Maruzen (丸善),Unagi Restaurant,4,10,11,Tuesday
218,Electronics Store,Yodobashi-Akiba (ヨドバシカメラ マルチメディアAkiba),Electronics Store,Bookstore,買取販売市場 ムーラン AKIBA,Vintage and Thrift Store,1,11,12,Sunday
219,Arcade,Tokyo Leisure Land (東京レジャーランド 秋葉原店),Arcade,Bookstore,買取販売市場 ムーラン AKIBA,Vintage and Thrift Store,4,10,11,Monday
220,Indian Restaurant,CURRY TREK (カレートレック),Indian Restaurant,Coffee Shop,Tully's Coffee,Coffee Shop,3,5,5,Friday
221,Train Station,JR Iidabashi Station (JR 飯田橋駅),Rail Station,Bar,Acid Panda Cafe,Night Club,3,8,10,Sunday
222,Train Station,Shimo-Kitazawa Station (下北沢駅),Rail Station,Electronics Store,Yodobashi Camera (ヨドバシカメラ 新宿西口本店),Computers and Electronics Retail,3,10,11,Wednesday
223,Train Station,Kyodo Station (OH11) (経堂駅),Rail Station,Medical Center,下田歯科医院,Dentist,2,7,8,Monday
224,Convenience Store,ローソン,Convenience Store,Shrine,Kanda Myojin Shrine (神田明神),Wedding Hall,4,0,2,Saturday
225,Shrine,Kanda Myojin Shrine (神田明神),Wedding Hall,Subway,Nogizaka Station (C05) (乃木坂駅),Rail Station,2,2,2,Saturday
226,Subway,Hibiya Line Ebisu Station (H02) (日比谷線 恵比寿駅),Metro Station,Train Station,Ebisu Station (恵比寿駅),Rail Station,2,3,4,Wednesday
227,Food & Drink Shop,東館,Grocery Store,Stadium,Ajinomoto Stadium (味の素スタジアム),Stadium,1,7,8,Saturday
228,Government Building,Shinagawa City Office (品川区役所),City Hall,Food & Drink Shop,文化堂戸越銀座店,Grocery Store,2,10,12,Sunday
229,Convenience Store,Three-F (スリーエフ 戸越4丁目店),Convenience Store,Stadium,Ajinomoto Stadium (味の素スタジアム),Stadium,1,22,23,Friday
230,Train Station,Ōizumi-gakuen Station (SI11) (大泉学園駅),Rail Station,Food & Drink Shop,Life (ライフエクストラ 大泉学園駅前店),Grocery Store,1,6,7,Saturday
231,Event Space,Mercedes me Tokyo,Event Space,Office,Sony Music Entertainment Inc. (ソニー・ミュージックエンタテインメント 乃木坂),Office,2,8,8,Sunday
232,Office,Togeki Building (東劇ビル),Office Building,Office,Togeki Building (東劇ビル),Office Building,4,8,9,Sunday
233,Hobby Shop,animate (アニメイト),Retail,Subway,Suehirocho Station (G14) (末広町駅),Metro Station,4,8,9,Sunday
234,Train Station,Inadazutsumi Station (稲田堤駅),Rail Station,Food & Drink Shop,Keio Store (京王ストア 稲田堤店),Grocery Store,4,10,10,Monday
235,Food & Drink Shop,Keio Store (京王ストア 稲田堤店),Grocery Store,Coffee Shop,焙煎珈琲SEN,Café,4,8,9,Friday
236,Other Great Outdoors,,,Shrine,住吉神社,Shrine,4,18,19,Wednesday
237,Scenic Lookout,,,Park,都立城南島ふ頭公園,Park,2,13,14,Thursday
238,Train Station,Kami-itabashi Station (TJ07) (上板橋駅),Rail Station,Food & Drink Shop,7-Eleven (セブンイレブン 板橋南常盤台1丁目店),Convenience Store,2,7,8,Saturday
239,Japanese Restaurant,せんねんそば中板橋店,Soba Restaurant,Miscellaneous Shop,寿堂紙製品工業株式会社,Miscellaneous Store,3,3,3,Wednesday
240,Shrine,Sarugaku Shrine (猿楽神社),Shrine,Electronics Store,Bic Camera (ビックカメラ 渋谷東口店),Home Appliance Store,4,7,8,Monday
241,Miscellaneous Shop,AssistOn (アシストオン 原宿店),Gift Store,Coffee Shop,モトヤエクスプレス 渋谷文教堂店,Coffee Shop,2,10,11,Saturday
242,Bar,Brasserie & Bar Super Hero,Bar,Train Station,Den-en-chōfu Station (田園調布駅),Rail Station,3,9,11,Sunday
243,Train Station,Shin-maruko Station (TY10/MG10) (新丸子駅),Rail Station,Train Station,Shin-maruko Station (TY10/MG10) (新丸子駅),Rail Station,4,9,10,Wednesday
244,Subway,Nishigahara Station (N15) (西ケ原駅),Rail Station,Bridge,Arakawa Bridge (荒川橋梁),Bridge,1,7,7,Tuesday
245,Moving Target,中里トンネル,Tunnel,Bridge,Arakawa Bridge (荒川橋梁),Bridge,3,7,7,Tuesday
246,Restaurant,Sens & Saveurs,French Restaurant,Park,Shiba Park (芝公園),Park,2,3,4,Sunday
247,Mall,Cross Garden Kawasaki (クロスガーデン川崎),Shopping Mall,Mall,Cross Garden Kawasaki (クロスガーデン川崎),Shopping Mall,1,8,8,Monday
248,Fast Food Restaurant,McDonald's (マクドナルド),Fast Food Restaurant,Toy / Game Store,ゲームショップ紙風船,Retail,1,7,7,Saturday
249,Ramen /  Noodle House,Komoro Soba (小諸そば),Soba Restaurant,Bookstore,Comic Toranoana A (コミックとらのあな 秋葉原店A),Comic Book Store,1,9,10,Monday
250,Coffee Shop,Segafredo Zanetti Espresso,Coffee Shop,Coffee Shop,Segafredo Zanetti Espresso,Coffee Shop,3,5,5,Friday
251,Train Station,Hatsudai Station (KO02) (初台駅),Rail Station,Train Station,Hatsudai Station (KO02) (初台駅),Rail Station,2,5,5,Thursday
252,Parking,Akihabara UDX Parking (秋葉原UDXパーキング),Parking,Toy / Game Store,Craftsmanship Kotobukiya (コトブキヤ 秋葉原館),Toy Store,1,7,9,Monday
253,Miscellaneous Shop,7-Eleven (セブンイレブン 草加花栗北店),Convenience Store,Train Station,Dokkyodaigakumae Station (TS17) (獨協大学前駅),Rail Station,4,9,10,Monday
254,Event Space,GO-SEES 広尾スタジオ,Photography Studio,Building,Aoyama Twin (青山ツイン (新青山ビル)),Business Center,1,1,3,Monday
255,Building,Sunshine City (サンシャインシティ),Shopping Mall,Sandwich Place,Café CROISSANT,Coffee Shop,1,7,8,Friday
256,Medical Center,きむらカイロプラクティック・吉祥寺,Massage Clinic,Electronics Store,Yodobashi-Kichijoji (ヨドバシカメラ マルチメディア吉祥寺),Home Appliance Store,3,9,11,Sunday
257,Electronics Store,東映無線株式会社 テクノハウス東映,Electronics Store,Electronics Store,OLIOSPEC (オリオスペック),Electronics Store,3,10,10,Thursday
258,Café,Parisienne (パリジェンヌ),Café,Hotel,Hotel New Otani Garden Tower (ホテルニューオータニ ガーデンタワー),Hotel,2,13,15,Saturday
259,Convenience Store,Lawson (ローソン 三鷹駅南店),Convenience Store,Convenience Store,Lawson (ローソン 三鷹駅南店),Convenience Store,4,23,0,Friday
260,Food & Drink Shop,ヤマザキYショップ あぽろん,Convenience Store,Subway,Nakano-fujimicho Station (Mb04) (中野富士見町駅),Metro Station,3,21,23,Tuesday
261,Food & Drink Shop,ヤマザキYショップ あぽろん,Convenience Store,Subway,Nakano-fujimicho Station (Mb04) (中野富士見町駅),Metro Station,1,20,21,Thursday
262,Bar,Little Delirium (リトルデリリウム),Gastropub,Subway,Oedo Line Yoyogi Station (E26) (都営大江戸線 代々木駅),Metro Station,2,10,10,Saturday
263,Beer Garden,Forest Beer Garden (森のビアガーデン),Beer Bar,Coffee Shop,Doutor Coffee Shop (ドトールコーヒーショップ),Café,1,6,8,Saturday
264,Subway,Kasai Station (T17) (葛西駅),Rail Station,Mall,,,1,8,9,Friday
265,Italian Restaurant,Spaghetti Pancho (スパゲッティーのパンチョ),Italian Restaurant,Electronics Store,Yodobashi-Akiba (ヨドバシカメラ マルチメディアAkiba),Electronics Store,3,8,9,Thursday
266,Train Station,Nakamurabashi Station (SI07) (中村橋駅),Rail Station,Building,ニューピア竹芝 サウスタワー,Office Building,2,23,0,Monday
267,Light Rail,Yurikamome Shimbashi Station (U01) (ゆりかもめ 新橋駅),Rail Station,Convenience Store,7-Eleven (セブンイレブン 練馬中村3丁目北店),Convenience Store,4,4,6,Thursday
268,Subway,,,Hobby Shop,Hands (ハンズ),Furniture and Home Store,4,6,8,Sunday
269,Arcade,Shinjuku Playland Carnival (新宿プレイランドカーニバル),Arcade,Bar,海の家,Sake Bar,3,11,11,Saturday
270,Subway,Mita Line Hibiya Station (I08) (都営三田線 日比谷駅),Metro Station,Food & Drink Shop,Ito Yokado (イトーヨーカドー 浦和店),Grocery Store,3,10,11,Monday
271,Building,メソニック38MTビル,Office Building,Train Station,Urawa Station (浦和駅),Rail Station,2,9,11,Wednesday
272,Other Great Outdoors,Senzoku Pond (洗足池),Lake,Park,洗足池ボート,Boat Rental,4,2,4,Sunday
273,Building,Sunshine 60 (サンシャイン60),Business Center,Hobby Shop,animate (アニメイト),Comic Book Store,4,1,2,Monday
274,Subway,Shinjuku Line Shinjuku Station (S01) (都営新宿線 新宿駅),Metro Station,Building,アルタ前,Plaza,4,10,10,Tuesday
275,Bar,SMOKE-BAR&GRILL,Yoshoku Restaurant,Mall,Omotesando Hills (表参道ヒルズ),Shopping Mall,1,5,6,Sunday
276,Japanese Restaurant,ビストロ庵GuRi,Bar,Bar,,,4,13,14,Saturday
277,Movie Theater,Toho Cinemas (TOHOシネマズ日劇),Movie Theater,Movie Theater,Toho Cinemas (TOHOシネマズ日劇),Movie Theater,1,6,7,Thursday
278,Medical Center,Toranomon Hospital (虎の門病院),Hospital,Subway,Ginza Line Shibuya Station (G01) (銀座線 渋谷駅),Metro Station,2,4,4,Sunday
279,Food & Drink Shop,Bunkado (文化堂 緑ヶ丘店),Supermarket,Food & Drink Shop,Bunkado (文化堂 緑ヶ丘店),Supermarket,1,7,8,Thursday
280,Office,須山補聴器銀座店,Office,Jewelry Store,WAKO (和光 本店),Jewelry Store,2,6,7,Tuesday
281,Neighborhood,,,Electronics Store,Yodobashi Camera (ヨドバシカメラ マルチメディア川崎ルフロン),Home Appliance Store,4,6,7,Tuesday
282,Train Station,Ikuta Station (OH20) (生田駅),Rail Station,Convenience Store,ローソン,Convenience Store,4,13,14,Thursday
283,Bar,MOGRA (MOGRA 秋葉原),Night Club,Building,Sunshine City (サンシャインシティ),Shopping Mall,2,5,5,Saturday
284,Electronics Store,Yodobashi Camera (ヨドバシカメラ マルチメディア新宿東口),Home Appliance Store,Hobby Shop,Don Quijote (ドン・キホーテ 新宿歌舞伎町店),Discount Store,3,10,10,Thursday
285,Fried Chicken Joint,,,Electronics Store,Yamada Denki (ヤマダ電機 LABI新宿東口館),Electronics Store,2,9,10,Thursday
286,General Entertainment,西池袋将棋クラブ,Arts and Entertainment,Train Station,Asakadai Station (TJ13) (朝霞台駅),Rail Station,3,6,7,Friday
287,Train Station,Asakadai Station (TJ13) (朝霞台駅),Rail Station,Train Station,Kita-Asaka Station (北朝霞駅),Rail Station,1,7,9,Friday
288,Electronics Store,Yodobashi-Akiba (ヨドバシカメラ マルチメディアAkiba),Electronics Store,Mobile Phone Shop,テルルモバイル NEO秋葉原店,Mobile Phone Store,1,3,4,Saturday
289,Subway,Nakagawa Station (B31) (中川駅),Public Transportation,Arcade,アミューズメントパーク・ネバーランド,Arcade,1,3,4,Monday
290,Subway,Urayasu Station (T18) (浦安駅),Rail Station,Subway,Otemachi Station (大手町駅),Rail Station,4,11,11,Thursday
291,Bookstore,Melonbooks (メロンブックス 秋葉原1号店),Comic Book Store,Bookstore,Mandarake Complex (まんだらけ コンプレックス),Retail,1,8,9,Sunday
292,Building,南青山DFビル,Office Building,Office,Midtown Tower (ミッドタウン・タワー),Business Center,3,6,7,Friday
293,Train Station,Takeshita Exit (竹下口),Rail Station,Building,南青山DFビル,Office Building,1,5,6,Monday
294,Subway,Nezu Station (C14) (根津駅),Rail Station,Office,Sea Fort Square (シーフォートスクエア),Business Center,2,4,5,Thursday
295,Sporting Goods Shop,OSHMAN'S 二子玉川店,Sporting Goods Retail,Historic Site,二ヶ領用水久地円筒分水,Historic and Protected Site,2,3,4,Friday
296,Building,テレビ東京天王洲スタジオ,TV Station,Other Great Outdoors,品川宿場通り南会,Shopping Mall,4,11,12,Friday
297,Japanese Restaurant,Sukiya (すき家 鮫洲試験場前店),Restaurant,Food & Drink Shop,AEON Style (イオンスタイル品川シーサイド),Grocery Store,2,1,2,Sunday
298,Subway,Shiodome Station (汐留駅),Rail Station,Subway,Roppongi Station (六本木駅),Metro Station,3,10,11,Sunday
299,Music Venue,秋葉原ペンタゴン,Rock Club,Music Venue,秋葉原ペンタゴン,Rock Club,1,9,9,Monday
300,Food & Drink Shop,八百梅,Fruit and Vegetable Store,Food & Drink Shop,八百梅,Fruit and Vegetable Store,4,11,12,Tuesday
301,Government Building,東京板橋警察署,Police Station,Train Station,Takeshita Exit (竹下口),Rail Station,1,0,0,Monday
302,Bar,東方見聞録新宿オムニクス店,Sake Bar,Bar,新宿っ子居酒屋 とととりとん,Sake Bar,1,11,13,Friday
303,Mall,Lazona Kawasaki Plaza (ラゾーナ川崎プラザ),Shopping Mall,Train Station,Kawasaki Station (川崎駅),Rail Station,3,5,6,Sunday
304,Electronics Store,Yodobashi-Kichijoji (ヨドバシカメラ マルチメディア吉祥寺),Home Appliance Store,Train Station,Kichijōji Station (吉祥寺駅),Rail Station,2,5,6,Friday
305,Department Store,Isetan (伊勢丹 新宿店),Department Store,Burger Joint,BLACOWS (ブラッカウズ),Burger Joint,2,7,8,Friday
306,Subway,Kudanshita Station (九段下駅),Rail Station,Ramen /  Noodle House,Marugame Seimen (丸亀製麺),Udon Restaurant,1,7,8,Thursday
307,Mall,i-Garden Terrace (飯田橋アイガーデンテラス),Shopping Mall,Mall,港北TOKYU S. C.,Shopping Mall,4,9,10,Wednesday
308,Light Rail,Shin Seibijō Station (MO09) (新整備場駅),Rail Station,Office,Tokyo Ryutsu Center (東京流通センター),Fuel Station,2,3,4,Wednesday
309,Train Station,JR Ōsaki Station (JR 大崎駅),Rail Station,Building,ThinkPark Tower,Business Center,4,9,11,Wednesday
310,Airport,Tokyo International (Haneda) Airport (HND) (東京国際空港 (羽田空港)),Airport,Train Station,JR Kamata Station (JR 蒲田駅),Rail Station,2,12,12,Tuesday
311,Train Station,JR Kamata Station (JR 蒲田駅),Rail Station,Spiritual Center,太田神社,Shrine,4,9,11,Monday
312,Convenience Store,FamilyMart (ファミリーマート 上作延店),Convenience Store,Convenience Store,FamilyMart (ファミリーマート 上作延店),Convenience Store,3,0,0,Tuesday
313,Concert Hall,Muza Kawasaki (ミューザ川崎),Business Center,Train Station,Kawasaki Station (川崎駅),Rail Station,4,6,8,Saturday
314,Subway,Chikatetsu-akatsuka Station (地下鉄赤塚駅),Metro Station,Electronics Store,OLIOSPEC (オリオスペック),Electronics Store,3,6,6,Monday
315,Train Station,JR Ikebukuro Station (JR 池袋駅),Rail Station,Hobby Shop,Lashinbang (らしんばん 秋葉原店 本館),Hobby Store,3,5,6,Saturday
316,Gym / Fitness Center,RAFFINE RUNNING STYLE KANDA (ラフィネ ランニングスタイル 神田店),Sports Club,Restaurant,Sens & Saveurs,French Restaurant,4,4,4,Saturday
317,Subway,Kojimachi Station (Y15) (麴町駅),Rail Station,Office,Garden Air Tower (ガーデンエアタワー),Business Center,3,5,5,Wednesday
318,General Entertainment,ぴあスポット サブナードプレイガイド,Entertainment Service,Train Station,Samezu Station (KK05) (鮫洲駅),Rail Station,1,9,10,Wednesday
319,Building,Osaki Forest Building (大崎フォレストビルディング),Office Building,Building,Osaki Forest Building (大崎フォレストビルディング),Office Building,3,3,4,Thursday
320,Train Station,,,Train Station,,,2,7,8,Wednesday
321,Ramen /  Noodle House,Mita Seimenjo (三田製麺所),Ramen Restaurant,Bookstore,あゆみBooks田町店,Bookstore,4,9,10,Monday
322,Train Station,Shin-Yurigaoka Station (OH23) (新百合ヶ丘駅),Rail Station,Train Station,Shin-Yurigaoka Station (OH23) (新百合ヶ丘駅),Rail Station,1,8,8,Saturday
323,Record Shop,TOWER RECORDS,Retail,Subway,,,4,10,11,Wednesday
324,Subway,,,Mall,Tokyo Midtown (東京ミッドタウン),Retail,2,0,0,Saturday
325,Train Station,Takaido Station (IN12) (高井戸駅),Rail Station,Convenience Store,7-Eleven (セブンイレブン 杉並高井戸駅前店),Convenience Store,2,12,13,Saturday
326,Miscellaneous Shop,Don Quijote (ドン・キホーテ 環八世田谷店),Discount Store,Gas Station / Garage,シンエネエクスプレス八幡山SS,Fuel Station,2,12,13,Tuesday
327,Ramen /  Noodle House,Tsukemenya Yasubee (つけ麺屋やすべえ),Ramen Restaurant,Café,Cafe Dining URSULA,Café,3,8,8,Friday
328,Indian Restaurant,Gyusuji Chiisana Kare-ya (牛すじカレー 小さなカレー家),Japanese Curry Restaurant,Building,ハローワーク新宿 歌舞伎町庁舎,Employment Agency,3,4,4,Tuesday
329,Park,Motofuchie Park (元渕江公園),Park,Park,Motofuchie Park (元渕江公園),Park,4,9,10,Sunday
330,Moving Target,深川不動尊人情深川ご利益通り,Road,Garden,Kiyosumi Gardens (清澄庭園),Park,4,5,6,Saturday
331,Subway,Oedo Line Tsukishima Station (E16) (都営大江戸線 月島駅),Metro Station,Mall,,,1,6,7,Friday
332,Ramen /  Noodle House,麺や 恵泉,Ramen Restaurant,Japanese Restaurant,Za Watami (坐・和民 上野駅前通店),Sake Bar,1,10,10,Monday
333,Other Great Outdoors,軽子坂,Road,Food & Drink Shop,SUNAMO フードコート,Food Court,4,1,2,Saturday
334,Subway,Toyocho Station (T14) (東陽町駅),Rail Station,Food & Drink Shop,SUNAMO フードコート,Food Court,3,1,2,Saturday
335,Racetrack,Kawasaki Racecourse (川崎競馬場),Government Department,Hardware Store,島忠ホームズ川崎大師店,Retail,2,7,8,Monday
336,Hardware Store,島忠ホームズ川崎大師店,Retail,Hardware Store,島忠ホームズ川崎大師店,Retail,4,5,6,Tuesday
337,College Academic Building,TIP.X TOKYO 池袋,Gym and Studio,Ramen /  Noodle House,Kimizuka (君塚),Soba Restaurant,1,6,8,Friday
338,Church,お茶の水クリスチャンセンター,Church,Coffee Shop,Starbucks (スターバックス),Coffee Shop,3,6,7,Sunday
339,Convenience Store,7-Eleven (セブンイレブン 渋谷円山町店),Convenience Store,Medical Center,セントラル病院分院,Hospital,4,2,3,Sunday
340,Train Station,Ichigaya Station (市ケ谷駅),Rail Station,Fast Food Restaurant,Yoshinoya (吉野家),Fast Food Restaurant,4,3,3,Wednesday
341,Office,GMO GlobalSign K.K. (GMOグローバルサイン株式会社),Office,Japanese Restaurant,淡路島の恵み ざるや 渋谷道玄坂店,Japanese Restaurant,3,1,2,Tuesday
342,Road,Iwamotocho Intersection (岩本町交差点),Travel and Transportation,Café,Cafe&Bar QueensCourt,Café,4,9,10,Friday
343,Electronics Store,Yodobashi-Akiba (ヨドバシカメラ マルチメディアAkiba),Electronics Store,Subway,Hibiya Line Ningyocho Station (H14) (日比谷線 人形町駅),Metro Station,3,10,11,Friday
344,Subway,,,Light Rail,Aomi Station (U10) (青海駅),Rail Station,2,7,8,Sunday
345,History Museum,Baseball Hall of Fame and Museum (野球殿堂博物館),History Museum,Mall,,,3,0,1,Sunday
346,Mall,,,Mall,,,3,2,4,Sunday
347,Government Building,代官屋敷,Historic and Protected Site,Food & Drink Shop,,,3,7,8,Sunday
348,Ramen /  Noodle House,,,Japanese Restaurant,Yayoi (やよい軒),Teishoku Restaurant,4,9,10,Saturday
349,Coffee Shop,Tully's Coffee,Coffee Shop,Asian Restaurant,マンタ食堂,Japanese Restaurant,4,12,12,Sunday
350,Train Station,Ebisu Station (恵比寿駅),Rail Station,Gastropub,Wine Stand Waltz,Wine Bar,3,13,14,Friday
351,Bookstore,K-BOOKS,Bookstore,Hobby Shop,Akihabara Gamers (AKIHABARAゲーマーズ),Hobby Store,4,6,6,Saturday
352,Bookstore,Melonbooks (メロンブックス 秋葉原1号店),Comic Book Store,Arcade,Tokyo Leisure Land (東京レジャーランド 秋葉原2号店),Arcade,1,10,11,Sunday
353,Train Station,Kawasaki Station (川崎駅),Rail Station,Mall,DiverCity Tokyo Plaza (ダイバーシティ東京 プラザ),Shopping Mall,1,6,8,Sunday
354,Train Station,Kawasaki Station (川崎駅),Rail Station,Light Rail,Daiba Station (U07) (台場駅),Rail Station,4,6,7,Sunday
355,Japanese Restaurant,武蔵野手打ちうどん 小町,Bar,Park,辰巳の森緑道公園,Park,4,3,5,Tuesday
356,Food & Drink Shop,Tokyu Store (東急ストア),Grocery Store,Home (private),,,3,14,15,Wednesday
357,Bus Station,亀高橋バス停,Bus Stop,Bus Station,亀高橋バス停,Bus Stop,2,7,8,Saturday
358,Bridge,Maruko Bridge (丸子橋),Public Transportation,Arcade,タイトーステーション 溝の口店,Arcade,4,2,4,Saturday
359,Beer Garden,,,Bar,Bullet's,Bar,1,5,7,Saturday
360,Cemetery,太宰治墓所,Cemetery,Military Base,JGSDF Camp Kodaira (陸上自衛隊 小平駐屯地),Military Base,3,4,5,Sunday
361,Convenience Store,Lawson (ローソン 北区東十条二丁目店),Convenience Store,Chinese Restaurant,大番軒,Chinese Restaurant,4,3,5,Saturday
362,Library,Higashi-jūjō Library (東十条図書館),Library,Library,Higashi-jūjō Library (東十条図書館),Library,1,4,4,Friday
363,Mall,Arcakit Kinshicho (アルカキット錦糸町),Shopping Mall,Train Station,Kinshichō Station (錦糸町駅),Rail Station,1,8,9,Sunday
364,Subway,Kudanshita Station (九段下駅),Rail Station,Historic Site,Shimizumon Gate (清水門),Historic and Protected Site,2,2,2,Sunday
365,Medical Center,南台どうぶつ病院,Veterinarian,Subway,Nakano-fujimicho Station (Mb04) (中野富士見町駅),Metro Station,3,1,3,Saturday
366,Subway,,,Clothing Store,ABC MART新宿本店,Shoe Store,3,5,6,Saturday
367,Ramen /  Noodle House,Kineya (杵屋),Udon Restaurant,Mall,GranSta Tokyo (グランスタ東京),Shopping Mall,2,10,11,Thursday
368,Japanese Restaurant,北陸富山回転寿司かいおう保木間店,Sushi Restaurant,Office,エクセルシオールカフェ秋葉原ダイビル店,Café,2,8,10,Thursday
369,Subway,Nishi-takashimadaira Station (I27) (西高島平駅),Metro Station,Sushi Restaurant,Uzushio (うず潮),Sushi Restaurant,3,4,5,Wednesday
370,Department Store,Seibu (西武池袋本店),Department Store,Japanese Restaurant,フクラ家立教通り店,Teishoku Restaurant,3,10,12,Thursday
371,Hobby Shop,ソフマップ AKIBA2号店 パソコン総合館,Electronics Store,Train Station,Ochanomizu Station (御茶ノ水駅),Rail Station,4,10,11,Thursday
372,River,秋ヶ瀬取水堰,River,Train Station,Nishi-Urawa Station (西浦和駅),Rail Station,4,7,9,Sunday
373,Building,タリーズコーヒー浜離宮パークサイドプレイス店,Café,Diner,Shokudounansei 食堂南西,Teishoku Restaurant,2,5,6,Thursday
374,Mall,Shibuya Hikarie (渋谷ヒカリエ),Business Center,University,17号館,College Academic Building,4,2,2,Tuesday
375,Athletic & Sport,Shibuya Ping Pong Club (渋谷卓球倶楽部),Sports and Recreation,Music Venue,Shibuya CLUB QUATTRO (渋谷CLUB QUATTRO),Rock Club,1,7,9,Monday
376,Building,大豊建設,Construction,Office,高松建設,Business and Professional Services,4,0,1,Friday
377,Playground,本芝公園,Playground,Bridge,Tsukuda-Ohashi Bridge (佃大橋),Landmarks and Outdoors,4,5,7,Friday
378,Burger Joint,Burger King (バーガーキング),Burger Joint,Fast Food Restaurant,McDonald's (マクドナルド),Fast Food Restaurant,1,10,12,Thursday
379,Toy / Game Store,ボークス秋葉原ホビー天国,Toy Store,Subway,Korakuen Station (後楽園駅),Rail Station,2,8,10,Sunday
380,Hotel,Shinagawa Prince Hotel (品川プリンスホテル),Hotel,University,Waseda Univ. Toyama Campus (早稲田大学 戸山キャンパス),University,1,2,4,Friday
381,School,Toshima Driving School (豊島自動車練習所),Driving School,Light Rail,,,4,5,7,Thursday
382,Bar,Ant 'n Bee (アントンビー),Beer Bar,Bus Station,南青山三丁目交差点バス停,Bus Stop,2,9,10,Saturday
383,Japanese Restaurant,Butagumi Shabuan (豚組 しゃぶ庵),Shabu-Shabu Restaurant,Food & Drink Shop,アブアブ赤札堂堀切菖蒲園店,Grocery Store,4,9,11,Saturday
384,Museum,Meiji Memorial Picture Gallery (聖徳記念絵画館),Art Museum,Electronics Store,Bic Camera (ビックカメラ 渋谷東口店),Home Appliance Store,1,8,10,Sunday
385,Train Station,Togoshi-ginza Station (IK03) (戸越銀座駅),Rail Station,Road,Iwamotocho Intersection (岩本町交差点),Travel and Transportation,1,7,8,Friday
386,Café,Cure Maid Café,Café,Indian Restaurant,インド料理シャリマール秋葉原店,Indian Restaurant,4,2,3,Tuesday
387,Subway,,,Train Station,,,3,9,11,Saturday
388,Event Space,Spiral (スパイラル),Event Space,Japanese Restaurant,ちゃんこ玉海力,Japanese Restaurant,3,9,10,Sunday
389,Electronics Store,Apple Ginza (Apple 銀座),Landmarks and Outdoors,Temple,伝通院,Temple,1,5,7,Saturday
390,Subway,Tsukijishijo Station (E18) (築地市場駅),Metro Station,Concert Hall,TOKYO FM Hall (TOKYO・FM),Concert Hall,1,8,8,Tuesday
391,Subway,,,Restaurant,Tongarashi (料理屋 とんがらし),Japanese Restaurant,3,8,9,Tuesday
392,Train Station,Keio Shimo-takaido Station (KO07) (京王 下高井戸駅),Rail Station,Restaurant,Bikkuri Donkey (びっくりドンキー),Japanese Family Restaurant,3,5,5,Sunday
393,Bar,Uosen Suisan (三代目網元 魚鮮水産),Sake Bar,Electronics Store,Yodobashi Camera (ヨドバシカメラ 新宿西口本店),Computers and Electronics Retail,4,6,7,Wednesday
394,Playground,Kodomo no Hiroba Park (こどものひろば公園),Baseball Field,Italian Restaurant,comodo kitchen,Italian Restaurant,4,10,12,Sunday
395,Playground,Kodomo no Hiroba Park (こどものひろば公園),Baseball Field,Restaurant,JOINキッチン,Restaurant,3,10,12,Sunday
396,Bookstore,Books Kinokuniya (紀伊國屋書店),Bookstore,Convenience Store,7-Eleven (セブンイレブン),Convenience Store,4,6,8,Saturday
397,Medical Center,Megane Ichiba (眼鏡市場),Eyecare Store,Mall,Lumine Est (ルミネエスト新宿),Shopping Mall,4,8,8,Sunday
398,Shrine,Okunitama Shrine (大國魂神社),Shrine,Department Store,Isetan (伊勢丹 府中店),Department Store,2,6,8,Wednesday
399,Train Station,Chōfu Station (KO18) (調布駅),Rail Station,Spa / Massage,Yukemuri no Sato (仙川 湯けむりの里),Bathing Area,4,11,12,Friday
400,Bookstore,Maruzen (丸善),Bookstore,Internet Cafe,自遊空間武蔵中原店,Internet Cafe,1,9,10,Friday
401,Train Station,Kawasaki Station (川崎駅),Rail Station,Mall,Kawasaki Azalea (川崎アゼリア),Shopping Mall,4,10,10,Thursday
402,Hobby Shop,Comic Toranoana B (コミックとらのあな 池袋店),Comic Book Store,Subway,Toyosu Station (豊洲駅),Metro Station,4,7,7,Saturday
403,Electronics Store,QC PASS,Electronics Store,Office,Akihabara UDX (秋葉原UDX),Business Center,3,6,7,Saturday
404,Japanese Restaurant,Sutadonya (伝説のすた丼屋),Donburi Restaurant,Bookstore,Comic Toranoana A (コミックとらのあな 秋葉原店A),Comic Book Store,1,11,12,Saturday
405,Indian Restaurant,Bengal (カレー専門店 ベンガル),Japanese Curry Restaurant,Miscellaneous Shop,ハロー!プロジェクト オフィシャルショップ 上野店,Miscellaneous Store,4,3,4,Wednesday
406,Electronics Store,BICQLO (ビックロ),Electronics Store,Department Store,Marui Men (新宿マルイメン),Department Store,4,7,8,Sunday
407,Movie Theater,Human Trust Cinema Shibuya (ヒューマントラストシネマ渋谷),Movie Theater,Furniture / Home Store,arenot 渋谷本店,Furniture and Home Store,2,9,10,Tuesday
408,Subway,Onarimon Station (I06) (御成門駅),Rail Station,Convenience Store,7-Eleven (セブンイレブン 魚籃坂店),Convenience Store,4,10,11,Friday
409,Government Building,Tokyo Tower (東京タワー),Structure,Art Gallery,oriental collection,Art Gallery,4,9,9,Thursday
410,Subway,Higashi-koenji Station (M04) (東高円寺駅),Metro Station,Ramen /  Noodle House,Barikote (博多ラーメン ばりこて),Ramen Restaurant,2,2,2,Saturday
411,Music Venue,LIQUIDROOM,Night Club,Train Station,Ebisu Station (恵比寿駅),Rail Station,3,5,5,Sunday
412,Arcade,Tokyo Leisure Land (東京レジャーランド 秋葉原店),Arcade,Restaurant,Royal Host (ロイヤルホスト),Japanese Family Restaurant,4,3,5,Sunday
413,Arcade,Silk Hat (シルクハット),Arcade,Arcade,シルクハット 川崎モアーズ,Arcade,2,7,8,Sunday
414,Chinese Restaurant,千里香,Chinese Restaurant,Arcade,Bar&Junk MIKAKU,Whisky Bar,1,18,19,Thursday
415,Bus Station,Kichijoji Sta. (South Exit) Bus Stop (吉祥寺駅(南口)バス停),Bus Stop,Department Store,阿佐ヶ谷一番街,Shopping Mall,3,11,13,Thursday
416,Fast Food Restaurant,MOS Burger (モスバーガー),Burger Joint,Mall,Frespo (フレスポ八潮),Shopping Mall,1,7,8,Sunday
417,Subway,Ningyocho Station (人形町駅),Metro Station,Subway,Chiyoda Line Kita-senju Station (C18) (千代田線 北千住駅),Metro Station,1,0,1,Sunday
418,Gym / Fitness Center,ゴールドジム北千住東京,Gym and Studio,Food & Drink Shop,オーケー足立小台店,Grocery Store,2,6,7,Saturday
419,Electronics Store,Yodobashi-Akiba (ヨドバシカメラ マルチメディアAkiba),Electronics Store,Department Store,Marui (北千住マルイ),Department Store,4,10,10,Monday
420,Train Station,Shimomaruko Station (下丸子駅),Rail Station,Train Station,Shimomaruko Station (下丸子駅),Rail Station,2,11,12,Wednesday
421,Subway,Asakusa Line Kuramae Station (A17) (都営浅草線 蔵前駅),Metro Station,Park,Kitanomaru Park (北の丸公園),Park,2,23,0,Wednesday
422,Road,東京オリンピック 50km競歩折り返し点,Historic and Protected Site,Shrine,Okunitama Shrine (大國魂神社),Shrine,2,20,22,Monday
423,Mall,,,Mall,,,2,5,5,Wednesday
424,Coffee Shop,Starbucks,Coffee Shop,Clothing Store,LuncH 東急東横店,Lingerie Store,3,8,9,Wednesday
425,Chinese Restaurant,中華家宴,Chinese Restaurant,Indian Restaurant,バルチックカレー久松町店,Indian Restaurant,4,4,5,Monday
426,Electronics Store,Bic Camera (ビックカメラ),Home Appliance Store,Movie Theater,109 Cinemas (109シネマズ川崎),Movie Theater,1,1,3,Sunday
427,Gym / Fitness Center,セントラルフィットネスクラブ溝ノ口店,Gym and Studio,Food & Drink Shop,OK store (オーケー 溝ノ口店),Grocery Store,1,6,7,Saturday
428,Japanese Restaurant,小諸そば 田町店,Soba Restaurant,Road,,,4,18,19,Friday
429,Japanese Restaurant,小諸そば 田町店,Soba Restaurant,Train Station,Numabe Station (沼部駅),Rail Station,1,18,19,Friday
430,Home (private),,,Fast Food Restaurant,マクドナルド,Burger Joint,4,19,20,Saturday
431,Drugstore / Pharmacy,アイシティ 仙川店,Eyecare Store,Fast Food Restaurant,マクドナルド,Fast Food Restaurant,1,7,7,Wednesday
432,Light Rail,Daiba Station (U07) (台場駅),Rail Station,Ramen /  Noodle House,Ichiran (一蘭),Ramen Restaurant,2,12,13,Friday
433,Hobby Shop,GANKING 秋葉原店,Hobby Store,Sushi Restaurant,Uzushio (うず潮),Sushi Restaurant,1,10,11,Thursday
434,Ramen /  Noodle House,Ramen Dai (らーめん大),Ramen Restaurant,Video Store,TSUTAYA (TSUTAYA 光が丘店),Video Store,4,11,12,Thursday
435,Train Station,Nerima Station (練馬駅),Convenience Store,Ramen /  Noodle House,麺厨房龍輝,Ramen Restaurant,4,11,12,Sunday
436,Gym / Fitness Center,The Kodokan Judo Institute (講道館),Martial Arts Dojo,Subway,Oedo Line Kasuga Station (E07) (都営大江戸線 春日駅),Metro Station,4,8,9,Thursday
437,Fast Food Restaurant,McDonald's (マクドナルド),Burger Joint,Train Station,Shinanomachi Station (信濃町駅),Candy Store,4,0,1,Thursday
438,Train Station,Meguro Station (目黒駅),Rail Station,Music Venue,Meguro Rockmaykan (目黒鹿鳴館),Rock Club,4,7,9,Saturday
439,Shrine,芝大神宮社務所,Shrine,Road,増上寺前,Travel and Transportation,3,8,8,Monday
440,Electronics Store,K's Denki (ケーズデンキ 足立店),Home Appliance Store,Road,Sukiyabashi Intersection (数寄屋橋交差点),Travel and Transportation,3,7,9,Monday
441,Train Station,JR Hatchōbori Station (JR 八丁堀駅),Rail Station,Road,Sukiyabashi Intersection (数寄屋橋交差点),Travel and Transportation,1,21,21,Tuesday
442,Mall,Lazona Kawasaki Plaza (ラゾーナ川崎プラザ),Shopping Mall,Mall,Lazona Kawasaki Plaza (ラゾーナ川崎プラザ),Shopping Mall,4,2,2,Wednesday
443,Mall,Lazona Kawasaki Plaza (ラゾーナ川崎プラザ),Shopping Mall,Park,Mitsuike Park (三ツ池公園),Tennis Court,1,2,3,Saturday
444,Mall,DiverCity Tokyo Plaza (ダイバーシティ東京 プラザ),Shopping Mall,Mall,DiverCity Tokyo Plaza (ダイバーシティ東京 プラザ),Shopping Mall,4,4,5,Sunday
445,Diner,S.S. Columbia Dining Room (S.S.コロンビア・ダイニングルーム),American Restaurant,Mexican Restaurant,Miguel's El Dorado Cantina (ミゲルズ・エルドラド・キャンティーナ),Café,4,3,4,Sunday
446,Train Station,Musashi-Nakahara Station (武蔵中原駅),Rail Station,Arcade,Silk Hat (シルクハット),Arcade,3,10,12,Tuesday
447,Bakery,,,Scenic Lookout,今井桜,Landmarks and Outdoors,3,5,5,Sunday
448,Mall,LaLa garden (ララガーデン川口),Shopping Mall,Video Store,TSUTAYA明文堂西川口店,Video Store,2,4,6,Friday
449,Electronics Store,Yodobashi-Akiba (ヨドバシカメラ マルチメディアAkiba),Electronics Store,Bar,,,3,4,5,Sunday
450,Bar,Tachinomi Kadokura (立飲み カドクラ),Sake Bar,Snack Place,Taiyaki Kanda Daruma (たいやき神田達磨),"Cafe, Coffee, and Tea House",2,7,9,Sunday
451,Clothing Store,American Apparel (アメリカンアパレル 渋谷メンズ),Clothing Store,Electronics Store,BICQLO (ビックロ),Electronics Store,2,9,10,Saturday
452,Movie Theater,Cine Libre (シネ・リーブル池袋),Movie Theater,Event Space,豊島区役所勤労福祉会館,Community and Government,2,2,3,Sunday
453,Movie Theater,Cine Libre (シネ・リーブル池袋),Movie Theater,Event Space,豊島区役所勤労福祉会館,Community and Government,2,2,3,Sunday
454,Electronics Store,Yodobashi-Akiba (ヨドバシカメラ マルチメディアAkiba),Electronics Store,Bookstore,Books Sanseido (三省堂書店),Bookstore,2,5,6,Saturday
455,Train Station,,,Japanese Restaurant,鉄板焼 すみだ,Bar,1,9,10,Friday
456,Train Station,Jimbocho Station (神保町駅),Rail Station,Bus Station,Nishi-Sugamo Bus Stop (西巣鴨バス停),Bus Stop,3,8,9,Sunday
457,Clothing Store,Sakazen (サカゼン),Clothing Store,Subway,Namboku Line Oji Station (N16) (南北線 王子駅),Metro Station,2,8,9,Thursday
458,Other Great Outdoors,葛飾橋松戸側土手,Other Great Outdoors,Building,Shiodome Sumitomo Building (汐留住友ビル),Business Center,4,3,4,Friday
459,Other Great Outdoors,葛飾橋松戸側土手,Other Great Outdoors,Convenience Store,Famima!! (ファミマ!!),Convenience Store,3,23,0,Monday
460,Subway,Suehirocho Station (G14) (末広町駅),Metro Station,Electronics Store,Sofmap Akiba 1st Store (ソフマップAKIBA 1号店 サブカル・モバイル館),Retail,3,2,3,Sunday
461,Electronics Store,Sengoku Densyo (千石電商 秋葉原本店),Electrical Equipment Supplier,Art Gallery,3331 Arts Chiyoda,Arts and Entertainment,2,9,10,Friday
462,Subway,Hanzomon Line Otemachi Station (Z08) (半蔵門線 大手町駅),Metro Station,Thai Restaurant,Taihei (タイ国料理 泰平),Thai Restaurant,1,5,5,Tuesday
463,Government Building,Ikefukuro (いけふくろう),Monument,Train Station,East Exit (池袋駅 東口),Hospital,2,1,2,Tuesday
464,Road,たつみ橋交差点,Travel and Transportation,Food & Drink Shop,Maruetsu (マルエツ 葛西クリーンタウン店),Grocery Store,1,5,7,Friday
465,Bridge,Izumi Bridge (和泉橋),Landmarks and Outdoors,Electronics Store,Janpara (じゃんぱら 秋葉原 4号店),Electronics Store,4,23,1,Monday
466,Subway,Ginza Station (銀座駅),Rail Station,Subway,Omote-sando Station (表参道駅),Rail Station,3,4,6,Sunday
467,Subway,Korakuen Station (後楽園駅),Rail Station,Spa / Massage,Spa LaQua (スパ ラクーア),Spa,4,5,6,Monday
468,Bakery,ブラッスリー・VIRON,Bakery,Café,Café de Copain (人間関係),Bar,1,7,8,Saturday
469,Design Studio,Asakusa Natsuno (浅草なつの),Sake Bar,Bar,Tachinomi Kadokura (立飲み カドクラ),Sake Bar,1,5,5,Saturday
470,Concert Hall,TOKYO FM Hall (TOKYO・FM),Concert Hall,Ramen /  Noodle House,Soranoiro (ソラノイロ),Ramen Restaurant,4,10,12,Monday
471,Building,Sunshine City (サンシャインシティ),Shopping Mall,Plaza,Sunshine City Fountain Plaza (サンシャインシティ噴水広場),Plaza,1,0,0,Saturday
472,Plaza,Hachiko Square (ハチ公前広場),Plaza,Café,Bunbougu Cafe (文房具カフェ),Café,4,9,10,Saturday
473,University,Keio University Hiyoshi Campus (慶應義塾大学 日吉キャンパス),College and University,Train Station,Hiyoshi Station (日吉駅),Rail Station,3,3,4,Saturday
474,Train Station,Kawasaki Station (川崎駅),Rail Station,Concert Hall,Muza Kawasaki (ミューザ川崎),Business Center,4,6,7,Thursday
475,Bus Station,川崎駅西口 バスターミナル,Bus Station,Home (private),,,3,11,11,Tuesday
476,Mall,Church Plaza (教会広場),Plaza,Train Station,Tokyo Teleport Station (R04) (東京テレポート駅),Rail Station,4,8,9,Monday
477,Hobby Shop,animate (アニメイト),Retail,Ramen /  Noodle House,Menya Musashi Iwatora (麺屋武蔵 巖虎),Ramen Restaurant,1,1,2,Sunday
478,Food & Drink Shop,Tsukiji Outer Market (築地場外市場),Japanese Restaurant,Train Station,Shimbashi Station (新橋駅),Rail Station,4,1,3,Friday
479,Subway,Suehirocho Station (G14) (末広町駅),Metro Station,Arcade,Eternal Amusement Tower (エターナルアミューズメントタワー),Arcade,1,9,10,Monday
480,Airport,Terminal 1 (第1ターミナル),Airport Terminal,Train Station,Keikyū Kamata Station (KK11) (京急蒲田駅),Rail Station,4,9,10,Wednesday
481,Food & Drink Shop,酒&業務スーパー スターリカーズ 川崎店,Supermarket,Arcade,シルクハット 川崎モアーズ,Arcade,4,6,7,Sunday
482,Athletic & Sport,Shinjuku Batting Center (新宿バッティングセンター),Batting Cages,Train Station,Seibu-Shinjuku Station (SS01) (西武新宿駅),Rail Station,2,9,11,Monday
483,Subway,Hanzomon Line Kudanshita Station (Z06) (半蔵門線 九段下駅),Metro Station,Hobby Shop,Hands (ハンズ),Furniture and Home Store,1,3,3,Wednesday
484,College Academic Building,西9号館,College Technology Building,College Academic Building,西10号館 ,College Academic Building,2,11,12,Sunday
485,Arcade,アドアーズ調布南口店,Arcade,General Entertainment,,,1,4,5,Sunday
486,Japanese Restaurant,Dashi-chazuke En (だし茶漬け えん),Japanese Restaurant,Beer Garden,FROZEN GARDEN (一番搾りフローズンガーデン),Beer Garden,2,8,9,Saturday
487,Ramen /  Noodle House,Ramen Dai (らーめん大),Ramen Restaurant,Shrine,Karasumori Shrine (烏森神社),Shrine,3,4,5,Saturday
488,Shop & Service,Maruetsu (マルエツ 市ヶ谷見附店),Grocery Store,Hobby Shop,animate (アニメイト),Hobby Store,4,2,3,Tuesday
489,Record Shop,ディスクユニオン 新宿中古買取センター,Retail,Office,ギークハウス水道橋,Residential Building,1,7,9,Monday
490,Bridge,京王相模原線多摩川橋梁,Bridge,Bridge,京王相模原線多摩川橋梁,Bridge,1,6,6,Tuesday
491,Electronics Store,Yodobashi-Akiba (ヨドバシカメラ マルチメディアAkiba),Electronics Store,Arcade,Tokyo Leisure Land (東京レジャーランド 秋葉原2号店),Arcade,4,5,6,Wednesday
492,Chinese Restaurant,Choraku (兆楽),Chinese Restaurant,Japanese Restaurant,Hanaya Yohei (華屋与兵衛 つつじヶ丘店),Japanese Restaurant,1,12,13,Tuesday
493,Bike Shop,WING PAW sengawa,Bicycle Store,Miscellaneous Shop,無印良品 クイーンズ伊勢丹仙川,Miscellaneous Store,1,2,3,Sunday
494,Government Building,中央合同庁舎第4号館,Government Building,Bar,Nakameguro Taproom (中目黒タップルーム),Beer Bar,2,9,10,Saturday
495,University,Nihon University College of Economics (日本大学経済学部),College and University,Bridge,Suidobashi Bridge (水道橋),Bridge,1,1,3,Thursday
496,Bank,SMBC (三井住友銀行 上野支店),Bank,Restaurant,Sutadonya (伝説のすた丼屋),Donburi Restaurant,3,3,4,Tuesday
497,Electronics Store,Yodobashi-Akiba (ヨドバシカメラ マルチメディアAkiba),Electronics Store,Indian Restaurant,CoCo Ichibanya (CoCo壱番屋),Restaurant,3,9,9,Wednesday
498,Park,Kiba Park (木場公園),Park,Subway,Tozai Line Nihombashi Station (T10) (東西線 日本橋駅),Metro Station,4,2,3,Monday
499,Ramen /  Noodle House,Hakata Ramen Yoshimaru (博多らーめん 由丸),Ramen Restaurant,Event Space,建築会館,Arts and Entertainment,1,5,5,Tuesday
500,Subway,Nakagawa Station (B31) (中川駅),Public Transportation,Subway,Nakagawa Station (B31) (中川駅),Public Transportation,4,10,10,Friday
501,Subway,Nakagawa Station (B31) (中川駅),Public Transportation,Subway,Nakagawa Station (B31) (中川駅),Public Transportation,3,6,7,Wednesday
502,Park,Yoyogi Park (代々木公園),Park,College Academic Building,ティップネス 渋谷店 TIP.X TOKYO SHIBUYA,Gym and Studio,1,9,10,Sunday
503,Bookstore,Book 246,Bookstore,Airport,Terminal 2 (第2ターミナル),Airport Terminal,1,7,9,Sunday
504,Japanese Restaurant,Negishi (ねぎし),Japanese Restaurant,Movie Theater,TOHO Cinemas (TOHOシネマズシャンテ),Movie Theater,4,4,5,Sunday
505,Playground,柳町児童公園,Playground,Movie Theater,109 Cinemas (109シネマズ川崎),Movie Theater,3,2,3,Saturday
506,Post Office,Nakameguro Ekimae Post Office (中目黒駅前郵便局),Post Office,Clothing Store,HOLLYWOOD RANCH MARKET,Retail,1,7,9,Friday
507,Electronics Store,Yodobashi-Kichijoji (ヨドバシカメラ マルチメディア吉祥寺),Home Appliance Store,Train Station,Kichijōji Station (吉祥寺駅),Rail Station,4,7,9,Wednesday
508,Mall,Lazona Kawasaki Plaza (ラゾーナ川崎プラザ),Shopping Mall,Arcade,Silk Hat (シルクハット),Arcade,3,6,7,Saturday
509,Electronics Store,Yodobashi Camera (ヨドバシカメラ マルチメディア川崎ルフロン),Home Appliance Store,Bar,PEPPER LAND (ペパーランド),Bar,4,7,9,Saturday
510,Plaza,SL Plaza (SL広場),Plaza,Office,東京電力ホールディングス株式会社,Office,2,10,10,Wednesday
511,Park,南河原公園,Park,Electronics Store,QC PASS,Electronics Store,1,5,6,Saturday
512,Subway,Uchisaiwaicho Station (I07) (内幸町駅),Metro Station,Sculpture Garden,東京大学発祥の地碑,Monument,2,8,9,Monday
513,Airport,Terminal 3 (第3ターミナル),Airport Terminal,Café,AKB48 CAFE & SHOP AKIHABARA,Café,3,9,10,Saturday
514,Park,辰巳の森緑道公園,Park,Spa / Massage,Oedo Onsen Monogatari (大江戸温泉物語),Hot Spring,2,7,8,Monday
515,Italian Restaurant,Spaghetti Pancho (スパゲッティーのパンチョ),Italian Restaurant,Automotive Shop,モトコミュニティ・リリカ  東京ブランチ,Automotive Repair Shop,2,6,8,Friday
516,Department Store,Matsuya Ginza (松屋銀座),Department Store,Japanese Restaurant,もんじゃ麦月島本店,Monjayaki Restaurant,3,7,8,Saturday
517,Government Building,RG 1/1 RX-78-2 Gundam Ver. GFT (RG1/1 RX-78-2 ガンダム Ver.GFT),Monument,Department Store,AEON (イオン 東雲店),Pet Grooming Service,4,7,8,Saturday
518,Subway,Tameike-sanno Station (溜池山王駅),Rail Station,Subway,Akasaka Station (C06) (赤坂駅),Rail Station,2,4,5,Saturday
519,Food & Drink Shop,Summit Store (サミットストア 鳩ヶ谷駅前店),Grocery Store,Chinese Restaurant,上海菜館西前川店,Chinese Restaurant,4,9,10,Saturday
520,Office,Tokyo Opera City Tower (東京オペラシティタワー),Business Center,Café,グリーンズカフェ,Café,2,23,0,Tuesday
521,Office,Tokyo Opera City Tower (東京オペラシティタワー),Business Center,Café,グリーンズカフェ,Café,4,23,0,Monday
522,General College & University,代々木ゼミナール本部校,Tutoring Service,Chinese Restaurant,一味玲玲品川店,Chinese Restaurant,3,5,7,Thursday
523,Miscellaneous Shop,Hands (ハンズ),Grocery Store,Department Store,MATSUZAKAYA GINZA (松坂屋 銀座店),Department Store,2,6,7,Tuesday
524,Government Building,Fuchu Driver's License Center (府中運転免許試験場),Japanese Restaurant,Train Station,Kita-Fuchu Station (北府中駅),Rail Station,3,3,4,Sunday
525,Food & Drink Shop,OK store (オーケー 日吉店),Grocery Store,Toy / Game Store,ゲームショップ紙風船,Retail,2,8,9,Sunday
526,Train Station,Higashi-Koganei Station (東小金井駅),Rail Station,Train Station,Higashi-Koganei Station (東小金井駅),Rail Station,3,6,7,Sunday
527,Department Store,Parco (調布PARCO),Shopping Mall,Department Store,Parco (調布PARCO),Shopping Mall,3,6,7,Monday
528,Building,バーク芝浦,Office Building,Bridge,Rainbow Bridge Loop (レインボーブリッジ ループ橋),Bridge,2,10,10,Monday
529,Bridge,清砂大橋,Bridge,Other Great Outdoors,隅田水門,Canal Lock,2,21,22,Saturday
530,Athletic & Sport,等々力第2サッカー場,Soccer Field,Bike Shop,Cycle Cube,Bicycle Store,2,8,8,Saturday
531,Stadium,Uvance Todoroki Studium by Fujitsu (Uvanceとどろきスタジアム by Fujitsu),Stadium,Bike Shop,Cycle Cube,Bicycle Store,1,8,8,Saturday
532,Electronics Store,BICQLO (ビックロ),Electronics Store,Mall,Lumine Est (ルミネエスト新宿),Shopping Mall,4,6,8,Saturday
533,Camera Store,Fujiya Camera (フジヤカメラ 本店),Photography Service,Department Store,Marui Men (新宿マルイメン),Department Store,1,6,7,Saturday
534,Café,GALAXY CAFE,Café,Salon / Barbershop,Les Saisons (Les Saisons六本木ヒルズ店),Hair Salon,1,5,6,Friday
535,Subway,Namboku Line Oji Station (N16) (南北線 王子駅),Metro Station,Subway,Minami-Hatogaya Station (南鳩ヶ谷駅),Rail Station,3,14,15,Tuesday
536,Subway,Tozai Line Nihombashi Station (T10) (東西線 日本橋駅),Metro Station,Fast Food Restaurant,McDonald's (マクドナルド),Fast Food Restaurant,2,23,23,Wednesday
537,Convenience Store,NEWDAYS 秋葉原,Convenience Store,Arcade,Tokyo Leisure Land (東京レジャーランド 秋葉原2号店),Arcade,4,2,3,Saturday
538,Train Station,Haneda Airport Terminal 2 Station (MO11) (羽田空港第2ターミナル駅),Rail Station,Airport,Terminal 2 (第2ターミナル),Airport Terminal,3,23,0,Thursday
539,Park,Kasai Rinkai Park (葛西臨海公園),Park,Train Station,Haneda Airport Terminal 2 Station (MO11) (羽田空港第2ターミナル駅),Rail Station,1,11,11,Saturday
540,Electronics Store,Yodobashi-Akiba (ヨドバシカメラ マルチメディアAkiba),Electronics Store,Clothing Store,ZENMALL International Gallery (ゼンモール),Clothing Store,2,5,6,Wednesday
541,Electronics Store,Yodobashi-Akiba (ヨドバシカメラ マルチメディアAkiba),Electronics Store,Convenience Store,FamilyMart (ファミリーマート 板橋舟渡三丁目店),Convenience Store,3,9,10,Saturday
542,Chinese Restaurant,麻辣串焼豊海屋,Taiwanese Restaurant,Home (private),,,2,12,13,Wednesday
543,Indian Restaurant,ネパール・インド料理 スバ,Indian Restaurant,Home (private),,,3,3,4,Wednesday
544,Bank,Mizuho Bank (みずほ銀行 銀座支店/銀座中央支店),Bank,Internet Cafe,インターネットまんが喫茶コムコム 笑屋銀座一丁目店,Internet Cafe,2,3,4,Sunday
545,Art Museum,Museum of Contemporary Art Tokyo (MOT) (東京都現代美術館),Museum,Art Museum,Museum of Contemporary Art Tokyo (MOT) (東京都現代美術館),Museum,1,5,6,Saturday
546,Convention Center,東京文具共和会館,Convention Center,Art Gallery,TRANS ARTS TOKYO,Art Gallery,4,3,4,Sunday
547,Bridge,Chiyoda Bridge (千代田橋),Landmarks and Outdoors,Temple,,,1,9,10,Wednesday
548,Mall,Cross Garden Kawasaki (クロスガーデン川崎),Shopping Mall,Spa / Massage,Yukemuri no Sho (宮前平源泉 湯けむりの庄),Hot Spring,4,11,11,Thursday
549,Spa / Massage,Yukemuri no Sato (仙川 湯けむりの里),Bathing Area,Train Station,Chōfu Station (KO18) (調布駅),Rail Station,2,11,12,Thursday
550,Restaurant,Gusto (ガスト),Japanese Family Restaurant,Restaurant,Gusto (ガスト),Japanese Family Restaurant,3,2,4,Saturday
551,Subway,Iwamotocho Station (S08) (岩本町駅),Rail Station,Miscellaneous Shop,FamilyMart (ファミリーマート 東神田二丁目店),Convenience Store,1,6,7,Saturday
552,Movie Theater,Shinjuku Wald 9 (新宿バルト9),Movie Theater,Electronics Store,Bic Camera (ビックカメラ),Electronics Store,4,10,11,Sunday
553,Train Station,Musashi-Koganei Station (武蔵小金井駅),Rail Station,Ramen /  Noodle House,麺鶴亀屋,Ramen Restaurant,1,14,15,Friday
554,Dumpling Restaurant,Shokujin Gyozao (食神 餃子王),Chinese Restaurant,College Academic Building,西2号館,College Academic Building,4,12,13,Friday
555,Temple,Hozomon Gate (宝蔵門),Monument,Government Building,Tokyo Skytree (東京スカイツリー),Monument,1,3,4,Sunday
556,Hardware Store,Dynamic Audio 5555 (ダイナミックオーディオ5555),Retail,Electronics Store,ark (パソコンショップアーク),Computers and Electronics Retail,4,4,4,Sunday
557,Train Station,Keio Shimo-takaido Station (KO07) (京王 下高井戸駅),Rail Station,College Academic Building,A棟,College Academic Building,4,23,23,Tuesday
558,Bus Station,Roppongi Sta. Bus Stop (六本木駅前バス停),Bus Stop,Italian Restaurant,Saizeriya (サイゼリヤ),Italian Restaurant,2,8,9,Saturday
559,Mall,Marronnier Gate Ginza 1 (マロニエゲート銀座1),Shopping Mall,Bar,AGI (和酒バール AGI 五反田),Bar,4,8,9,Sunday
560,French Restaurant,七條,Yoshoku Restaurant,Mobile Phone Shop,,,2,4,5,Friday
561,Food & Drink Shop,Summit Store (サミットストア 渋谷本町店),Grocery Store,Bowling Alley,Round1 (ラウンドワン 府中本町駅前店),Bowling Alley,4,8,9,Thursday
562,Subway,Yurakucho Line Yurakucho Station (Y18) (有楽町線 有楽町駅),Metro Station,Train Station,Hibarigaoka Station (SI13) (ひばりヶ丘駅),Rail Station,3,11,12,Saturday
563,Japanese Restaurant,,,Video Store,SHIBUYA TSUTAYA,Retail,3,10,10,Saturday
564,Arcade,Taito Station (タイトーステーション 新宿南口ゲームワールド店),Arcade,Arcade,Taito Station (タイトーステーション 新宿南口ゲームワールド店),Arcade,3,11,11,Monday
565,Arcade,Taito Station (タイトーステーション 新宿南口ゲームワールド店),Arcade,Arcade,Taito Station (タイトーステーション 新宿南口ゲームワールド店),Arcade,4,12,12,Friday
566,Subway,Kayabacho Station (茅場町駅),Rail Station,Train Station,,,2,9,9,Friday
567,Salon / Barbershop,active,Health and Beauty Service,Electronics Store,Yodobashi Camera (ヨドバシカメラ マルチメディア錦糸町),Home Appliance Store,2,7,8,Sunday
568,Bookstore,Comic Toranoana A (コミックとらのあな新宿店),Bookstore,Train Station,京王西口,Rail Station,4,7,8,Wednesday
569,Ramen /  Noodle House,Hakata Tenjin (博多天神),Ramen Restaurant,Subway,Nishi-shinjuku Station (M07) (西新宿駅),Rail Station,3,2,2,Monday
570,Bookstore,COMIC ZIN,Comic Book Store,Home (private),,,3,9,11,Monday
571,Home (private),,,Trade School,Nihon Kogakuin College (日本工学院専門学校),Trade School,2,22,23,Wednesday
572,Shrine,Yoyogi Hachimangu Shrine (代々木八幡宮),Shrine,Shrine,Yoyogi Hachimangu Shrine (代々木八幡宮),Shrine,3,6,6,Sunday
573,Electronics Store,Yamada Denki (ヤマダ電機 LABI新宿東口館),Electronics Store,Electronics Store,Yodobashi-Akiba (ヨドバシカメラ マルチメディアAkiba),Electronics Store,1,3,4,Saturday
574,Event Space,Ota City Industrial Plaza PiO (大田区産業プラザPiO),Convention Center,Train Station,JR Kamata Station (JR 蒲田駅),Rail Station,2,2,3,Saturday
575,Ramen /  Noodle House,Sugoi Niboshi Ramen Nagi (すごい煮干ラーメン凪),Ramen Restaurant,Mall,Shibuya Hikarie (渋谷ヒカリエ),Business Center,3,7,8,Saturday
576,Miscellaneous Shop,FamilyMart (ファミリーマート 桜丘三丁目店),Convenience Store,Road,三本杉陸橋交差点,Travel and Transportation,2,16,16,Wednesday
577,Movie Theater,Meguro Cinema (目黒シネマ),Movie Theater,Music Venue,Blues Alley Japan,Rock Club,1,9,10,Saturday
578,Food & Drink Shop,銀座わしたショップ,Grocery Store,Casino,Nishiginza Chance Center (西銀座チャンスセンター),Lottery Retailer,2,6,7,Tuesday
579,Convenience Store,Lawson (ローソン 西川口駅西口店),Convenience Store,University,Tokyo University of Marine Science And Technology (東京海洋大学 越中島キャンパス),College and University,2,22,22,Tuesday
580,Train Station,Akabane Station (赤羽駅),Rail Station,Bridge,Arakawa Bridge (荒川橋梁),Bridge,2,10,11,Saturday
581,Subway,Hatogaya Station (鳩ヶ谷駅),Metro Station,Food & Drink Shop,Summit Store (サミットストア 鳩ヶ谷駅前店),Grocery Store,2,4,5,Sunday
582,Other Great Outdoors,軽子坂,Road,Subway,Toyocho Station (T14) (東陽町駅),Rail Station,1,4,4,Sunday
583,Train Station,Shin-Kiba Station (新木場駅),Rail Station,Department Store,Marui (新宿マルイ 本館),Department Store,4,8,9,Saturday
584,College Academic Building,電気通信大学生協 カフェテリア食堂,College Cafeteria,College Academic Building,A棟,College Academic Building,2,3,5,Monday
585,University,西8号館,College Academic Building,College Academic Building,電気通信大学生協 カフェテリア食堂,College Cafeteria,2,3,3,Tuesday
586,Museum,Bunkamura The Museum (Bunkamura ザ・ミュージアム),Art Museum,Bar,SHISHA SALON Chillin' 渋谷センター街店,Hookah Bar,3,10,11,Saturday
587,Bar,Cafe Hoegaarden (カフェ ヒューガルデン 新宿),Bar,Train Station,Musashi-Urawa Station (武蔵浦和駅),Rail Station,2,12,13,Wednesday
588,Law School,日本大学大学院法務研究科図書室,Library,Candy Store,Candy Bouquet,Candy Store,3,1,3,Thursday
589,Fast Food Restaurant,McDonald's (マクドナルド),Burger Joint,Fast Food Restaurant,McDonald's (マクドナルド),Burger Joint,4,7,8,Monday
590,Convention Center,Tokyo Big Sight (東京ビッグサイト (東京国際展示場)),Italian Restaurant,Subway,Higashi-ikebukuro Station (Y10) (東池袋駅),Metro Station,1,7,8,Sunday
591,Bar,型無,Bar,Bar,型無,Bar,1,13,14,Saturday
592,Bakery,Dans Dix ans,Grocery Store,Hotel,Capsule Value Kanda (カプセルバリュー神田),Lodging,4,5,6,Monday
593,Church,お茶の水クリスチャンセンター,Church,Bar,麻音酒場,Sake Bar,1,7,8,Sunday
594,Train Station,Itabashi Station (板橋駅),Rail Station,Parking,Tokyo Metropolitan Government Parking Lot (都庁駐車場),Parking,4,14,14,Saturday
595,Bus Station,高島六の橋バス停,Bus Stop,Bus Station,高島六の橋バス停,Bus Stop,4,10,11,Friday
596,Movie Theater,Shinjuku Wald 9 (新宿バルト9),Movie Theater,Hobby Shop,animate (アニメイト),Hobby Store,4,5,6,Monday
597,Airport,Terminal 1 (第1ターミナル),Airport Terminal,Train Station,Hamamatsucho Station (浜松町駅),Rail Station,1,8,9,Friday
598,Mall,Roppongi Hills (六本木ヒルズ),Shopping Mall,Park,Roppongi Hills Arena (六本木ヒルズアリーナ),Outdoor Event Space,3,9,10,Friday
599,Food & Drink Shop,吹田商店,Liquor Store,Subway,Ginza Station (銀座駅),Rail Station,4,2,4,Monday
600,Ramen /  Noodle House,刀削麺荘唐家,Szechuan Restaurant,Bar,HUB,Pub,2,2,3,Monday
601,Toy / Game Store,Craftsmanship Kotobukiya (コトブキヤ 秋葉原館),Toy Store,Bar,HUB,Pub,1,2,3,Monday
602,Coffee Shop,Starbucks (スターバックス),Coffee Shop,Coffee Shop,Starbucks (スターバックス),Coffee Shop,4,23,23,Wednesday
603,Train Station,Naka-meguro Station (中目黒駅),Rail Station,Subway,Mitsukoshimae Station (三越前駅),Rail Station,4,3,4,Saturday
604,Subway,Suehirocho Station (G14) (末広町駅),Metro Station,BBQ Joint,Shimonya (四文屋),Sake Bar,2,11,12,Saturday
605,Department Store,Parco (調布PARCO),Shopping Mall,Fried Chicken Joint,KFC (ケンタッキーフライドチキン),Fried Chicken Joint,3,3,5,Sunday
606,Athletic & Sport,フットサルクラブ東京,Soccer Field,Mall,Nakano Broadway (中野ブロードウェイ),Shopping Plaza,3,6,7,Sunday
607,Mall,Shibuya Hikarie (渋谷ヒカリエ),Business Center,Bookstore,山下書店渋谷南口店,Bookstore,3,2,3,Sunday
608,Train Station,JR Shinjuku Sta. East Gate (JR 新宿駅東口),Structure,Building,アルタ前,Plaza,4,7,9,Saturday
609,Food & Drink Shop,オレンジマート,Grocery Store,Playground,向台公園,Playground,4,5,5,Friday
610,Clothing Store,MUJI (無印良品),Retail,Mall,AEON Mall (イオンモール川口前川),Shopping Mall,4,9,10,Saturday
611,Medical Center,あいの薬局,Drugstore,Café,,,1,4,5,Saturday
612,Japanese Restaurant,Ootoya (大戸屋),Teishoku Restaurant,Japanese Restaurant,Ootoya (大戸屋),Teishoku Restaurant,2,8,9,Saturday
613,Ramen /  Noodle House,Mouko Tanmen Nakamoto (蒙古タンメン中本),Ramen Restaurant,Train Station,JR Shinjuku Station (JR 新宿駅),Rail Station,4,7,8,Sunday
614,Train Station,Fuchū Station (KO24) (府中駅),Rail Station,Furniture / Home Store,島忠ホームセンター府中店,Home Improvement Service,2,2,4,Sunday
615,Electronics Store,Yodobashi-Kichijoji (ヨドバシカメラ マルチメディア吉祥寺),Home Appliance Store,Miscellaneous Shop,ドン・キホーテ 五日市街道小金井公園店,Discount Store,2,10,11,Saturday
616,Train Station,Gotanda Station (五反田駅),Rail Station,Mall,,,3,10,12,Tuesday
617,Clothing Store,UNITED ARROWS green label relaxing,Clothing Store,Music Venue,Shibuya CLUB QUATTRO (渋谷CLUB QUATTRO),Rock Club,1,9,10,Friday
618,Concert Hall,Zepp DiverCity ,Rock Club,Music Venue,GREEN OASIS,Music Venue,4,9,11,Sunday
619,Government Building,RG 1/1 RX-78-2 Gundam Ver. GFT (RG1/1 RX-78-2 ガンダム Ver.GFT),Monument,Japanese Restaurant,坐・和民銀座土橋店,Sake Bar,3,11,13,Sunday
620,College Academic Building,新C棟,College Academic Building,Bookstore,COMIC ZIN,Comic Book Store,3,8,9,Saturday
621,College Academic Building,西9号館,College Technology Building,Convenience Store,7-Eleven (セブンイレブン 調布下石原2丁目店),Convenience Store,4,8,9,Saturday
622,Mall,Lazona Kawasaki Plaza (ラゾーナ川崎プラザ),Shopping Mall,Concert Hall,Tokyo Dome City Hall (東京ドームシティホール),Concert Hall,2,7,8,Tuesday
623,Train Station,,,Arcade,G's IMON,Arcade,3,5,7,Saturday
624,Office,Japan Football Association (日本サッカー協会),Office,Movie Theater,Shinjuku Wald 9 (新宿バルト9),Movie Theater,2,21,22,Friday
625,Stadium,Tokyo Dome (東京ドーム),Stadium,Stadium,Tokyo Dome (東京ドーム),Stadium,1,8,8,Sunday
626,Electronics Store,Yodobashi Camera (ヨドバシカメラ マルチメディア新宿東口),Home Appliance Store,Bar,わたみん家新宿東口1号店,Sake Bar,2,11,11,Saturday
627,Electronics Store,Yodobashi-Akiba (ヨドバシカメラ マルチメディアAkiba),Electronics Store,Train Station,,,1,6,7,Thursday
628,General Travel,仲町跨線人道橋,Bridge,Arcade,パソピアート東京,Arcade,2,8,9,Sunday
629,Arcade,パソピアート東京,Arcade,Arcade,G's IMON,Arcade,3,10,11,Saturday
630,Historic Site,Sakuradamon Gate (桜田門 (外桜田門)),Landmarks and Outdoors,Subway,Marunouchi Line Otemachi Station (M18) (丸ノ内線 大手町駅),Metro Station,3,2,4,Sunday
631,Bookstore,COMIC ZIN,Comic Book Store,Japanese Restaurant,居酒屋殿,Sake Bar,1,10,10,Friday
632,Electronics Store,Yodobashi-Akiba (ヨドバシカメラ マルチメディアAkiba),Electronics Store,Subway,Iwamotocho Station (S08) (岩本町駅),Rail Station,4,4,5,Thursday
633,Subway,Iwamotocho Station (S08) (岩本町駅),Rail Station,Electronics Store,Yodobashi-Akiba (ヨドバシカメラ マルチメディアAkiba),Electronics Store,1,5,5,Friday
634,Government Building,Japan Meteorological Agency (気象庁),Government Building,Food & Drink Shop,業務スーパー三鷹店,Supermarket,1,1,2,Monday
635,Government Building,Japan Meteorological Agency (気象庁),Government Building,Board Shop,ワンゲルスポーツ,Sporting Goods Retail,2,9,10,Monday
636,Subway,Yushima Station (C13) (湯島駅),Metro Station,Sushi Restaurant,Kura Sushi (くら寿司),Japanese Family Restaurant,2,8,8,Tuesday
637,Building,Tokyo Detention House (東京拘置所),Community and Government,Road,本田広小路,Public Transportation,1,13,13,Sunday
638,Park,,,Subway,Oedo Line Shinjuku Station (E27) (都営大江戸線 新宿駅),Metro Station,3,7,7,Thursday
639,Park,,,College Academic Building,Waseda Univ. 14 Bldg. (14号館),College Academic Building,2,7,8,Wednesday
640,Subway,Sendagi Station (C15) (千駄木駅),Rail Station,Department Store,Matsuzakaya (松坂屋 上野店),Dessert Shop,4,6,7,Wednesday
641,Hotel,Art Hotel Nippori Lungwood (ホテルラングウッド),Hotel,Train Station,Nippori-Toneri Liner Nippori Station (日暮里・舎人ライナー 日暮里駅),Rail Station,2,7,7,Saturday
642,Train Station,Kichijōji Station (吉祥寺駅),Rail Station,Electronics Store,Yodobashi-Kichijoji (ヨドバシカメラ マルチメディア吉祥寺),Home Appliance Store,2,11,12,Saturday
643,Casino,Nishiginza Chance Center (西銀座チャンスセンター),Lottery Retailer,Sandwich Place,サブウェイ 渋谷文化村通り店,Sandwich Spot,4,8,8,Wednesday
644,Café,"Excelsior Cafe, Kudanshita",Coffee Shop,Café,Caffè Veloce (カフェ・ベローチェ),Coffee Shop,1,9,10,Sunday
645,Subway,Hanzomon Line Shibuya Station (Z01) (半蔵門線 渋谷駅),Metro Station,Train Station,Kinshichō Station (錦糸町駅),Rail Station,4,10,11,Sunday
646,Train Station,Akabane Station (赤羽駅),Rail Station,Playground,Akabane Park (赤羽公園),Park,1,1,2,Sunday
647,Dessert Shop,Sogetsu (黒松本舗 草月),Wagashi Place,Medical Center,明理会中央総合病院,Hospital,1,5,7,Saturday
648,Department Store,Isetan (伊勢丹 府中店),Department Store,Ramen /  Noodle House,Ramen Jiro (ラーメン二郎 府中店),Ramen Restaurant,1,8,8,Sunday
649,Office,ビジョン,Business and Professional Services,Coffee Shop,Tully's Coffee,Coffee Shop,4,2,4,Friday
650,Park,Kawasaki Fronpark (川崎フロンパーク),Park,Stadium,Gゾーン,Soccer Stadium,1,7,7,Wednesday
651,Park,Kawasaki Fronpark (川崎フロンパーク),Park,Stadium,Uvance Todoroki Studium by Fujitsu (Uvanceとどろきスタジアム by Fujitsu),Stadium,3,7,7,Wednesday
652,Department Store,Seibu (西武池袋本店),Department Store,Electronics Store,Yamada Denki LABI 1 (ヤマダデンキ LABI1 LIFE SELECT 池袋),Home Appliance Store,4,7,8,Sunday
653,Gym / Fitness Center,Jexer Fitness Club (ジェクサー・フィットネスクラブ メトロポリタン池袋),Gym,Gym / Fitness Center,Jexer Fitness Club (ジェクサー・フィットネスクラブ メトロポリタン池袋),Gym,3,11,12,Tuesday
654,Train Station,Shin-Ōkubo Station (新大久保駅),Rail Station,Ramen /  Noodle House,麺屋優創,Ramen Restaurant,1,2,2,Friday
655,Subway,Omote-sando Station (表参道駅),Rail Station,Bar,酒屋の酒場,Sake Bar,2,9,10,Thursday
656,Subway,Minami-asagaya Station (M02) (南阿佐ケ谷駅),Metro Station,Subway,Fukutoshin Line Shibuya Station (F16) (副都心線 渋谷駅),Metro Station,1,3,5,Sunday
657,Light Rail,Shibaura-futō Station (U05) (芝浦ふ頭駅),Rail Station,Café,ひなた珈琲,Café,3,6,7,Saturday
658,Subway,Iwamotocho Station (S08) (岩本町駅),Rail Station,Subway,Shinozaki Station (S20) (篠崎駅),Metro Station,3,10,11,Tuesday
659,Subway,Iwamotocho Station (S08) (岩本町駅),Rail Station,Subway,Shinozaki Station (S20) (篠崎駅),Metro Station,4,10,10,Friday
660,Movie Theater,Cinema Rise (シネマライズ),Movie Theater,Office,Shibuya Mark City (渋谷マークシティ),Business Center,2,7,8,Friday
661,Movie Theater,Cinema Rise (シネマライズ),Movie Theater,Train Station,Inokashira Line Shibuya Station (IN01) (京王井の頭線 渋谷駅),Rail Station,4,7,8,Friday
662,Hobby Shop,animate (アニメイト),Retail,Bookstore,ブックオフ秋葉原駅前店,Used Bookstore,3,5,7,Sunday
663,Neighborhood,,,Train Station,Central Gate (中央改札 (Yostar改札)),Structure,1,4,5,Sunday
664,Fast Food Restaurant,マクドナルド,Fast Food Restaurant,Mall,Arcakit Kinshicho (アルカキット錦糸町),Shopping Mall,2,4,4,Saturday
665,Park,Big Thunder Mountain (ビッグサンダー・マウンテン),Amusement Park,Park,Tokyo Disneyland (東京ディズニーランド),Amusement Park,1,8,9,Wednesday
666,Train Station,Central Gate (中央改札 (Yostar改札)),Structure,Other Nightlife,,,1,6,7,Sunday
667,Subway,,,Japanese Restaurant,Stameshi Don Don (情熱のすためし どんどん),Donburi Restaurant,2,10,11,Friday
668,Ramen /  Noodle House,Ramen Jiro (ラーメン二郎 府中店),Ramen Restaurant,Italian Restaurant,Saizeriya (サイゼリヤ),Italian Restaurant,4,9,11,Thursday
669,Train Station,Fuchūhommachi Station (府中本町駅),Rail Station,Shrine,Okunitama Shrine (大國魂神社),Shrine,1,10,10,Friday
670,Department Store,Seibu (西武池袋本店),Department Store,Hobby Shop,Comic Toranoana B (コミックとらのあな 池袋店),Comic Book Store,3,5,6,Monday
671,Convention Center,Tokyo Big Sight (東京ビッグサイト (東京国際展示場)),Italian Restaurant,Sporting Goods Shop,GALLERY・2新宿アドホック 5F店,Sporting Goods Retail,1,6,7,Saturday
672,Subway,Omote-sando Station (表参道駅),Rail Station,Music Venue,Omotesando Ground (表参道GROUND),Rock Club,2,8,10,Wednesday
673,Park,Mohri Garden (毛利庭園),Landmarks and Outdoors,Subway,Omote-sando Station (表参道駅),Rail Station,2,11,11,Sunday
674,Hotel,Hotel New Koyo (ホテルニュー紅陽),Hotel,Subway,Ginza Station (銀座駅),Rail Station,2,11,13,Sunday
675,Electronics Store,Yodobashi-Akiba (ヨドバシカメラ マルチメディアAkiba),Electronics Store,Ramen /  Noodle House,Kyushu Jangara (九州じゃんがら),Ramen Restaurant,4,10,11,Wednesday
676,Subway,Center Minami Station (センター南駅),Metro Station,Subway,Center Minami Station (センター南駅),Metro Station,1,11,11,Thursday
677,Subway,Center Minami Station (センター南駅),Metro Station,Subway,Center Minami Station (センター南駅),Metro Station,4,9,10,Monday
678,Electronics Store,Yodobashi-Akiba (ヨドバシカメラ マルチメディアAkiba),Electronics Store,Electronics Store,Yodobashi-Akiba (ヨドバシカメラ マルチメディアAkiba),Electronics Store,4,10,11,Monday
679,Electronics Store,Yodobashi-Akiba (ヨドバシカメラ マルチメディアAkiba),Electronics Store,Subway,Iwamotocho Station (S08) (岩本町駅),Rail Station,2,11,12,Monday
680,Art Gallery,KDDI デザイニングスタジオ,Landmarks and Outdoors,Subway,Meiji-jingumae 'Harajuku' Station (明治神宮前 駅),Metro Station,2,2,3,Friday
681,Library,目黒本町図書館,Library,Mall,Shibuya Hikarie (渋谷ヒカリエ),Business Center,4,8,10,Saturday
682,Plaza,Hachiko Square (ハチ公前広場),Plaza,General Entertainment,タイフェスティバル2012 代々木,Arts and Entertainment,1,8,9,Sunday
683,Subway,Marunouchi Line Korakuen Station (M22) (丸ノ内線 後楽園駅),Metro Station,General College & University,Akamon Gate (赤門),Monument,3,23,23,Saturday
684,Department Store,AEON (イオン 東雲店),Pet Grooming Service,Subway,Yurakucho Line Yurakucho Station (Y18) (有楽町線 有楽町駅),Metro Station,4,12,13,Thursday
685,Subway,Yurakucho Line Yurakucho Station (Y18) (有楽町線 有楽町駅),Metro Station,Subway,Shin-itabashi Station (I17) (新板橋駅),Metro Station,1,11,12,Monday
686,College Academic Building,,,Light Rail,,,2,11,12,Tuesday
687,Italian Restaurant,Trattoria CASALE del PACIOCCONE,Italian Restaurant,Subway,Omote-sando Station (表参道駅),Rail Station,2,10,11,Wednesday
688,Shrine,Meiji Jingu Shrine (明治神宮),Historic and Protected Site,Government Building,Tokyo Tower (東京タワー),Structure,1,10,11,Monday
689,Japanese Restaurant,Tonkatsu Wako (とんかつ和幸),Tonkatsu Restaurant,Subway,Tozai Line Nihombashi Station (T10) (東西線 日本橋駅),Metro Station,3,10,11,Tuesday
690,Subway,Asakusa Line Daimon Station (A09) (都営浅草線 大門駅),Metro Station,Art Museum,"The National Art Center, Tokyo (国立新美術館)",Art Museum,2,5,6,Sunday
691,Building,都電荒川電車営業所,Office,Train Station,Akabane Station (赤羽駅),Rail Station,2,5,6,Saturday
692,Convention Center,Tokyo Big Sight (東京ビッグサイト (東京国際展示場)),Italian Restaurant,Convention Center,Tokyo Big Sight (東京ビッグサイト (東京国際展示場)),Italian Restaurant,2,0,2,Sunday
693,Arcade,Tokyo Leisure Land (東京レジャーランド 秋葉原2号店),Arcade,Restaurant,Angely Fresca (アンジェリー フレスカ),Restaurant,1,11,12,Friday
694,Mall,Shibuya Hikarie (渋谷ヒカリエ),Business Center,Subway,Ginza Station (銀座駅),Rail Station,4,8,8,Thursday
695,Subway,,,Building,江東区森下文化センター,Cultural Center,2,8,9,Saturday
696,College Academic Building,7号館,College Academic Building,College Academic Building,早稲田大学 32号館,College Arts Building,4,4,5,Thursday
697,Clothing Store,THE SUIT COMPANY飯田橋店,Clothing Store,Ramen /  Noodle House,Menya Musashi Takatora (麺屋武蔵 鷹虎),Ramen Restaurant,3,8,9,Tuesday
698,Subway,,,Bridge,Sasame Bridge (笹目橋),Landmarks and Outdoors,2,1,2,Saturday
699,Subway,,,Mall,AEON Mall (イオンモール北戸田),Shopping Mall,2,1,2,Saturday
700,Bridge,居木橋,Public Transportation,Coffee Shop,Doutor Coffee Shop (ドトールコーヒーショップ),Café,3,5,6,Sunday
701,Train Station,Ōsaki Station (大崎駅),Rail Station,Coffee Shop,Doutor Coffee Shop (ドトールコーヒーショップ),Café,2,6,6,Sunday
702,Subway,Toyosu Station (豊洲駅),Metro Station,Mall,,,4,2,3,Monday
703,Subway,Toyosu Station (豊洲駅),Metro Station,Mall,,,1,2,3,Monday
704,Coffee Shop,Starbucks (スターバックス),Coffee Shop,Building,Shinjuku NS Building (新宿NSビル),Business Center,4,23,1,Friday
705,Bus Station,高田馬場駅前バス停,Bus Stop,Other Great Outdoors,,,1,8,9,Sunday
706,Subway,Hanzomon Line Oshiage 'SKYTREE' Station (Z14) (半蔵門線 押上<スカイツリー前>駅),Metro Station,Video Store,SHIBUYA TSUTAYA,Retail,1,8,9,Tuesday
707,Record Shop,TOWER RECORDS,Retail,Miscellaneous Shop,ハロー!プロジェクト オフィシャルショップ 渋谷109-2店,Miscellaneous Store,4,9,10,Sunday
708,Subway,Marunouchi Line Tokyo Station (M17) (丸ノ内線 東京駅),Metro Station,Mall,AKIBA TOLIM (アキバ・トリム),Shopping Mall,4,2,2,Saturday
709,Hobby Shop,animate (アニメイト),Retail,Subway,Ginza Line Ginza Station (G09) (銀座線 銀座駅),Metro Station,4,5,6,Thursday
710,Music Venue,カワイミュージックスクール・レプレ新宿,Music School,Electronics Store,Yamada Denki (ヤマダ電機LABI品川大井町店),Home Appliance Store,4,5,6,Saturday
711,Bookstore,Books Sanseido (三省堂書店),Bookstore,Ramen /  Noodle House,ラーメン康竜秋葉原駅前店,Ramen Restaurant,3,8,9,Tuesday
712,Electronics Store,あきばおー五号店,Discount Store,Fast Food Restaurant,McDonald's (マクドナルド),Fast Food Restaurant,2,5,5,Sunday
713,Fast Food Restaurant,McDonald's (マクドナルド),Fast Food Restaurant,Subway,Hiro-o Station (H03) (広尾駅),Rail Station,1,6,7,Sunday
714,Arcade,プロジェクトA池袋店,Arcade,Train Station,Shin-Yurigaoka Station (OH23) (新百合ヶ丘駅),Rail Station,4,6,8,Sunday
715,Arcade,Tokyo Leisure Land (東京レジャーランド 秋葉原2号店),Arcade,Hobby Shop,GANKING 秋葉原店,Hobby Store,4,6,7,Saturday
716,Asian Restaurant,Magic Spice (マジックスパイス),Japanese Curry Restaurant,Café,Cafe Trois Chambres (トロワ・シャンブル),Café,4,7,8,Saturday
717,Subway,Suitengumae Station (Z10) (水天宮前駅),Metro Station,Ramen /  Noodle House,Inase (人形町らーめん いなせ),Ramen Restaurant,3,9,10,Wednesday
718,Department Store,Isetan (伊勢丹 新宿店),Department Store,Japanese Restaurant,Tonchinkan (豚珍館),Tonkatsu Restaurant,4,6,7,Monday
719,Convention Center,Nakano Sunplaza (中野サンプラザ),Convention Center,Arcade,Taito Station (タイトーステーション 新宿東口店),Arcade,4,4,5,Saturday
720,Train Station,Kōenji Station (高円寺駅),Rail Station,Park,馬橋公園,Park,4,4,5,Thursday
721,Hobby Shop,Hands (ハンズ),Furniture and Home Store,Miscellaneous Shop,ハロー!プロジェクト オフィシャルショップ 渋谷109-2店,Miscellaneous Store,2,3,3,Monday
722,BBQ Joint,山水苑,BBQ Joint,BBQ Joint,山水苑,BBQ Joint,3,2,3,Friday
723,Train Station,Keikyu Shinagawa Station (KK01) (京急 品川駅),Rail Station,Subway,Sengakuji Station (泉岳寺駅),Rail Station,4,11,13,Tuesday
724,Department Store,Matsuya Ginza (松屋銀座),Department Store,Gym / Fitness Center,TIPNESS MARUNOUCHI STYLE (ティップネス 丸ノ内スタイル),"Cafe, Coffee, and Tea House",1,8,10,Saturday
725,Korean Restaurant,Podo (ぽど),Korean Restaurant,Gym / Fitness Center,MARUNOUCHI Bike & Run,Sports Club,1,13,14,Wednesday
726,Subway,Marunouchi Line Otemachi Station (M18) (丸ノ内線 大手町駅),Metro Station,Smoke Shop,日本IBM 本社事業所タウンサイド喫煙エリア,Plaza,1,0,0,Monday
727,Subway,Marunouchi Line Ikebukuro Station (M25) (丸ノ内線 池袋駅),Metro Station,Smoke Shop,日本IBM 本社事業所リバーサイド喫煙エリア,Plaza,3,0,1,Monday
728,Electronics Store,ark (パソコンショップアーク),Computers and Electronics Retail,Ramen /  Noodle House,Komoro Soba (小諸そば),Soba Restaurant,3,5,7,Sunday
729,Train Station,Ōokayama Station (大岡山駅),Rail Station,Spa / Massage,稲荷湯,Bath House,1,11,13,Monday
730,Event Space,belle salle (ベルサール秋葉原),Event Space,Electronics Store,Sofmap Akiba 1st Store (ソフマップAKIBA 1号店 サブカル・モバイル館),Retail,4,6,7,Saturday
731,Steakhouse,Bikkuri Donkey (びっくりドンキー),Burger Joint,Ramen /  Noodle House,ろくとん軒世田谷店,Ramen Restaurant,3,5,5,Wednesday
732,Asian Restaurant,クロモンカフェ,Café,Subway,Sengakuji Station (泉岳寺駅),Rail Station,1,3,4,Saturday
733,Electronics Store,Yodobashi-Akiba (ヨドバシカメラ マルチメディアAkiba),Electronics Store,Bar,HUB,Pub,1,9,9,Saturday
734,Airport,Terminal 2 (第2ターミナル),Airport Terminal,Electronics Store,QC PASS,Electronics Store,4,3,4,Sunday
735,Asian Restaurant,清香苑本店,BBQ Joint,Electronics Store,Yodobashi Camera (ヨドバシカメラ 新宿西口本店),Computers and Electronics Retail,2,9,10,Friday
736,Embassy / Consulate,Embassy of the Republic of Kenya (ケニア共和国大使館),Embassy or Consulate,Train Station,Toritsu-daigaku Station (TY06) (都立大学駅),Rail Station,3,10,11,Saturday
737,Furniture / Home Store,ドイト板橋志村店,Home Improvement Service,Arcade,プロジェクトA池袋店,Arcade,4,7,8,Sunday
738,Music Venue,LIQUIDROOM,Night Club,Mall,Shibuya Hikarie (渋谷ヒカリエ),Business Center,1,7,9,Tuesday
739,Music Venue,渋谷DESEO,Concert Hall,Music Venue,LIQUIDROOM,Night Club,1,10,11,Monday
740,Temple,本寿寺,Temple,Train Station,,,4,5,7,Sunday
741,Bank,Sumitomo Mitsui Banking (三井住友銀行 浦和支店),Bank,Bank,Sumitomo Mitsui Banking (三井住友銀行 浦和支店),Bank,3,4,4,Monday
742,Bar,さっちも,Sake Bar,Government Building,,,2,14,15,Friday
743,Park,Hikarigaoka Park (光が丘公園),Park,Playground,Shakujii Park (石神井公園),Playground,2,6,6,Sunday
744,Bowling Alley,Round1 (ラウンドワン 池袋店),Arcade,Hobby Shop,Comic Toranoana B (コミックとらのあな 池袋店),Comic Book Store,1,9,10,Wednesday
745,Steakhouse,Tokyo Butchers (東京ブッチャーズ),Bar,Bar,,,3,2,3,Friday
746,Electronics Store,ヤマダアウトレット 江東南砂店,Home Appliance Store,Bowling Alley,Round1 (ラウンドワン 南砂店),Bowling Alley,2,3,4,Sunday
747,Deli / Bodega,HottoMotto Grill (ほっともっとグリル),Restaurant,Bowling Alley,Round1 (ラウンドワン 南砂店),Bowling Alley,3,3,3,Saturday
748,University,Tokyo Denki University (東京電機大学 東京千住キャンパス),College and University,Train Station,Takenotsuka Station (TS14) (竹ノ塚駅),Convenience Store,3,10,11,Tuesday
749,University,Tokyo Denki University (東京電機大学 東京千住キャンパス),College and University,Arcade,ゲームオモロン北千住店,Arcade,1,12,13,Friday
750,Train Station,Maihama Station (舞浜駅),Rail Station,Park,Tokyo DisneySea (東京ディズニーシー),Amusement Park,2,23,23,Friday
751,Aquarium,Tokyo Sea Life Park (葛西臨海水族園),Aquarium,Aquarium,Tokyo Sea Life Park (葛西臨海水族園),Aquarium,4,4,5,Sunday
752,Subway,Nogizaka Station (C05) (乃木坂駅),Rail Station,Bar,VANITY LOUNGE,Night Club,1,7,8,Saturday
753,Bar,vivo daily stand 中野本店,Bar,Deli / Bodega,キッチンオリジン 中野新井店,"Cafe, Coffee, and Tea House",2,11,12,Thursday
754,Italian Restaurant,イタリア食堂TOKABO神楽坂店,Italian Restaurant,General College & University,Institut français du Japon (アンスティチュ・フランセ東京),Community College,2,5,5,Sunday
755,Spa / Massage,したまち整骨院,Orthopedic Surgeon,Stadium,Nippon Budokan (日本武道館),Stadium,2,4,5,Saturday
756,Electronics Store,Bic Camera (ビックカメラ 池袋本店),Home Appliance Store,Subway,Akabanebashi Station (E21) (赤羽橋駅),Rail Station,2,3,5,Friday
757,Train Station,Takeshita Exit (竹下口),Rail Station,Bookstore,COMIC ZIN,Comic Book Store,2,2,3,Sunday
758,Bar,bar cacoi,Bar,Concert Hall,Shibuya Public Hall (渋谷公会堂),Community and Government,3,5,5,Saturday
759,Subway,Kudanshita Station (九段下駅),Rail Station,Concert Hall,Shibuya Public Hall (渋谷公会堂),Community and Government,1,4,5,Saturday
760,Government Building,Manseibashi Police Station (万世橋警察署),Police Station,Subway,Hibiya Line Akihabara Station (H16) (日比谷線 秋葉原駅),Metro Station,3,6,6,Wednesday
761,Post Office,Kanda Post Office (神田郵便局),Post Office,College Academic Building,日本大学理工学部駿河台校舎 8号館,College Academic Building,4,2,3,Wednesday
762,Subway,Hanzomon Station (Z05) (半蔵門駅),Rail Station,Airport,Terminal 2 (第2ターミナル),Airport Terminal,2,8,10,Tuesday
763,Chinese Restaurant,,,Subway,Hanzomon Station (Z05) (半蔵門駅),Rail Station,1,4,4,Monday
764,Movie Theater,Shinjuku Wald 9 (新宿バルト9),Movie Theater,Japanese Restaurant,Kabuto (カブト),Bar,2,8,8,Saturday
765,Arcade,Taito Station (タイトーステーション 新宿南口ゲームワールド店),Arcade,German Restaurant,Riesling (リースリング),German Restaurant,1,9,10,Thursday
766,Subway,Center Kita Station (センター北駅),Rail Station,Subway,Center Kita Station (センター北駅),Rail Station,3,6,7,Wednesday
767,Subway,Center Kita Station (センター北駅),Rail Station,Mall,Northport Mall (ノースポート・モール),Shopping Mall,1,9,10,Thursday
768,Fast Food Restaurant,McDonald's (マクドナルド),Burger Joint,Park,Ikebukuro Nishiguchi Park (池袋西口公園),Park,4,1,2,Saturday
769,Subway,Yoyogi-koen Station (C02) (代々木公園駅),Metro Station,Convenience Store,Lawson (ローソン 三郷戸ヶ崎五丁目店),Convenience Store,4,13,14,Wednesday
770,Library,朝霞市立図書館,Library,Convenience Store,セブン-イレブン,Convenience Store,1,6,7,Sunday
771,Bridge,中島橋,Bridge,Convenience Store,Lawson (ローソン 新宿一丁目店),Convenience Store,1,23,0,Tuesday
772,Coffee Shop,Starbucks (スターバックス),Coffee Shop,Office,Microsoft Japan (日本マイクロソフト),Office,1,4,5,Tuesday
773,Toy / Game Store,,,Train Station,Noborito Station (登戸駅),Rail Station,1,5,6,Sunday
774,Library,Nihonbashi Library (日本橋図書館),Library,Subway,Toyocho Station (T14) (東陽町駅),Rail Station,4,5,6,Saturday
775,Bar,Acid Panda Cafe,Night Club,Subway,Ginza Line Shibuya Station (G01) (銀座線 渋谷駅),Metro Station,2,11,12,Tuesday
776,Train Station,JR Shinjuku Sta. East Gate (JR 新宿駅東口),Structure,Mall,,,1,8,8,Saturday
777,Food & Drink Shop,Daiei (ダイエー 向ヶ丘店),Grocery Store,Food & Drink Shop,とよんちのたまご SHIMOKITAZAWA,Bakery,1,4,6,Saturday
778,Indian Restaurant,NAMASTE (ナマステ 本郷三丁目店),Indian Restaurant,Building,Roppongi Hills Mori Tower (六本木ヒルズ森タワー),Business Center,4,4,5,Thursday
779,University,理学部1号館,College Science Building,Food & Drink Shop,アブアブ赤札堂根津店,Supermarket,4,1,2,Thursday
780,Electronics Store,Yamada Denki LABI 1 (ヤマダデンキ LABI1 LIFE SELECT 池袋),Home Appliance Store,Bus Station,Otsuka Yonchome (Otsuka 4) (大塚四丁目バス停),Bus Stop,3,4,6,Monday
781,Bus Station,Otsuka Yonchome (Otsuka 4) (大塚四丁目バス停),Bus Stop,Bus Station,Otsuka Yonchome (Otsuka 4) (大塚四丁目バス停),Bus Stop,1,5,6,Monday
782,Subway,Korakuen Station (後楽園駅),Rail Station,Train Station,Musashi-Mizonokuchi Station (武蔵溝ノ口駅),Rail Station,3,8,9,Wednesday
783,Stadium,Tokyo Dome (東京ドーム),Stadium,Hobby Shop,Hands (ハンズ),Furniture and Home Store,4,9,9,Thursday
784,Coffee Shop,Starbucks (スターバックス),Coffee Shop,Electronics Store,Yodobashi-Akiba (ヨドバシカメラ マルチメディアAkiba),Electronics Store,4,7,8,Saturday
785,Bookstore,K-BOOKS,Bookstore,Ramen /  Noodle House,Hakata Furyu (博多風龍 秋葉原総本店),Ramen Restaurant,2,9,10,Friday
786,College & University,7 Bldg. (立教大学 7号館),College Academic Building,Coffee Shop,Doutor Coffee Shop (ドトールコーヒーショップ),Café,1,5,6,Sunday
787,Music Store,Ikebe Musical Instruments Store (イケベ楽器 リボレ秋葉原店),Music Store,Government Building,Hoku Topia (北とぴあ),Community Center,3,3,4,Sunday
788,Electronics Store,Yamada Denki LABI 1 (ヤマダデンキ LABI1 LIFE SELECT 池袋),Home Appliance Store,Ramen /  Noodle House,万世麺店 池袋サンシャイン店,Noodle Restaurant,4,5,5,Saturday
789,Arcade,GAME PARK スマイル館 お茶の水店,Arcade,University,Senshu Univ. Kanda campus (専修大学 神田キャンパス),College and University,4,9,10,Tuesday
790,Bakery,Signifiant Signifié,Bakery,Café,WIRED CAFE NEWS,Café,3,3,4,Monday
791,Mall,Omotesando Hills (表参道ヒルズ),Shopping Mall,Coffee Shop,スターバックス,Coffee Shop,2,6,6,Tuesday
792,Department Store,Mitsukoshi (銀座三越),Department Store,Hobby Shop,Akihabara Gamers (AKIHABARAゲーマーズ),Hobby Store,4,5,7,Tuesday
793,Hobby Shop,Gamers (ゲーマーズ),Hobby Store,Hobby Shop,animate (アニメイト),Comic Book Store,1,5,5,Wednesday
794,Gym / Fitness Center,渋谷区猿楽トレーニングジム,Dance Studio,Bridge,並木橋,Bridge,4,10,12,Saturday
795,Train Station,Inokashira Line Shibuya Station (IN01) (京王井の頭線 渋谷駅),Rail Station,Food & Drink Shop,LIFE (ライフ 渋谷東店),Grocery Store,1,10,11,Sunday
796,Subway,Shinjuku Line Shinjuku Station (S01) (都営新宿線 新宿駅),Metro Station,Japanese Restaurant,Kitchen Nankai (キッチン南海),Teishoku Restaurant,3,7,7,Thursday
797,Japanese Restaurant,鶏繁 麻布十番店,Japanese Restaurant,Restaurant,,,1,13,14,Friday
798,Subway,Kagurazaka Station (T05) (神楽坂駅),Rail Station,Chinese Restaurant,張家代々木店,Chinese Restaurant,3,3,4,Thursday
799,Bookstore,Books Kinokuniya Tokyo,Bookstore,Furniture / Home Store,ACTUS SHINJUKU (アクタス 新宿店),Furniture and Home Store,1,9,9,Thursday
800,Stadium,Tokyo Dome (東京ドーム),Stadium,Concert Hall,Tokyo Dome City Hall (東京ドームシティホール),Concert Hall,3,12,13,Friday
801,Comedy Club,黒門亭,Comedy Club,Park,Ueno Park (上野恩賜公園),Urban Park,1,8,8,Sunday
802,College Academic Building,A棟,College Academic Building,College Academic Building,A棟,College Academic Building,2,4,5,Thursday
803,Bank,東日本銀行八幡山支店,Bank,College Academic Building,電気通信大学西3号館,College Academic Building,1,0,0,Monday
804,Train Station,JR 浅草橋駅西口,Rail Station,Paper / Office Supplies Store,Shimojima (シモジマ 浅草橋本店),Paper Supplier,1,3,3,Thursday
805,Train Station,Keio Shinjuku Station (KO01) (京王 新宿駅),Rail Station,Bowling Alley,Round1 Stadium (ラウンドワンスタジアム),Bowling Alley,2,11,12,Friday
806,Japanese Restaurant,鳥つねAKIBA-ICHI店,BBQ Joint,Playground,Kamezuka Park (亀塚公園),Park,4,2,3,Monday
807,Office,Akihabara UDX (秋葉原UDX),Business Center,Bar,THE有鳥天酒場,Sake Bar,4,10,12,Friday
808,Light Rail,Miyanosaka Station (SG07) (宮の坂駅),Rail Station,College Academic Building,スカイラウンジ,College Cafeteria,1,5,6,Tuesday
809,Train Station,Yako Station (矢向駅),Rail Station,Train Station,Kashimada Station (鹿島田駅),Rail Station,2,9,9,Friday
810,Park,天沼弁天池公園,Park,Playground,上荻児童遊園,Playground,1,14,16,Thursday
811,Ramen /  Noodle House,大勝軒,Ramen Restaurant,Bookstore,Mandarake (まんだらけ),Comic Book Store,3,7,7,Thursday
812,Arcade,Taito Station (タイトーステーション 新宿南口ゲームワールド店),Arcade,Japanese Restaurant,とりでん 西武新宿駅前店,Japanese Restaurant,3,9,9,Sunday
813,Event Space,belle salle (ベルサール秋葉原),Event Space,Convention Center,Nakano Sunplaza (中野サンプラザ),Convention Center,1,11,12,Friday
814,Road,Yashio PA (八潮PA),Travel and Transportation,Train Station,Nakano Station (中野駅),Rail Station,4,7,8,Monday
815,Light Rail,Minowabashi Station (三ノ輪橋停留場),Tram Station,Subway,Suehirocho Station (G14) (末広町駅),Metro Station,4,1,2,Monday
816,Airport,Terminal 1 (第1ターミナル),Airport Terminal,Airport,Terminal 1 (第1ターミナル),Airport Terminal,1,5,6,Tuesday
817,Subway,,,Mall,Lumine 2 (ルミネ新宿2),Shopping Mall,1,9,10,Saturday
818,Bus Station,Kichijoji Sta. (South Exit) Bus Stop (吉祥寺駅(南口)バス停),Bus Stop,Hobby Shop,animate (アニメイト 吉祥寺店),Retail,3,9,9,Thursday
819,Plaza,Yebisu Garden Place Hiroba (恵比寿ガーデンプレイスひろば),Plaza,Music Venue,恵比寿 天窓.switch,Music Venue,4,9,9,Thursday
820,Temple,吉祥寺,Temple,Mall,Shibuya Hikarie (渋谷ヒカリエ),Business Center,1,1,2,Sunday
821,Music Venue,渋谷RUIDO K2,Rock Club,Ramen /  Noodle House,Tanaka Sobaten (田中そば店),Ramen Restaurant,3,5,6,Sunday
822,General Entertainment,タイトーダーツスタジアム 渋谷,Arts and Entertainment,Japanese Restaurant,東京チカラめし 渋谷1号店,Diner,4,0,0,Saturday
823,Subway,Onarimon Station (I06) (御成門駅),Rail Station,Subway,Asakusa Line Mita Station (A08) (都営浅草線 三田駅),Metro Station,2,4,5,Friday
824,Hobby Shop,のりもの倶楽部,Retail,Medical Center,Tokyo Teishin Hospital (東京逓信病院),Hospital,3,6,7,Friday
825,Train Station,Akihabara Electric Town Exit (電気街口),Structure,Bridge,新見附橋,Landmarks and Outdoors,4,3,3,Thursday
826,Dumpling Restaurant,Shokujin Gyozao (食神 餃子王),Chinese Restaurant,Arcade,アドアーズ調布南口店,Arcade,4,5,6,Saturday
827,Temple,Jindai-ji Temple (深大寺),Temple,Bus Station,北の台,Public Transportation,3,10,10,Saturday
828,Clothing Store,アラン フィガレ,Women's Store,Government Building,Tokyo Metropolitan Government Building (東京都庁),Government Building,2,5,5,Tuesday
829,Garden,Japanese Garden - Hotel New Otani (ホテルニューオータニ 日本庭園),Landmarks and Outdoors,Airport,Terminal 2 (第2ターミナル),Airport Terminal,3,3,3,Sunday
830,Sporting Goods Shop,OSHMAN'S,Sporting Goods Retail,Sporting Goods Shop,patagonia (Patagonia),Golf Store,4,6,6,Sunday
831,Temple,駒形堂,Temple,Subway,Asakusa Line Asakusa Station (A18) (都営浅草線 浅草駅),Metro Station,1,7,8,Tuesday
832,Subway,Chiyoda Line Kita-senju Station (C18) (千代田線 北千住駅),Metro Station,Café,PRONTO,Café,1,22,22,Monday
833,Office,株式会社 ギュギュギュギュギュイーン,Office,Subway,Shin-ochanomizu Station (C12) (新御茶ノ水駅),Metro Station,3,8,9,Monday
834,Japanese Restaurant,Matsuya (松屋),Restaurant,Café,Cure Maid Café,Café,4,5,6,Tuesday
835,Bookstore,K-BOOKS,Bookstore,Electronics Store,Yodobashi-Akiba (ヨドバシカメラ マルチメディアAkiba),Electronics Store,1,7,9,Wednesday
836,Subway,Center Kita Station (センター北駅),Rail Station,Subway,Takata Station (高田駅),Rail Station,4,4,5,Friday
837,Subway,,,Electronics Store,Yodobashi-Akiba (ヨドバシカメラ マルチメディアAkiba),Electronics Store,3,3,4,Sunday
838,Playground,龍閑児童公園,Park,Park,Horin Park (芳林公園),Park,1,2,4,Thursday
839,Playground,龍閑児童公園,Park,Bridge,Mansei Bridge (万世橋),Bridge,4,1,3,Monday
840,College Academic Building,東5号館,College Academic Building,University,西8号館,College Academic Building,1,0,1,Tuesday
841,College Academic Building,ハルモニア,College Cafeteria,Department Store,Parco (調布PARCO),Shopping Mall,3,9,10,Saturday
842,Subway,Mitsukoshimae Station (三越前駅),Rail Station,Mall,COREDO Muromachi 1 (コレド室町1),Landmarks and Outdoors,4,6,7,Saturday
843,Arcade,Taito Station (タイトーステーション 新宿南口ゲームワールド店),Arcade,Electronics Store,Apple Shibuya (Apple 渋谷),Electronics Store,1,7,9,Wednesday
844,Café,Caffè Veloce (カフェ・ベローチェ),Coffee Shop,Café,Caffè Veloce (カフェ・ベローチェ),Coffee Shop,3,8,9,Monday
845,Café,Caffè Veloce (カフェ・ベローチェ),Coffee Shop,Bar,Bar Android,Bar,1,8,10,Monday
846,Ramen /  Noodle House,Azabu Ramen (麻布ラーメン 麻布十番店),Ramen Restaurant,Bus Station,中ノ橋バス停,Bus Stop,1,5,5,Thursday
847,Bookstore,Tsutaya Books (六本木 蔦屋書店),Bookstore,Coffee Shop,TULLY'S COFFEE 麻布十番店,Café,2,0,0,Sunday
848,Coffee Shop,Tully's Coffee,Coffee Shop,Bank,中京銀行 東京支店,Bank,2,0,0,Friday
849,Bridge,汐彩橋,Landmarks and Outdoors,Convention Center,Tokyo International Forum (東京国際フォーラム),Convention Center,3,7,7,Saturday
850,Sandwich Place,サブウェイ 渋谷文化村通り店,Sandwich Spot,Department Store,Tokyu Department Store (東急百貨店 本店),Department Store,2,8,8,Friday
851,Miscellaneous Shop,MUJI (無印良品),Clothing Store,Bar,缶's BAR 秋葉原店,Bar,3,10,11,Sunday
852,Mall,矢口の渡商店街,Shopping Mall,Bike Shop,BEX ISOYA 川崎店,Bicycle Store,2,7,7,Saturday
853,Bridge,,,Library,大田区役所図書館等多摩川,Library,1,12,12,Saturday
854,Café,Lindt Chocolat Café (リンツ ショコラ カフェ),Chocolate Store,Road,Sukiyabashi Intersection (数寄屋橋交差点),Travel and Transportation,3,7,8,Saturday
855,Department Store,Matsuya Ginza (松屋銀座),Department Store,Japanese Restaurant,古窯,Shabu-Shabu Restaurant,3,3,3,Saturday
856,Mall,Ameya Yokocho (アメヤ横丁),Shopping Mall,Department Store,Seibu-Shinjuku PePe (西武新宿ペペ),Shopping Mall,1,6,7,Sunday
857,Train Station,Kami-Shakujii Station (SS13) (上石神井駅),Rail Station,Subway,,,3,2,3,Sunday
858,Government Building,Tokyo Skytree (東京スカイツリー),Monument,Mall,COREDO Nihonbashi (コレド日本橋),Shopping Mall,3,4,5,Sunday
859,Department Store,LUMINE (ルミネ池袋),Shopping Mall,Train Station,Shibuya Station (渋谷駅),Rail Station,2,6,8,Sunday
860,Food & Drink Shop,Keio Store (京王ストア 稲田堤店),Grocery Store,Food & Drink Shop,Keio Store (京王ストア 稲田堤店),Grocery Store,3,11,11,Saturday
861,Fast Food Restaurant,Yoshinoya (吉野家),Fast Food Restaurant,Other Great Outdoors,Toki no Irodori (稲城天然温泉 季乃彩),Bath House,4,11,11,Sunday
862,Government Building,Ikefukuro (いけふくろう),Monument,Office,Marunouchi Eiraku Building (丸の内永楽ビルディング),Café,1,6,7,Tuesday
863,Neighborhood,,,BBQ Joint,遊牧菜家 新丸ビル,BBQ Joint,2,12,14,Friday
864,Subway,Shin-ochanomizu Station (C12) (新御茶ノ水駅),Metro Station,Airport,Terminal 1 (第1ターミナル),Airport Terminal,2,23,0,Monday
865,Airport,Terminal 1 (第1ターミナル),Airport Terminal,Train Station,Hamamatsucho Station (浜松町駅),Rail Station,4,11,12,Tuesday
866,Park,遅野井湧水の碑,Park,Shrine,井草八幡宮,Shrine,1,21,22,Saturday
867,Restaurant,Music Bar マイ・スター,Yoshoku Restaurant,Subway,Marunouchi Line Shinjuku Station (M08) (丸ノ内線 新宿駅),Metro Station,1,4,5,Monday
868,Road,,,Department Store,Seibu (西武池袋本店),Department Store,2,3,3,Sunday
869,Art Gallery,スマイルプリキュア！おひろめカーニバル,Art Gallery,Department Store,Seibu (西武池袋本店),Department Store,3,3,4,Thursday
870,Bridge,Koremasa Bridge (是政橋),Bridge,College Academic Building,National Astronomical Observatory of Japan (国立天文台),Observatory,2,8,9,Saturday
871,Ramen /  Noodle House,Rasuta (らすた),Ramen Restaurant,Train Station,JR Meguro Station (JR 目黒駅),Rail Station,1,7,9,Saturday
872,Indian Restaurant,Moyan Curry (もうやんカレー),Japanese Curry Restaurant,Korean Restaurant,ナルゲ,BBQ Joint,4,4,4,Thursday
873,Arcade,Tokyo Leisure Land (東京レジャーランド 秋葉原2号店),Arcade,Record Shop,TOWER RECORDS,Record Store,2,7,9,Wednesday
874,Miscellaneous Shop,,,Shrine,鳥越神社,Shrine,1,5,6,Sunday
875,Department Store,Isetan (伊勢丹 新宿店),Department Store,Ramen /  Noodle House,,,2,8,9,Sunday
876,Fast Food Restaurant,マクドナルド,Burger Joint,Arcade,Adores Shibuya (アドアーズ 渋谷店),Arcade,3,8,9,Wednesday
877,Building,Shinjuku Park Tower (新宿パークタワー),Business Center,Train Station,Inokashira Line Shibuya Station (IN01) (京王井の頭線 渋谷駅),Rail Station,2,8,9,Wednesday
878,Miscellaneous Shop,MUJI (無印良品),Clothing Store,Bar,HUB,Pub,2,8,10,Saturday
879,Building,Marunouchi Park Building (丸の内パークビルディング),Business Center,Mobile Phone Shop,docomo smartphone lounge (ドコモ スマートフォンラウンジ),Mobile Phone Store,1,3,4,Wednesday
880,Ramen /  Noodle House,Yudetaro (ゆで太郎),Soba Restaurant,Bridge,昌平橋,Landmarks and Outdoors,1,4,5,Sunday
881,Music Venue,秋葉原ペンタゴン,Rock Club,Subway,Tozai Line Otemachi Station (T09) (東西線 大手町駅),Metro Station,1,9,10,Monday
882,College Academic Building,,,Food & Drink Shop,,,2,9,9,Monday
883,Electronics Store,Yodobashi-Akiba (ヨドバシカメラ マルチメディアAkiba),Electronics Store,Japanese Restaurant,Matsuya (松屋),Restaurant,3,11,11,Sunday
884,Record Shop,TOWER RECORDS,Retail,Train Station,Takeshita Exit (竹下口),Rail Station,4,10,10,Wednesday
885,Hobby Shop,Gamers (ゲーマーズ),Hobby Store,Electronics Store,Bic Camera (ビックカメラ 池袋本店),Home Appliance Store,4,5,6,Saturday
886,Electronics Store,Yodobashi Camera (ヨドバシカメラ 新宿西口本店),Computers and Electronics Retail,Train Station,Shin-Yurigaoka Station (OH23) (新百合ヶ丘駅),Rail Station,1,10,12,Friday
887,Electronics Store,Yodobashi Camera (ヨドバシカメラ 新宿西口本店),Computers and Electronics Retail,Train Station,Shin-Yurigaoka Station (OH23) (新百合ヶ丘駅),Rail Station,1,9,10,Saturday
888,Light Rail,Yurikamome Shimbashi Station (U01) (ゆりかもめ 新橋駅),Rail Station,Burger Joint,McDonald's (マクドナルド),Burger Joint,2,21,22,Monday
889,Light Rail,Yurikamome Shimbashi Station (U01) (ゆりかもめ 新橋駅),Rail Station,Other Great Outdoors,テレコムセンター駅前喫煙所,Plaza,4,21,21,Sunday
890,Music Venue,Shinjuku Blaze (新宿BLAZE),Rock Club,Department Store,Isetan (伊勢丹 新宿店),Department Store,1,5,6,Sunday
891,Food & Drink Shop,テスコエクスプレス大久保店,Grocery Store,Miscellaneous Shop,Can Do (キャンドゥ 新大久保店),Convenience Store,3,6,6,Sunday
892,Shrine,Tokyo Daijingu (東京大神宮),Shrine,Electronics Store,Yodobashi Camera Multimedia Pavilion (ヨドバシカメラ マルチメディア館),Home Appliance Store,3,7,9,Saturday
893,American Restaurant,One's Drive 新丸ビル店,Bar,Art Museum,Tokyo National Museum (東京国立博物館),History Museum,1,5,6,Friday
894,Ramen /  Noodle House,Fukushin (福しん),Ramen Restaurant,Gas Station / Garage,コプローサいのうえ めじろSS,Fuel Station,1,13,14,Friday
895,Bank,MUFG Bank (三菱東京UFJ銀行東中野支店),Bank,Bar,Bar Uramen (BEYOND URAMEN ),Dive Bar,4,15,17,Saturday
896,Japanese Restaurant,Koyanagi (小柳),Unagi Restaurant,Fast Food Restaurant,モスバーガー,Burger Joint,4,10,10,Monday
897,Ramen /  Noodle House,Yomoda Soba (よもだそば),Soba Restaurant,Subway,Takaracho Station (A12) (宝町駅),Metro Station,2,5,7,Wednesday
898,Gym / Fitness Center,メガロス吉祥寺,Sports Club,Stadium,Tokyo Dome (東京ドーム),Stadium,4,5,6,Thursday
899,Train Station,Keio Kichijōji Station (IN17) (京王 吉祥寺駅),Rail Station,Gym / Fitness Center,メガロス吉祥寺,Sports Club,3,8,8,Saturday
900,Bridge,Oshinari Bridge (おしなり橋),Bridge,Bakery,Bakery Kameya (かめぱん 向島店),Bakery,3,8,8,Saturday
901,Bridge,Kototoi Bridge (言問橋),Landmarks and Outdoors,Bridge,Kototoi Bridge (言問橋),Landmarks and Outdoors,1,2,3,Sunday
902,Light Rail,Yurikamome Toyosu Station (U16) (ゆりかもめ 豊洲駅),Rail Station,Convention Center,Tokyo Big Sight (東京ビッグサイト (東京国際展示場)),Italian Restaurant,4,23,0,Saturday
903,University,Aoyama Gakuin University (青山学院大学 青山キャンパス),College and University,Subway,Omote-sando Station (表参道駅),Rail Station,2,3,4,Wednesday
904,Ramen /  Noodle House,Ramen Kagemusha (らーめん影武者 はなれ),Ramen Restaurant,Hobby Shop,Akihabara Gamers (AKIHABARAゲーマーズ),Hobby Store,3,10,11,Friday
905,Ramen /  Noodle House,Menya Musashi Iwatora (麺屋武蔵 巖虎),Ramen Restaurant,Hobby Shop,Akihabara Gamers (AKIHABARAゲーマーズ),Hobby Store,3,11,11,Friday
906,Mediterranean Restaurant,Tanto Domani,Yoshoku Restaurant,Food & Drink Shop,Tokyo Metropolitan Government Building No. 1 Main Building Staff Cafeteria (都庁第一本庁舎職員食堂),Corporate Cafeteria,2,2,3,Thursday
907,Arcade,Tokyo Leisure Land (東京レジャーランド 秋葉原2号店),Arcade,Bookstore,K-BOOKS,Bookstore,2,8,10,Sunday
908,Plaza,汐留シオサイト 地下歩道,Plaza,Mobile Phone Shop,SoftBank (ソフトバンク 銀座),Mobile Phone Store,3,9,10,Friday
909,Train Station,Fuchū Station (KO24) (府中駅),Rail Station,Train Station,Fuchū Station (KO24) (府中駅),Rail Station,3,1,1,Saturday
910,Government Building,Bunkyo Civic Center (文京シビックセンター),Government Building,Bookstore,Maruzen (丸善),Bookstore,2,9,9,Saturday
911,Park,Rekisen Park (礫川公園),Park,Subway,Shirokane-takanawa Station (白金高輪駅),Metro Station,3,9,9,Wednesday
912,Subway,Asakusa Line Mita Station (A08) (都営浅草線 三田駅),Metro Station,Convenience Store,サンクス 田町東口店,Convenience Store,1,11,13,Saturday
913,Sandwich Place,サブウェイ,Deli,Bridge,船路橋,Bridge,1,11,12,Wednesday
914,Ramen /  Noodle House,麺屋 吉左右,Ramen Restaurant,Gym / Fitness Center,T-WALL,Climbing Gym,2,3,4,Friday
915,Mall,神楽坂通り商店街,Shopping Mall,Gym / Fitness Center,T-WALL,Climbing Gym,4,4,6,Friday
916,Food & Drink Shop,AEON (イオン 練馬店),Grocery Store,Train Station,Ekoda Station (SI04) (江古田駅),Rail Station,2,8,9,Monday
917,Spa / Massage,Tokyo Somei Onsen Sakura (東京染井温泉SAKURA),Hot Spring,Mall,Tokyu Plaza Omotesando Harajuku (東急プラザ表参道原宿),Café,2,7,7,Friday
918,Park,Ueno Park (上野恩賜公園),Urban Park,Medical Center,University of Tokyo Hospital (東京大学医学部附属病院),Hospital,4,3,4,Friday
919,Mall,GranSta Tokyo (グランスタ東京),Shopping Mall,Electronics Store,Sofmap Akiba 1st Store (ソフマップAKIBA 1号店 サブカル・モバイル館),Retail,4,9,10,Friday
920,Train Station,Shimo-Kitazawa Station (下北沢駅),Rail Station,BBQ Joint,Nikunchu (肉人),BBQ Joint,4,12,13,Monday
921,American Restaurant,Tokyo Oyster Bar (東京 Oyster Bar 本店),Seafood Restaurant,Movie Theater,TOHO Cinemas (TOHOシネマズ川崎),Movie Theater,1,11,12,Saturday
922,Train Station,Seibu Takadanobaba Station (SS02) (西武 高田馬場駅),Rail Station,Subway,Waseda Station (T04) (早稲田駅),Metro Station,3,6,8,Saturday
923,Music Venue,サウンドスタジオノア高田馬場店,Business and Professional Services,Subway,Kudanshita Station (九段下駅),Rail Station,1,9,10,Sunday
924,Food & Drink Shop,Tsukiji Outer Market (築地場外市場),Japanese Restaurant,Subway,Sengakuji Station (泉岳寺駅),Rail Station,3,6,6,Sunday
925,Bar,さくら水産秋葉原店,Sake Bar,Electronics Store,Yodobashi-Akiba (ヨドバシカメラ マルチメディアAkiba),Electronics Store,1,2,4,Saturday
926,Museum,MEGA WEB,Amusement Park,Museum,MEGA WEB,Amusement Park,3,2,3,Sunday
927,Subway,Toyosu Station (豊洲駅),Metro Station,Museum,MEGA WEB,Amusement Park,1,1,2,Sunday
928,Department Store,Isetan Men's (伊勢丹メンズ館),Department Store,Bookstore,Tower Books ,Bookstore,4,5,6,Friday
929,Park,Tokyo DisneySea (東京ディズニーシー),Amusement Park,Mexican Restaurant,Miguel's El Dorado Cantina (ミゲルズ・エルドラド・キャンティーナ),Café,2,2,3,Wednesday
930,Arcade,Tokyo Leisure Land (東京レジャーランド 秋葉原店),Arcade,Bar,Torahachi (とら八),Sake Bar,1,9,10,Sunday
931,Japanese Restaurant,Okina-an (翁庵),Soba Restaurant,Café,王立アフィリア魔法学院,Café,3,3,4,Monday
932,Subway,Minowa Station (H20) (三ノ輪駅),Rail Station,Department Store,丸重,Department Store,4,8,9,Monday
933,Subway,Minowa Station (H20) (三ノ輪駅),Rail Station,Convention Center,Tokyo Big Sight (東京ビッグサイト (東京国際展示場)),Italian Restaurant,1,21,22,Sunday
934,Convenience Store,FamilyMart (ファミリーマート),Convenience Store,Train Station,Soshigaya-Okura Station (OH13) (祖師ヶ谷大蔵駅),Rail Station,1,8,9,Tuesday
935,Coffee Shop,café Melody (カフェメロディ),Coffee Shop,Chinese Restaurant,魯園菜館砧店,Chinese Restaurant,4,7,7,Sunday
936,Subway,Oedo Line Kiyosumi-shirakawa Station (E14) (都営大江戸線 清澄白河駅),Metro Station,Park,Kiba Park (木場公園),Park,1,4,5,Saturday
937,Café,Kuudle cafe,Café,Food & Drink Shop,マルエツ,Grocery Store,2,4,5,Friday
938,University,University of Tokyo Komaba Campus (東京大学 駒場キャンパス),College and University,College Academic Building,101号館,College Academic Building,1,7,8,Wednesday
939,University,University of Tokyo Hongo Campus (東京大学 本郷キャンパス),College and University,Subway,Akasaka-mitsuke Station (赤坂見附駅),Metro Station,2,14,15,Thursday
940,Library,台東区立中央図書館,Library,College Academic Building,墨田区役所横川コミュニティ会館,Community Center,2,7,9,Saturday
941,Bridge,Keisei Bridge (京成橋),Bridge,College Academic Building,墨田区役所横川コミュニティ会館,Community Center,4,6,6,Saturday
942,Restaurant,Sutadonya (伝説のすた丼屋),Donburi Restaurant,Diner,コシバ食堂,Teishoku Restaurant,1,5,5,Monday
943,Toy / Game Store,,,Bookstore,Maruzen (丸善),Bookstore,4,4,6,Sunday
944,Event Space,belle salle (ベルサール秋葉原),Event Space,Bookstore,K-BOOKS,Bookstore,1,4,5,Friday
945,Office,Chanto Shigoto Suru Space(CSS Space),Coworking Space,Hobby Shop,animate (アニメイト),Retail,1,4,4,Friday
946,Bar,UOKIN PICCOLO,Bar,Drugstore / Pharmacy,ツルハドラッグ 麻布十番店,Drugstore,3,4,5,Sunday
947,Hobby Shop,animate (アニメイト),Hobby Store,Music Venue,Shibuya CLUB QUATTRO (渋谷CLUB QUATTRO),Rock Club,1,10,10,Wednesday
948,Government Building,消防署中野消防署,Fire Station,Train Station,Nakano Station (中野駅),Rail Station,4,19,19,Saturday
949,Bus Station,Willer Bus Terminal Shinjuku West Exit (WILLERバスターミナル新宿西口),Bus Station,Hotel,Keio Plaza Hotel Tokyo (京王プラザホテル),Hotel,2,12,12,Friday
950,Bus Station,葛西駅バスターミナル,Bus Stop,Food & Drink Shop,河内屋葛西店,Grocery Store,1,7,9,Monday
951,Convention Center,Tokyo Big Sight (東京ビッグサイト (東京国際展示場)),Italian Restaurant,Convenience Store,7-Eleven (セブンイレブン 新木場1丁目店),Convenience Store,3,2,3,Saturday
952,Electronics Store,Yamada Denki (ヤマダ電機 LABI新宿東口館),Electronics Store,Japanese Restaurant,Fishing Restaurant Zauo (釣船茶屋ざうお),Seafood Restaurant,4,8,8,Sunday
953,Japanese Restaurant,昭和食堂秋葉原店,Ramen Restaurant,Electronics Store,Sofmap Akiba 1st Store (ソフマップAKIBA 1号店 サブカル・モバイル館),Retail,1,6,7,Saturday
954,Park,Ojima Komatsugawa Park (大島小松川公園),Park,Bridge,荒川大橋,Bridge,4,9,10,Sunday
955,Other Great Outdoors,荒川ロックゲート,Canal Lock,Bridge,荒川大橋,Bridge,3,9,10,Sunday
956,Ramen /  Noodle House,Tokyo Menchintei Honpo (東京麺珍亭本舗),Ramen Restaurant,Ramen /  Noodle House,Tokyo Menchintei Honpo (東京麺珍亭本舗),Ramen Restaurant,3,13,14,Saturday
957,Food & Drink Shop,Seiyu (西友 調布店),Grocery Store,Japanese Restaurant,Nakau (なか卯),Donburi Restaurant,4,11,12,Sunday
958,Medical Center,ファミリークリニック千歳烏山,Hospital,Japanese Restaurant,小坊's,Japanese Restaurant,1,9,10,Monday
959,Asian Restaurant,Kajiya,Asian Restaurant,Ramen /  Noodle House,長寿庵,Soba Restaurant,2,10,11,Monday
960,Stadium,Uvance Todoroki Studium by Fujitsu (Uvanceとどろきスタジアム by Fujitsu),Stadium,Concert Hall,Muza Kawasaki (ミューザ川崎),Business Center,3,8,9,Saturday
961,Burger Joint,MOS Burger (モスバーガー),Burger Joint,Sushi Restaurant,Sushiro (スシロー),Japanese Family Restaurant,1,22,22,Sunday
962,Ramen /  Noodle House,Sagatani (嵯峨谷),Soba Restaurant,Mall,,,1,2,2,Sunday
963,Miscellaneous Shop,Don Quijote (ドン・キホーテ 高田馬場駅前店),Discount Store,Plaza,,,2,5,7,Saturday
964,Building,JR Shinagawa East Building (JR品川イーストビル),Business Center,Japanese Restaurant,Sojibo (そじ坊),Bar,3,3,4,Wednesday
965,Ramen /  Noodle House,,,Convention Center,Tokyo Big Sight (東京ビッグサイト (東京国際展示場)),Italian Restaurant,3,6,7,Friday
966,Dumpling Restaurant,Ginza Tenryu (銀座天龍),Chinese Restaurant,Record Shop,TOWER RECORDS,Retail,1,8,8,Tuesday
967,Bookstore,Fukuya Books (福家書店),Bookstore,Shrine,Hanazono Shrine (花園神社),Shrine,1,10,11,Tuesday
968,Shrine,Konnoh Hachimangu Shrine (金王八幡宮),Shrine,Train Station,Ebisu Station (恵比寿駅),Rail Station,2,6,7,Thursday
969,Furniture / Home Store,SEMPRE HOME,Furniture and Home Store,Office,THE TERMINAL,Internet Cafe,2,5,6,Saturday
970,Bookstore,Mandarake Complex (まんだらけ コンプレックス),Retail,Train Station,Akihabara Electric Town Exit (電気街口),Structure,3,10,11,Thursday
971,Subway,Marunouchi Line Yotsuya Station (M12) (丸ノ内線 四ツ谷駅),Metro Station,Chinese Restaurant,桃李天下中国大陸料理,Chinese Restaurant,4,2,3,Wednesday
972,Miscellaneous Shop,Don Quijote (ドン・キホーテ 環八世田谷店),Discount Store,Food & Drink Shop,OK (オーケー 新用賀店),Supermarket,3,5,6,Sunday
973,Coffee Shop,Tully's Coffee,Coffee Shop,Mall,Tressa Yokohama (トレッサ横浜),Shopping Mall,1,6,6,Saturday
974,Mall,Tokyo Solamachi (東京ソラマチ),Shopping Mall,Hotel,Comfort Hotel Tokyo Kiyosumi Shirakawa (コンフォートホテル東京清澄白河),Hotel,3,12,12,Tuesday
975,Mall,Tokyo Solamachi (東京ソラマチ),Shopping Mall,Ramen /  Noodle House,Udon Honjin Yamadaya (うどん本陣 山田家),Udon Restaurant,4,10,11,Tuesday
976,Event Space,Tokyo Kaikan (東京會舘),French Restaurant,Office,日本光電工業東中野事業所,Office,2,0,1,Friday
977,Subway,Omote-sando Station (表参道駅),Rail Station,Event Space,Tokyo Kaikan (東京會舘),French Restaurant,4,6,6,Thursday
978,Train Station,Hamamatsucho Station (浜松町駅),Rail Station,Airport,Terminal 2 (第2ターミナル),Airport Terminal,4,21,21,Tuesday
979,Cemetery,太宰治墓所,Cemetery,Bookstore,Maruzen (丸善),Bookstore,4,7,9,Saturday
980,Convenience Store,7-Eleven (セブンイレブン 府中緑町3丁目店),Convenience Store,Train Station,Fuchū Station (KO24) (府中駅),Rail Station,2,4,4,Sunday
981,Military Base,JASDF Fuchu Air Base (航空自衛隊 府中基地),Military Base,Train Station,Fuchū Station (KO24) (府中駅),Rail Station,4,10,11,Thursday
982,Train Station,Takadanobaba Station (高田馬場駅),Rail Station,Subway,Iwamotocho Station (S08) (岩本町駅),Rail Station,4,5,7,Saturday
983,Arcade,Tokyo Leisure Land (東京レジャーランド 秋葉原2号店),Arcade,Office,Akihabara UDX (秋葉原UDX),Business Center,4,6,6,Saturday
984,Chinese Restaurant,満香苑,Chinese Restaurant,Chinese Restaurant,満香苑,Chinese Restaurant,1,4,4,Wednesday
985,Sandwich Place,サブウェイ,Deli,Train Station,Keio Shimo-takaido Station (KO07) (京王 下高井戸駅),Rail Station,4,10,12,Tuesday
986,Mall,Ameya Yokocho (アメヤ横丁),Shopping Mall,Bar,Tachinomi Kadokura (立飲み カドクラ),Sake Bar,2,5,6,Sunday
987,Electronics Store,Yodobashi-Akiba (ヨドバシカメラ マルチメディアAkiba),Electronics Store,Subway,,,4,2,4,Friday
988,Subway,Ginza Line Shibuya Station (G01) (銀座線 渋谷駅),Metro Station,Movie Theater,,,4,10,11,Monday
989,Bookstore,Tsutaya Books (代官山 蔦屋書店),Bookstore,Convenience Store,ローソン,Convenience Store,2,9,10,Friday
990,Food & Drink Shop,Summit Store (サミットストア 上北沢店),Grocery Store,Food & Drink Shop,Summit Store (サミットストア 上北沢店),Grocery Store,4,5,5,Saturday
991,Bar,まとい駒八幡山店,Sake Bar,Convenience Store,7-Eleven (セブンイレブン 八幡山駅北口店),Convenience Store,2,14,15,Friday
992,Subway,Nishi-shinjuku Station (M07) (西新宿駅),Rail Station,Mall,Lazona Kawasaki Plaza (ラゾーナ川崎プラザ),Shopping Mall,4,10,11,Monday
993,Bookstore,Maruzen (丸善),Bookstore,Train Station,Kawasaki Station (川崎駅),Rail Station,2,5,6,Saturday
994,Ramen /  Noodle House,Ibukiya Seimen (讃岐うどん 伊吹や製麺),"Cafe, Coffee, and Tea House",Train Station,Ochanomizu Station (御茶ノ水駅),Rail Station,4,2,3,Saturday
995,Hobby Shop,animate (アニメイト),Retail,Subway,Suehirocho Station (G14) (末広町駅),Metro Station,4,4,6,Saturday
996,Subway,Hibiya Line Naka-meguro Station (H01) (日比谷線 中目黒駅),Warehouse,Building,Roppongi Hills Mori Tower (六本木ヒルズ森タワー),Business Center,1,0,0,Monday
997,Train Station,Naka-meguro Station (中目黒駅),Rail Station,Train Station,Naka-meguro Station (中目黒駅),Rail Station,1,23,0,Wednesday
998,Subway,Tozai Line Kayabacho Station (T11) (東西線 茅場町駅),Metro Station,Clothing Store,mita‐sneakers,Shoe Store,4,23,1,Wednesday
999,Food & Drink Shop,ヒロタ 茅場町メトロ東口店,Dessert Shop,Convenience Store,ローソン 日本橋久松町店,Convenience Store,4,3,4,Thursday
1000,Train Station,Urawa Station (浦和駅),Rail Station,Food & Drink Shop,Ito Yokado (イトーヨーカドー 浦和店),Grocery Store,3,8,9,Saturday
1001,Fast Food Restaurant,Matsuya (松屋 渋谷並木橋店),Restaurant,Music Venue,O−EAST,Music Venue,2,5,6,Sunday
1002,Mall,Higashijujo Shotengai (東十条商店街),Shopping Mall,Miscellaneous Shop,7-Eleven (セブンイレブン 葛飾東堀切1丁目店),Convenience Store,3,11,12,Tuesday
1003,Bookstore,Books Kinokuniya Tokyo,Bookstore,Shrine,Meiji Jingu Shrine (明治神宮),Historic and Protected Site,1,7,7,Friday
1004,College Academic Building,東京工業大学ウッドデッキ,College Quad,Fast Food Restaurant,Matsuya (松屋),Restaurant,1,10,11,Monday
1005,Drugstore / Pharmacy,くすりセイジョー 大岡山店,Drugstore,Drugstore / Pharmacy,くすりセイジョー 大岡山店,Drugstore,1,5,5,Sunday
1006,Chinese Restaurant,香港楼,Chinese Restaurant,Office,Akasaka Twin Tower (赤坂ツインタワー),Office Building,1,4,5,Tuesday
1007,Bar,酒ぐら 鳥酎,Yakitori Restaurant,Office,ナレッジスイート,Office,4,4,5,Tuesday
1008,Electronics Store,QC PASS,Electronics Store,Hobby Shop,animate (アニメイト),Retail,1,3,5,Sunday
1009,Bookstore,COMIC ZIN,Comic Book Store,Bookstore,COMIC ZIN,Comic Book Store,4,3,4,Saturday
1010,Japanese Restaurant,とんかつ庄太郎,Tonkatsu Restaurant,Arcade,Taito Station (タイトーステーション 新宿東口店),Arcade,4,9,10,Monday
1011,Subway,Ochiai Station (T02) (落合駅),Rail Station,Ramen /  Noodle House,麺処くるり,Ramen Restaurant,1,2,3,Monday
1012,Athletic & Sport,FC Tokyo Kodaira Ground (FC東京 小平グランド),Monument,Gas Station / Garage,apollostation セルフ小平東SS,Fuel Station,1,9,9,Sunday
1013,Subway,Marunouchi Line Shinjuku Station (M08) (丸ノ内線 新宿駅),Metro Station,Hobby Shop,animate (アニメイト),Hobby Store,2,12,12,Sunday
1014,Subway,Marunouchi Line Ikebukuro Station (M25) (丸ノ内線 池袋駅),Metro Station,Bank,八千代銀行滝野川支店,Bank,3,3,3,Wednesday
1015,Electronics Store,Yamada Denki (ヤマダ電機 LABI新宿東口館),Electronics Store,Coffee Shop,Doutor Coffee Shop (ドトールコーヒーショップ),Coffee Shop,1,7,7,Sunday
1016,Subway,Akasaka-mitsuke Station (赤坂見附駅),Metro Station,Performing Arts Venue,シアター ミラクル,Performing Arts Venue,2,10,12,Wednesday
1017,Performing Arts Venue,シアター ミラクル,Performing Arts Venue,Performing Arts Venue,シアター ミラクル,Performing Arts Venue,2,11,12,Wednesday
1018,Bookstore,K-BOOKS 池袋アニメ館,Bookstore,Building,Sunshine City (サンシャインシティ),Shopping Mall,3,6,8,Friday
1019,Home (private),Lawson Store 100 (ローソンストア100 朝霞東弁財一丁目店),Convenience Store,Train Station,Yanasegawa Station (TJ15) (柳瀬川駅),Rail Station,4,9,10,Friday
1020,Office,Akihabara UDX (秋葉原UDX),Business Center,Food & Drink Shop,Party Party Carolina,Indian Restaurant,1,6,8,Wednesday
1021,Electronics Store,BUY MORE アウトレット館,Electronics Store,Train Station,,,3,10,10,Sunday
1022,Bakery,St. Marc Café (サンマルクカフェ),Café,Bakery,St. Marc Café (サンマルクカフェ),Café,1,0,0,Thursday
1023,Bakery,St. Marc Café (サンマルクカフェ),Café,Convenience Store,7-Eleven (セブンイレブン 港区芝5丁目店),Convenience Store,2,1,2,Saturday
1024,Theater,青山円形劇場,Theater,Theater,青山円形劇場,Theater,2,6,7,Tuesday
1025,College Academic Building,6号館,College Academic Building,Student Center,,,4,6,7,Thursday
1026,Government Building,Imperial Palace Loop (皇居ランニングコース),Track,Dim Sum Restaurant,,,2,11,13,Wednesday
1027,Playground,Buta Park (ぶた公園),Playground,Park,Komazawa Olympic Park Jogging Course (駒沢オリンピック公園ジョギングコース),Track,2,0,1,Friday
1028,Ramen /  Noodle House,ラーメン凪炎のつけめん,Ramen Restaurant,Japanese Restaurant,新和食ダイニング隠れ房新宿店,Sake Bar,3,11,12,Friday
1029,Subway,Tsukiji Station (H11) (築地駅),Rail Station,General Entertainment,ブディストホール,Theater,1,3,5,Sunday
1030,Chinese Restaurant,Osaka Ohsho (大阪王将),Chinese Restaurant,Record Shop,TOWER RECORDS,Record Store,1,6,7,Saturday
1031,Subway,Hibiya Line Akihabara Station (H16) (日比谷線 秋葉原駅),Metro Station,Japanese Restaurant,Butagumi Shabuan (豚組 しゃぶ庵),Shabu-Shabu Restaurant,3,8,9,Sunday
1032,Hobby Shop,Akihabara Gamers (AKIHABARAゲーマーズ),Hobby Store,Movie Theater,Shinjuku Wald 9 (新宿バルト9),Movie Theater,4,8,9,Thursday
1033,Plaza,Herbert von Karajan Plaza (アーク・カラヤン広場),Plaza,Subway,,,1,9,9,Friday
1034,Electronics Store,Yodobashi Camera (ヨドバシカメラ マルチメディア川崎ルフロン),Home Appliance Store,Food & Drink Shop,AEON Style (イオンスタイル品川シーサイド),Grocery Store,2,5,7,Wednesday
1035,Train Station,Samezu Station (KK05) (鮫洲駅),Rail Station,Convenience Store,サークルK品川シーサイド店,Convenience Store,1,8,9,Tuesday
1036,Hobby Shop,animate (アニメイト),Retail,Mall,Ameya Yokocho (アメヤ横丁),Shopping Mall,2,6,6,Saturday
1037,Ramen /  Noodle House,万里,Chinese Restaurant,Electronics Store,Yodobashi-Akiba (ヨドバシカメラ マルチメディアAkiba),Electronics Store,4,5,6,Thursday
1038,Subway,Ogawamachi Station (S07) (小川町駅),Rail Station,Electronics Store,Yodobashi-Akiba (ヨドバシカメラ マルチメディアAkiba),Electronics Store,3,8,9,Monday
1039,Board Shop,Victoria viento,Board Store,Electronics Store,Yodobashi-Akiba (ヨドバシカメラ マルチメディアAkiba),Electronics Store,1,8,9,Monday
1040,Subway,Higashi-ikebukuro Station (Y10) (東池袋駅),Metro Station,Building,Tokyo Sankei Building (東京サンケイビル),Business Center,3,9,9,Wednesday
1041,Subway,Kayabacho Station (茅場町駅),Rail Station,Food & Drink Shop,Hanamasa (肉のハナマサ 日本橋宝町店),Butcher,1,8,8,Wednesday
1042,Gym / Fitness Center,Tipness (ティップネス 国分寺店),Gym and Studio,Train Station,Kokubunji Station (国分寺駅),Rail Station,2,8,9,Thursday
1043,Train Station,,,Other Nightlife,,,3,7,7,Sunday
1044,Electronics Store,Yamada Denki LABI (ヤマダデンキ LABI 渋谷),Home Appliance Store,Record Shop,TOWER RECORDS,Retail,1,10,11,Wednesday
1045,Plaza,Hachiko Square (ハチ公前広場),Plaza,Japanese Restaurant,Tonkatsu Maisen (まい泉),Tonkatsu Restaurant,2,9,9,Wednesday
1046,General Entertainment,Differ Ariake (ディファ有明),Business and Professional Services,Convention Center,Tokyo Big Sight (東京ビッグサイト (東京国際展示場)),Italian Restaurant,3,7,8,Saturday
1047,Subway,Toyocho Station (T14) (東陽町駅),Rail Station,Restaurant,沖縄料理と泡盛 うみんちゅ家 東陽町店,Japanese Restaurant,3,8,9,Wednesday
1048,Bus Station,高田馬場駅前バス停,Bus Stop,Convenience Store,FamilyMart (ファミリーマート 西早稲田二丁目店),Convenience Store,1,8,8,Thursday
1049,Miscellaneous Shop,AssistOn (アシストオン 原宿店),Gift Store,Food & Drink Shop,やまや道玄坂店,Retail,1,8,9,Saturday
1050,Park,Togo Gensui Memorial Park (東郷元帥記念公園),Park,Building,KΥ三番町ビル,Structure,1,5,5,Thursday
1051,Ramen /  Noodle House,麺家大勝軒,Dumpling Restaurant,Bookstore,Maruzen (丸善),Unagi Restaurant,2,1,2,Wednesday
1052,Smoke Shop,渋谷駅宮益坂下口 Smoking Area,Plaza,Video Store,TSUTAYA (TSUTAYA 東大島店),Video Store,1,14,15,Friday
1053,Coffee Shop,モトヤエクスプレス 渋谷文教堂店,Coffee Shop,Smoke Shop,渋谷駅宮益坂下口 Smoking Area,Plaza,3,10,12,Saturday
1054,Train Station,Musashi-Nakahara Station (武蔵中原駅),Rail Station,Train Station,Musashi-Nakahara Station (武蔵中原駅),Rail Station,3,10,10,Tuesday
1055,Arcade,シルクハット 川崎モアーズ,Arcade,Train Station,Kawasaki Station (川崎駅),Rail Station,1,6,6,Sunday
1056,Hobby Shop,Lashinbang (らしんばん 秋葉原店 本館),Hobby Store,Home (private),,,1,7,9,Wednesday
1057,Toy / Game Store,Pop Life Department M's (大人のデパート エムズ),Adult Store,Bar,缶's BAR 秋葉原店,Bar,4,9,11,Saturday
1058,Subway,Toyosu Station (豊洲駅),Metro Station,Ramen /  Noodle House,安曇野庵・品川インターシティ店,Beer Bar,3,3,4,Tuesday
1059,Office,赤坂パークビル,Business Center,Subway,Akasaka Station (C06) (赤坂駅),Rail Station,2,7,9,Wednesday
1060,Electronics Store,Yodobashi-Akiba (ヨドバシカメラ マルチメディアAkiba),Electronics Store,Arcade,Tokyo Leisure Land (東京レジャーランド 秋葉原2号店),Arcade,4,11,12,Friday
1061,Mall,AKIBA TOLIM (アキバ・トリム),Shopping Mall,Italian Restaurant,Spaghetti Pancho (スパゲッティーのパンチョ),Italian Restaurant,1,12,12,Thursday
1062,Art Gallery,ギャラリー蒼穹舎,Art Gallery,Art Gallery,Place M,Art Gallery,1,7,8,Sunday
1063,Electronics Store,Yodobashi Camera (ヨドバシカメラ 新宿西口本店),Computers and Electronics Retail,Subway,Shin-egota Station (E34) (新江古田駅),Rail Station,3,6,8,Saturday
1064,Office,Sea Fort Square (シーフォートスクエア),Business Center,Airport,Terminal 2 (第2ターミナル),Airport Terminal,1,3,4,Thursday
1065,Department Store,Parco (吉祥寺PARCO),Retail,Train Station,Keio Kichijōji Station (IN17) (京王 吉祥寺駅),Rail Station,2,10,11,Saturday
1066,Electronics Store,Yamada Denki LABI (ヤマダデンキ LABI 渋谷),Home Appliance Store,Café,factory,Bar,3,11,12,Tuesday
1067,Train Station,Daikan-yama Station (TY02) (代官山駅),Rail Station,Ramen /  Noodle House,Mouko Tanmen Nakamoto (蒙古タンメン中本),Ramen Restaurant,1,5,5,Thursday
1068,Department Store,Marui (有楽町マルイ),Department Store,Jewelry Store,Cartier,Jewelry Store,3,8,9,Sunday
1069,Ramen /  Noodle House,小諸そば 末広町店,Soba Restaurant,Bookstore,COMIC ZIN,Comic Book Store,1,7,7,Monday
1070,Electronics Store,東映無線 パソコンハウス東映,Electronics Store,Bus Station,Monzen-Nakacho Bus Stop (門前仲町バス停),Bus Stop,1,4,5,Sunday
1071,Subway,Bakuro-yokoyama Station (S09) (馬喰横山駅),Metro Station,Government Building,Tokyo Skytree (東京スカイツリー),Monument,1,8,9,Thursday
1072,Arcade,Taito Station (タイトーステーション 新宿南口ゲームワールド店),Arcade,Bookstore,Books Kinokuniya Tokyo,Bookstore,2,7,7,Tuesday
1073,Bowling Alley,Tokyo Bowling Center (東京ボウリングセンター),Bowling Alley,Arcade,タイトーステーション 国分寺店,Arcade,2,8,10,Tuesday
1074,History Museum,Edo-Tokyo Museum (江戸東京博物館),Museum,Train Station,Kinshichō Station (錦糸町駅),Rail Station,3,10,12,Saturday
1075,Café,St. Marc Café (サンマルクカフェ),Coffee Shop,Movie Theater,TOHO Cinemas (TOHOシネマズ錦糸町オリナス),Movie Theater,1,11,12,Friday
1076,Subway,Omote-sando Station (表参道駅),Rail Station,Mall,Omotesando Hills (表参道ヒルズ),Shopping Mall,1,4,4,Saturday
1077,Shrine,Kanda Myojin Shrine (神田明神),Wedding Hall,Bookstore,古書 往来座,Used Bookstore,2,5,6,Saturday
1078,Chinese Restaurant,Xiang ni cafe (シャンニーカフェ),Chinese Restaurant,Clothing Store,BEAMS・T・HARAJUKU,Clothing Store,1,4,5,Friday
1079,Italian Restaurant,SUNBUCA (サンブーカ),Italian Restaurant,Building,Roppongi Hills Mori Tower (六本木ヒルズ森タワー),Business Center,2,2,3,Tuesday
1080,Subway,Hanzomon Station (Z05) (半蔵門駅),Rail Station,Convenience Store,FamilyMart (ファミリーマート 西五反田二丁目店),Convenience Store,1,10,12,Thursday
1081,Café,エクセルシオールカフェ五反田桜田通り店,Café,Subway,,,3,11,11,Monday
1082,Subway,Namboku Line Shirokane-takanawa Station (N03) (南北線 白金高輪駅),Metro Station,Train Station,Seijōgakuen-mae Station (OH14) (成城学園前駅),Rail Station,1,10,11,Monday
1083,Sushi Restaurant,Sushizanmai (すしざんまい),Sushi Restaurant,Train Station,Seijōgakuen-mae Station (OH14) (成城学園前駅),Rail Station,1,5,7,Wednesday
1084,Electronics Store,Apple Shibuya (Apple 渋谷),Electronics Store,Electronics Store,Apple Shibuya (Apple 渋谷),Electronics Store,4,9,10,Thursday
1085,Historic Site,Tenshudai (Donjon Base) (天守台),Historic and Protected Site,Building,Marunouchi Building (丸の内ビルディング),Business Center,2,6,8,Saturday
1086,Office,Yurakucho Denki Building (有楽町電気ビルヂング),Office Building,Ramen /  Noodle House,Ginza Oborozuki (銀座 朧月),Ramen Restaurant,1,10,11,Tuesday
1087,Bus Station,川崎駅東口バスターミナル,Bus Station,Arcade,Silk Hat (シルクハット),Arcade,1,12,12,Thursday
1088,Bookstore,K-BOOKS,Bookstore,Subway,Kayabacho Station (茅場町駅),Rail Station,4,7,8,Saturday
1089,Subway,Kayabacho Station (茅場町駅),Rail Station,Electronics Store,Yodobashi-Akiba (ヨドバシカメラ マルチメディアAkiba),Electronics Store,4,4,6,Sunday
1090,Electronics Store,Yamada Denki LABI 1 (ヤマダデンキ LABI1 LIFE SELECT 池袋),Home Appliance Store,Train Station,Keio Shinjuku Station (KO01) (京王 新宿駅),Rail Station,2,3,5,Wednesday
1091,Ramen /  Noodle House,Ringer Hut (リンガーハット),Japanese Restaurant,Building,Cerulean Tower (セルリアンタワー),Business Center,4,3,5,Tuesday
1092,Ramen /  Noodle House,Sojibo (そじ坊),Soba Restaurant,Mall,Lazona Kawasaki Plaza (ラゾーナ川崎プラザ),Shopping Mall,3,3,4,Sunday
1093,Deli / Bodega,鳥良大森店,Wings Joint,Food & Drink Shop,Ito Yokado (イトーヨーカドー 大森店),Grocery Store,4,3,4,Sunday
1094,Park,Shirogane Park (白銀公園),Park,Shrine,Yasukuni-jinja Shrine (靖国神社),Historic and Protected Site,3,4,5,Monday
1095,Shrine,靖国神社大鳥居,Shrine,Science Museum,Science Museum (科学技術館),Science Museum,2,5,6,Monday
1096,Food & Drink Shop,Seiyu (西友 調布店),Grocery Store,Department Store,Parco (調布PARCO),Shopping Mall,2,6,6,Saturday
1097,Diner,Matsuya (松屋 勝どき店),Restaurant,Electronics Store,Yodobashi Camera (ヨドバシカメラ 新宿西口本店),Computers and Electronics Retail,2,5,6,Sunday
1098,Subway,Akasaka-mitsuke Station (赤坂見附駅),Metro Station,Train Station,Odakyu Shinjuku Station (OH01) (小田急 新宿駅),Rail Station,2,8,9,Saturday
1099,Subway,Hanzomon Line Otemachi Station (Z08) (半蔵門線 大手町駅),Metro Station,Government Building,Shibuya Police Station (渋谷警察署),Police Station,2,9,9,Thursday
1100,Video Store,TSUTAYA,Video Store,Convenience Store,7-Eleven (セブンイレブン 吉祥寺中町店),Convenience Store,3,1,3,Tuesday
1101,Video Store,TSUTAYA,Video Store,Restaurant,新宿中村屋 オリーブハウス 東急吉祥寺店,Restaurant,3,8,9,Tuesday
1102,Playground,大森グリーンベルト,Playground,Laundry Service,ポニークリーニング,Laundry Service,2,11,11,Friday
1103,Train Station,JR大森駅北口,Rail Station,Ramen /  Noodle House,Ippudo Shiromaru-Base (一風堂 SHIROMARU-BASE),Ramen Restaurant,4,12,12,Wednesday
1104,Airport,Terminal 2 (第2ターミナル),Airport Terminal,Ferry,Jungle Cruise (ジャングルクルーズ),Attraction,1,7,8,Saturday
1105,Subway,Omote-sando Station (表参道駅),Rail Station,Moroccan Restaurant,モロッコ タジンや,Mediterranean Restaurant,2,3,4,Tuesday
1106,Dumpling Restaurant,Gyoza Ohsho (餃子の王将),Chinese Restaurant,Subway,Nishi-sugamo Station (I16) (西巣鴨駅),Metro Station,4,12,12,Thursday
1107,Fast Food Restaurant,Matsuya (松屋),Restaurant,Train Station,Ōokayama Station (大岡山駅),Rail Station,1,9,9,Monday
1108,Miscellaneous Shop,Don Quijote (ドン・キホーテ 秋葉原店),Retail,Hobby Shop,Deranannan (でらなんなん 秋葉原店),Hobby Store,2,4,5,Thursday
1109,Train Station,Iidabashi Station (飯田橋駅),Rail Station,Electronics Store,Yodobashi-Akiba (ヨドバシカメラ マルチメディアAkiba),Electronics Store,2,7,7,Wednesday
1110,Subway,Waseda Station (T04) (早稲田駅),Metro Station,Italian Restaurant,イタリア食堂TOKABO神楽坂店,Italian Restaurant,3,6,7,Saturday
1111,Park,漱石公園,Park,Italian Restaurant,イタリア食堂TOKABO神楽坂店,Italian Restaurant,1,6,7,Saturday
1112,Hotel,Tokyo Prince Hotel (東京プリンスホテル),Hotel,Office,West Tower (ウエストタワー),Business Center,1,8,10,Monday
1113,Shrine,芝大神宮社務所,Shrine,Office,West Tower (ウエストタワー),Business Center,4,8,10,Monday
1114,Electronics Store,Yamada Denki (ヤマダ電機 LABI新宿東口館),Electronics Store,Event Space,LOFT PLUS ONE,Event Space,3,8,9,Sunday
1115,Coffee Shop,Doutor Coffee Shop (ドトールコーヒーショップ),Coffee Shop,Shrine,Kanda Myojin Shrine (神田明神),Wedding Hall,3,5,6,Friday
1116,Bar,Uosen Suisan (三代目網元 魚鮮水産),Sake Bar,Japanese Restaurant,Toriichi (鳥一伝承 焼鳥酒場ヤスモリ商店),Yakitori Restaurant,3,3,3,Wednesday
1117,Coffee Shop,Starbucks,Coffee Shop,Office,エレクトロニック・アーツ,Office,3,23,23,Wednesday
1118,Road,Ginza Maronie Dori (銀座マロニエ通り),Road,Embassy / Consulate,Embassy of the Federative Republic of Brazil (ブラジル連邦共和国大使館),Embassy or Consulate,1,7,9,Wednesday
1119,Indian Restaurant,Andhra Kitchen (アーンドラ・キッチン),South Indian Restaurant,Movie Theater,National Film Archive of Japan (国立映画アーカイブ),Movie Theater,1,8,9,Thursday
1120,Train Station,Higashi-Fushimi Station (SS15) (東伏見駅),Rail Station,Train Station,Higashi-Fushimi Station (SS15) (東伏見駅),Rail Station,2,5,5,Saturday
1121,Café,Caffè Veloce (カフェ・ベローチェ),Coffee Shop,Athletic & Sport,コブシ球場,Baseball Field,2,6,7,Sunday
1122,Office,Bunkyo Green Court (文京グリーンコート),Shopping Mall,Department Store,Seibu (西武池袋本店),Department Store,3,7,8,Sunday
1123,Bar,三千世堺,BBQ Joint,Train Station,Hamamatsucho Station (浜松町駅),Rail Station,3,10,10,Tuesday
1124,Subway,Ginza Line Ginza Station (G09) (銀座線 銀座駅),Metro Station,Drugstore / Pharmacy,,,3,8,9,Thursday
1125,Subway,Ginza Line Ueno Station (G16) (銀座線 上野駅),Metro Station,Bridge,Nihonbashi Bridge (日本橋),Bridge,2,22,0,Thursday
1126,Electronics Store,Yodobashi-Akiba (ヨドバシカメラ マルチメディアAkiba),Electronics Store,Hobby Shop,GANKING 秋葉原店,Hobby Store,4,5,6,Sunday
1127,Other Great Outdoors,Chidorigafuchi (千鳥ヶ淵),Lake,Park,Sumida Park (隅田公園),Park,4,3,5,Sunday
1128,Train Station,JR Shin-Kiba Station (JR 新木場駅),Rail Station,Bridge,Tokyo Gate Bridge (東京ゲートブリッジ),Bridge,2,22,23,Thursday
1129,Bridge,Shin-Arakawa-ohashi Bridge (新荒川大橋),Landmarks and Outdoors,Road,Kajigaya Intersection (梶ケ谷交差点),Travel and Transportation,2,11,12,Sunday
1130,Movie Theater,Waseda Shochiku (早稲田松竹),Movie Theater,College Academic Building,,,2,6,6,Monday
1131,Subway,Waseda Station (T04) (早稲田駅),Metro Station,College Academic Building,GSAPS (早稲田大学 アジア太平洋研究センター),College Academic Building,2,5,6,Monday
1132,Ramen /  Noodle House,Tsurumaru (つるまる饂飩),Udon Restaurant,School,さが美きもの文化学苑銀座校,Education,2,4,4,Saturday
1133,Subway,Meiji-jingumae 'Harajuku' Station (明治神宮前 駅),Metro Station,Subway,Omote-sando Station (表参道駅),Rail Station,2,4,5,Saturday
1134,Art Gallery,GALLERY TRINITY ギャラリー・トリニティ,Art Gallery,Bar,Taki (滝),Sake Bar,3,9,11,Saturday
1135,Movie Theater,Kadokawa Cinema Shinjuku (角川シネマ新宿),Movie Theater,Subway,,,3,1,2,Saturday
1136,Department Store,Matsuya Ginza (松屋銀座),Department Store,Art Gallery,Ginza Graphic Gallery (ギンザ・グラフィック・ギャラリー),Museum,3,8,9,Wednesday
1137,Electronics Store,Apple Shibuya (Apple 渋谷),Electronics Store,Department Store,REMODE,Department Store,3,9,9,Friday
1138,Subway,Hanzomon Station (Z05) (半蔵門駅),Rail Station,General Entertainment,,,2,10,10,Friday
1139,Train Station,JR Kita-Senju Station (JR 北千住駅),Rail Station,Electronics Store,Sofmap Akiba 1st Store (ソフマップAKIBA 1号店 サブカル・モバイル館),Retail,4,2,2,Tuesday
1140,Hobby Shop,Gamers (ゲーマーズ),Hobby Store,Department Store,Seibu (西武池袋本店),Department Store,1,10,11,Thursday
1141,Indian Restaurant,Aubergine (欧風カレー オーベルジーヌ),Japanese Curry Restaurant,Subway,,,2,5,6,Saturday
1142,Hotel,The Royal Park Hotel Iconic Tokyo Shiodome (ザ ロイヤルパークホテル アイコニック 東京汐留),Hotel,Rest Area,大井PA ,Rest Area,1,11,11,Wednesday
1143,Hotel,The Royal Park Hotel Iconic Tokyo Shiodome (ザ ロイヤルパークホテル アイコニック 東京汐留),Hotel,Road,Haneda Airport Exit (空港中央出入口),Toll Booth,4,11,11,Wednesday
1144,Bar,Three Thread,Bar,Electronics Store,BICQLO (ビックロ),Electronics Store,3,7,7,Saturday
1145,Subway,,,Furniture / Home Store,Super VIVA HOME (スーパービバホーム 豊洲店),Professional Cleaning Service,4,7,8,Saturday
1146,Bank,Sumitomo Mitsui Banking (三井住友銀行 赤坂支店),Bank,Diner,Ginza Lion (銀座ライオン),Beer Bar,2,3,3,Thursday
1147,Diner,Ginza Lion (銀座ライオン),Beer Bar,Vietnamese Restaurant,Com Pho,Vietnamese Restaurant,3,3,5,Thursday
1148,College Academic Building,東34号館,College Technology Building,Fast Food Restaurant,McDonald's (マクドナルド),Burger Joint,2,7,8,Wednesday
1149,Train Station,Chōfu Station (KO18) (調布駅),Rail Station,Video Store,TSUTAYA,Video Store,3,10,10,Wednesday
1150,Building,PASONA SQUARE (パソナスクエア),Business Center,Mall,Tokyu Plaza Omotesando Harajuku (東急プラザ表参道原宿),Café,1,7,8,Sunday
1151,Video Store,SHIBUYA TSUTAYA,Retail,Bus Station,17番のりば,Bus Stop,1,11,11,Monday
1152,Arcade,,,Bookstore,Comic Toranoana A (コミックとらのあな 秋葉原店A),Comic Book Store,1,9,9,Monday
1153,Food & Drink Shop,Kinokuniya International (紀ノ国屋インターナショナル),Grocery Store,Mall,Shibuya Hikarie (渋谷ヒカリエ),Business Center,4,10,11,Thursday
1154,Bar,土間土間下北沢店,Sake Bar,Subway,,,2,9,10,Friday
1155,Coffee Shop,STREAMER COFFEE COMPANY,Café,Ramen /  Noodle House,Tokyo Aburagumi Sohonten (東京油組総本店),Ramen Restaurant,4,8,9,Friday
1156,Japanese Restaurant,食事処桜の木,Japanese Restaurant,Bridge,赤羽橋,Landmarks and Outdoors,1,3,5,Friday
1157,Subway,Azabu-juban Station (麻布十番駅),Rail Station,Home (private),,,2,0,0,Thursday
1158,Office,,,Road,溝田橋交差点,Travel and Transportation,1,16,17,Monday
1159,Bridge,札の辻橋,Bridge,Train Station,Kodemmacho Station (H15) (小伝馬町駅),Metro Station,4,21,21,Tuesday
1160,Department Store,Marui (上野マルイ),Department Store,Arcade,Taito Station (タイトーステーション 上野アメ横店),Arcade,4,7,8,Saturday
1161,Mall,Aqua City Odaiba (アクアシティお台場),Shopping Mall,Park,LEGOLAND Discovery Center Tokyo (レゴランド・ディスカバリー・センター東京),Amusement Park,4,2,4,Sunday
1162,Indian Restaurant,Samrat (サムラート),Indian Restaurant,Japanese Restaurant,,,1,4,5,Friday
1163,Electronics Store,Yamada Denki LABI (ヤマダデンキ LABI 渋谷),Home Appliance Store,Museum,Bunkamura The Museum (Bunkamura ザ・ミュージアム),Art Museum,2,9,10,Sunday
1164,Tapas Restaurant,タパス&タパス,Tapas Restaurant,Office,つばさレコーズ,Office,2,11,12,Sunday
1165,Convenience Store,7-Eleven (セブンイレブン 三鷹新川1丁目店),Convenience Store,Subway,Center Minami Station (センター南駅),Metro Station,1,7,9,Friday
1166,Video Store,SHIBUYA TSUTAYA,Retail,French Restaurant,Bistro orancio,French Restaurant,2,11,13,Friday
1167,Mall,GranSta Tokyo (グランスタ東京),Shopping Mall,Department Store,Seibu (西武池袋本店),Department Store,1,5,6,Saturday
1168,Train Station,Kameari Station (亀有駅),Rail Station,Train Station,Kameari Station (亀有駅),Rail Station,2,11,12,Wednesday
1169,Subway,Oji-kamiya Station (N17) (王子神谷駅),Rail Station,Ramen /  Noodle House,麺や 来吉,Ramen Restaurant,3,10,10,Friday
1170,Electronics Store,Yodobashi Camera (ヨドバシカメラ 新宿西口本店),Computers and Electronics Retail,Mobile Phone Shop,,,3,8,9,Thursday
1171,Subway,Chikatetsu-narimasu Station (Y02/F02) (地下鉄成増駅),Metro Station,Electronics Store,Bic Camera (ビックカメラ 有楽町店),Home Appliance Store,4,9,10,Friday
1172,Bar,SMOKE-BAR&GRILL,Yoshoku Restaurant,Electronics Store,Bic Camera (ビックカメラ),Electronics Store,3,5,7,Saturday
1173,Department Store,Wira Ooi (ウィラ大井),Retail,Other Great Outdoors,Oi Futo Chuo Kaihin Park (大井ふ頭中央海浜公園),Park,3,0,2,Saturday
1174,Electronics Store,Yodobashi-Akiba (ヨドバシカメラ マルチメディアAkiba),Electronics Store,Convenience Store,NEWDAYS 秋葉原,Convenience Store,3,4,5,Sunday
1175,Hobby Shop,フルコンプ秋葉原店,Retail,Arcade,GIGO Akihabara 1 (ハイテクランドセガ秋葉原),Arcade,1,5,5,Saturday
1176,General Travel,,,Clothing Store,UNIQLO (ユニクロ),Clothing Store,3,5,6,Sunday
1177,Electronics Store,ark (パソコンショップアーク),Computers and Electronics Retail,Train Station,Akihabara Electric Town Exit (電気街口),Structure,3,7,8,Sunday
1178,Japanese Restaurant,Tokyo Tonteki (東京トンテキ),Yoshoku Restaurant,Video Store,SHIBUYA TSUTAYA,Retail,4,11,12,Monday
1179,Convenience Store,7-Eleven (セブンイレブン 練馬豊玉南店),Convenience Store,Park,練馬駅駅前広場,Park,3,16,16,Sunday
1180,Drugstore / Pharmacy,ドラッグセイムス新座東店,Drugstore,Drugstore / Pharmacy,ドラッグセイムス新座東店,Drugstore,3,8,8,Saturday
1181,Mall,AEON Mall (イオンモール北戸田),Shopping Mall,Mall,AEON Mall (イオンモール北戸田),Shopping Mall,2,4,5,Saturday
1182,Italian Restaurant,スパマッチョ,Italian Restaurant,Subway,Hibiya Line Ebisu Station (H02) (日比谷線 恵比寿駅),Metro Station,4,2,3,Wednesday
1183,Ramen /  Noodle House,Komoro Soba (小諸そば),Soba Restaurant,Italian Restaurant,Spaghetti Pancho (スパゲッティーのパンチョ),Italian Restaurant,4,9,9,Thursday
1184,Government Building,RG 1/1 RX-78-2 Gundam Ver. GFT (RG1/1 RX-78-2 ガンダム Ver.GFT),Monument,Government Building,RG 1/1 RX-78-2 Gundam Ver. GFT (RG1/1 RX-78-2 ガンダム Ver.GFT),Monument,4,9,9,Saturday
1185,Mall,Church Plaza (教会広場),Plaza,Government Building,RG 1/1 RX-78-2 Gundam Ver. GFT (RG1/1 RX-78-2 ガンダム Ver.GFT),Monument,4,3,4,Saturday
1186,Ramen /  Noodle House,Hope-ken Honpo (ホープ軒本舗),Ramen Restaurant,Electronics Store,Yodobashi-Kichijoji (ヨドバシカメラ マルチメディア吉祥寺),Home Appliance Store,4,4,5,Sunday
1187,Electronics Store,BICQLO (ビックロ),Electronics Store,Bar,T・Sミュージック,Theater,4,9,11,Monday
1188,Japanese Restaurant,Rice Curry Manten (ライスカレーまんてん),Japanese Curry Restaurant,Electronics Store,Yodobashi-Akiba (ヨドバシカメラ マルチメディアAkiba),Electronics Store,1,7,7,Saturday
1189,Indian Restaurant,Bondy (ボンディ),Japanese Curry Restaurant,Café,Milonga Nueva (ミロンガ ヌオーバ),Café,3,4,6,Saturday
1190,Italian Restaurant,Spajiro (すぱじろう),Italian Restaurant,Office,東洋レコーディング,Recording Studio,4,5,6,Thursday
1191,Convention Center,East Exhibition Hall (東展示棟),Convention Center,Bridge,Tokyo Gate Bridge (東京ゲートブリッジ),Bridge,3,7,8,Sunday
1192,Hobby Shop,animate (アニメイト),Retail,Coffee Shop,Starbucks (スターバックス),Coffee Shop,3,8,10,Sunday
1193,Arcade,Hey - Hirose Entertainment Yard (Hey ヒロセエンターテイメントヤード),Arcade,Train Station,Akihabara Electric Town Exit (電気街口),Structure,1,3,4,Sunday
1194,Diner,Denny's (デニーズ),Japanese Family Restaurant,Convenience Store,7-Eleven (セブンイレブン),Convenience Store,4,2,3,Saturday
1195,Government Building,Fuchu Driver's License Center (府中運転免許試験場),Japanese Restaurant,Cemetery,Tama Cemetery (多磨霊園),Cemetery,2,4,4,Sunday
1196,Shrine,Akasakahikawa Shrine (赤坂氷川神社),Shrine,Café,Caffè Veloce (カフェ・ベローチェ),Café,1,7,8,Sunday
1197,Food & Drink Shop,小林米店,Retail,Music Venue,Koenji High (カムステージ高円寺),Rock Club,2,8,8,Saturday
1198,Medical School,医学部3号館,College Academic Building,Subway,Kasumigaseki Station (霞ケ関駅),Rail Station,3,3,5,Monday
1199,Coffee Shop,スターバックス,Coffee Shop,Other Great Outdoors,Shinobazu Pond (不忍池),Landmarks and Outdoors,3,1,2,Sunday
1200,Temple,Ikegami Honmon-ji (池上本門寺),Temple,Bridge,ガス橋,Landmarks and Outdoors,1,22,23,Saturday
1201,Shrine,徳持神社,Shrine,Bus Station,矢口小学校バス停,Bus Stop,1,21,21,Sunday
1202,Ramen /  Noodle House,Ibukiya Seimen (讃岐うどん 伊吹や製麺),"Cafe, Coffee, and Tea House",Ramen /  Noodle House,Ibukiya Seimen (讃岐うどん 伊吹や製麺),"Cafe, Coffee, and Tea House",2,2,3,Sunday
1203,Café,Tsubakiya Coffee (椿屋珈琲店),Café,Park,Nishi-Rokugo Park (Tire Park) (西六郷公園 (タイヤ公園)),Park,4,0,0,Monday
1204,Subway,Kasuga Station (春日駅),Metro Station,University,Ikenohata Gate (池之端門),College and University,2,8,9,Saturday
1205,Subway,Kasuga Station (春日駅),Metro Station,Temple,Kiyomizu Kannon-do (清水観音堂),Temple,1,8,9,Saturday
1206,Subway,Suehirocho Station (G14) (末広町駅),Metro Station,Event Space,belle salle (ベルサール秋葉原),Event Space,2,4,5,Sunday
1207,Arcade,Hey - Hirose Entertainment Yard (Hey ヒロセエンターテイメントヤード),Arcade,Office,副会長商店事務所,Office,1,10,11,Saturday
1208,Coffee Shop,BECK'S COFFEE SHOP 新宿店,Café,Subway,Akebonobashi Station (S03) (曙橋駅),Rail Station,2,7,8,Monday
1209,Department Store,Odakyu Department Store (小田急百貨店 新宿店),Department Store,Art Gallery,ゑいじう,Retail,1,7,8,Monday
1210,Plaza,SL Plaza (SL広場),Plaza,Park,,,1,9,11,Thursday
1211,Other Great Outdoors,玉川上水第二緑道,Park,Subway,Omote-sando Station (表参道駅),Rail Station,1,22,23,Sunday
1212,Bike Shop,Y's Road  赤坂店,Bicycle Store,Subway,Kiba Station (T13) (木場駅),Metro Station,4,9,10,Sunday
1213,Train Station,Shimo-akatsuka Station (TJ09) (下赤塚駅),Rail Station,Ramen /  Noodle House,Tsujita (つじ田),Ramen Restaurant,2,10,11,Sunday
1214,Government Building,Tokyo Skytree (東京スカイツリー),Monument,Train Station,Yotsugi Station (KS48) (四ツ木駅),Alternative Medicine Clinic,2,10,11,Friday
1215,Ramen /  Noodle House,Yudetaro (ゆで太郎),Soba Restaurant,Subway,Gaiemmae Station (G03) (外苑前駅),Rail Station,2,2,3,Friday
1216,Record Shop,TOWER RECORDS,Retail,Café,Cure Maid Café,Café,1,2,4,Friday
1217,Hobby Shop,animate (アニメイト),Retail,Convenience Store,FamilyMart (ファミリーマート 上板橋三丁目店),Convenience Store,2,7,9,Thursday
1218,Neighborhood,,,French Restaurant,Curry et Vins Paul (カレーとワイン ポール),French Restaurant,2,3,5,Saturday
1219,Shrine,Tokyo Daijingu (東京大神宮),Shrine,Government Building,新宿区東部公園事務所,Government Building,1,18,19,Friday
1220,Record Shop,TOWER RECORDS,Retail,Japanese Restaurant,66Bar (ろくろくばる),Bar,3,8,10,Saturday
1221,Subway,Shin-koenji Station (M03) (新高円寺駅),Rail Station,Ramen /  Noodle House,Mouko Tanmen Nakamoto (蒙古タンメン中本),Ramen Restaurant,1,3,4,Saturday
1222,Arcade,タイトーステーション 溝の口店,Arcade,Arcade,タイトーステーション 溝の口店,Arcade,2,8,8,Saturday
1223,Mall,Northport Mall (ノースポート・モール),Shopping Mall,Mall,Northport Mall (ノースポート・モール),Shopping Mall,1,8,10,Saturday
1224,Miscellaneous Shop,ベビーザらス錦糸町店,Baby Store,Miscellaneous Shop,ベビーザらス錦糸町店,Baby Store,3,8,8,Sunday
1225,Café,St. Marc Café (サンマルクカフェ),Coffee Shop,Miscellaneous Shop,ベビーザらス錦糸町店,Baby Store,1,9,9,Sunday
1226,Bookstore,Melonbooks (メロンブックス 秋葉原1号店),Comic Book Store,Bookstore,Comic Toranoana A (コミックとらのあな 秋葉原店A),Comic Book Store,2,12,12,Wednesday
1227,Paper / Office Supplies Store,FedEx Kinko's 神保町二丁目店,Office Supply Store,Bookstore,Melonbooks (メロンブックス 秋葉原1号店),Comic Book Store,3,10,11,Thursday
1228,University,Tokyo Denki University (東京電機大学 東京千住キャンパス),College and University,Japanese Restaurant,Sutadonya (伝説のすた丼屋),Donburi Restaurant,4,13,13,Friday
1229,University,Tokyo Denki University (東京電機大学 東京千住キャンパス),College and University,Hobby Shop,Akihabara Gamers (AKIHABARAゲーマーズ),Hobby Store,2,8,9,Saturday
1230,Mall,atré Kawasaki (アトレ川崎),Shopping Mall,Movie Theater,CINECITTA' (チネチッタ),Movie Theater,3,9,10,Friday
1231,Ramen /  Noodle House,Ichiran (一蘭),Ramen Restaurant,Church,Shimokitazawa Grace Garden Church (富士見丘教会 (下北沢グレイスガーデンチャーチ)),Church,3,7,7,Sunday
1232,Train Station,Kōenji Station (高円寺駅),Rail Station,Salon / Barbershop,理容室ひまわり,Barbershop,4,3,3,Tuesday
1233,Train Station,Ōkubo Station (大久保駅),Rail Station,Road,,,1,4,5,Tuesday
1234,Toy / Game Store,ゲームショップ紙風船,Retail,Ramen /  Noodle House,刀削麺荘唐家,Szechuan Restaurant,1,7,8,Saturday
1235,Subway,Shiodome Station (汐留駅),Rail Station,Train Station,Chōfu Station (KO18) (調布駅),Rail Station,2,10,11,Wednesday
1236,Train Station,Shin-maruko Station (TY10/MG10) (新丸子駅),Rail Station,Gym / Fitness Center,Konami Sports Club (コナミスポーツクラブ 目黒青葉台),Sports Club,4,10,12,Friday
1237,Electronics Store,Apple Ginza (Apple 銀座),Landmarks and Outdoors,Miscellaneous Shop,Hands (ハンズ),Grocery Store,1,8,8,Sunday
1238,Government Building,空を飛びたいゾウ,Monument,Park,Tokyo Dome City (東京ドームシティ),Shopping Mall,4,21,22,Thursday
1239,Post Office,郵便局,Post Office,Gas Station / Garage,桑田石油,Fuel Station,1,8,8,Monday
1240,Department Store,Seibu-Shinjuku PePe (西武新宿ペペ),Shopping Mall,Food & Drink Shop,Summit Store (サミットストア 渋谷本町店),Grocery Store,3,7,8,Wednesday
1241,Subway,Oedo Line Toshimaen Station (E36) (都営大江戸線 豊島園駅),Metro Station,Train Station,Seibu Nerima Station (SI06) (西武 練馬駅),Park,1,10,10,Wednesday
1242,Temple,光取寺,Buddhist Temple,Temple,光取寺,Buddhist Temple,4,2,2,Saturday
1243,Mall,Lazona Kawasaki Plaza (ラゾーナ川崎プラザ),Shopping Mall,Train Station,Kawasaki Station (川崎駅),Rail Station,3,6,7,Saturday
1244,Subway,Center Kita Station (センター北駅),Rail Station,Mall,Northport Mall (ノースポート・モール),Shopping Mall,3,12,12,Sunday
1245,Subway,Center Kita Station (センター北駅),Rail Station,Subway,Center Kita Station (センター北駅),Rail Station,3,11,12,Tuesday
1246,Mall,Futako Tamagawa Rise Shopping Center (二子玉川ライズ ショッピングセンター),Shopping Mall,Mall,Futako Tamagawa Rise Shopping Center (二子玉川ライズ ショッピングセンター),Shopping Mall,4,9,10,Sunday
1247,Italian Restaurant,Yomenya Goemon (洋麺屋 五右衛門),Pizzeria,Convenience Store,7-Eleven (セブンイレブン 横浜すすき野2丁目店),Convenience Store,2,1,2,Sunday
1248,Electronics Store,Yodobashi-Akiba (ヨドバシカメラ マルチメディアAkiba),Electronics Store,Fast Food Restaurant,McDonald's (マクドナルド),Fast Food Restaurant,2,10,11,Monday
1249,Subway,Hibiya Line Akihabara Station (H16) (日比谷線 秋葉原駅),Metro Station,Fast Food Restaurant,McDonald's (マクドナルド),Fast Food Restaurant,2,9,11,Thursday
1250,Arcade,新宿ゲームオスロー 本店,Arcade,Office,株式会社ビジョン,Office,4,9,10,Wednesday
1251,Bar,居酒屋万喜,Sake Bar,Japanese Restaurant,Sutadonya (伝説のすた丼屋),Donburi Restaurant,3,11,11,Friday
1252,Light Rail,Telecom Center Station (U09) (テレコムセンター駅),Rail Station,Bus Station,Monzen-Nakacho Bus Stop (門前仲町バス停),Bus Stop,2,10,10,Sunday
1253,Subway,,,Ramen /  Noodle House,中華食堂日高屋飯田橋店,Chinese Restaurant,4,2,3,Sunday
1254,Train Station,Seibu-Yagisawa Station (SS16) (西武柳沢駅),Rail Station,Food & Drink Shop,いなげや 保谷本町店,Grocery Store,2,5,6,Sunday
1255,Café,Cafe Renoir (Cafeルノアール),Café,Indian Restaurant,Andhra Kitchen (アーンドラ・キッチン),South Indian Restaurant,1,5,7,Saturday
1256,Event Space,West Hall 1 (西1ホール),Convention Center,Light Rail,Ariake Station (U12) (有明駅),Rail Station,2,6,8,Saturday
1257,Event Space,West Hall 1 (西1ホール),Convention Center,Subway,Toyosu Station (豊洲駅),Metro Station,2,6,8,Saturday
1258,Gaming Cafe,碁席 秀策,,Snack Place,Taiyaki Kanda Daruma (たいやき神田達磨),"Cafe, Coffee, and Tea House",3,4,6,Saturday
1259,Subway,Roppongi Station (六本木駅),Metro Station,Bar,Afilia Sherry's (アフィリア・シェリーズ),Cocktail Bar,4,11,12,Saturday
1260,Italian Restaurant,孔雀の舌,Italian Restaurant,Dessert Shop,Yanagiya (柳屋),Wagashi Place,3,4,5,Tuesday
1261,Indian Restaurant,Go Go Curry (ゴーゴーカレー 神保町スタジアム),Japanese Curry Restaurant,Coffee Shop,Mame Koh Boh (豆香房),Café,3,3,4,Thursday
1262,Ramen /  Noodle House,お茶の水・大勝軒,Ramen Restaurant,Coffee Shop,Mame Koh Boh (豆香房),Café,3,3,4,Tuesday
1263,Department Store,Seibu (西武池袋本店),Department Store,Record Shop,ディスクユニオン 新宿中古買取センター,Retail,3,6,7,Monday
1264,Department Store,Seibu (西武池袋本店),Department Store,Donut Shop,ミスタードーナツ新宿アルタショップ,Donut Shop,3,6,8,Monday
1265,Fried Chicken Joint,,,Train Station,Odakyu Shimo-Kitazawa Station (OH07) (小田急 下北沢駅),Rail Station,2,10,11,Friday
1266,Train Station,Odakyu Shimo-Kitazawa Station (OH07) (小田急 下北沢駅),Rail Station,Train Station,Odakyu Shimo-Kitazawa Station (OH07) (小田急 下北沢駅),Rail Station,3,11,11,Monday
1267,Arcade,プロジェクトA池袋店,Arcade,Train Station,,,3,9,10,Saturday
1268,Mall,Omotesando Hills (表参道ヒルズ),Shopping Mall,Subway,Nakamachidai Station (B28) (仲町台駅),Rail Station,4,6,8,Sunday
1269,Seafood Restaurant,Shibuya Squid Center (渋谷イカセンター),Bar,Bar,日比谷Bar 渋谷3号店,Cocktail Bar,1,10,11,Thursday
1270,Steakhouse,Big Boy (ビッグボーイ),Burger Joint,Video Store,SHIBUYA TSUTAYA,Retail,2,13,15,Saturday
1271,Snack Place,釜焼鳥本舗 おやひなや 浜松町店,Sake Bar,Train Station,Keisei Nippori Station (KS02) (京成 日暮里駅),Rail Station,2,9,11,Monday
1272,Train Station,Kameari Station (亀有駅),Rail Station,History Museum,Adachi City Museum (足立区立郷土博物館),History Museum,2,4,5,Saturday
1273,Japanese Restaurant,Sutadonya (伝説のすた丼屋),Donburi Restaurant,Arcade,Taito Station (タイトーステーション 新宿南口ゲームワールド店),Arcade,3,12,14,Friday
1274,River,五反田川,River,College Academic Building,1号館,College Academic Building,3,23,0,Thursday
1275,Train Station,Sugamo Station (巣鴨駅),Rail Station,Train Station,Sugamo Station (巣鴨駅),Rail Station,3,11,12,Thursday
1276,Electronics Store,Sofmap Akiba 1st Store (ソフマップAKIBA 1号店 サブカル・モバイル館),Retail,Hobby Shop,フルコンプ秋葉原店,Retail,4,8,9,Friday
1277,Electronics Store,Yodobashi Camera (ヨドバシカメラ 新宿西口本店),Computers and Electronics Retail,Subway,Waseda Station (T04) (早稲田駅),Metro Station,1,11,12,Monday
1278,Train Station,Noborito Station (登戸駅),Rail Station,Fast Food Restaurant,マクドナルド,Burger Joint,3,4,6,Saturday
1279,Park,ねこじゃらし公園,Park,Food & Drink Shop,,,1,5,6,Monday
1280,Bar,SunnySide Cafe (サニーサイド・カフェ 中目黒),Lounge,Bar,SunnySide Cafe (サニーサイド・カフェ 中目黒),Lounge,4,8,9,Wednesday
1281,Building,アルタ前,Plaza,Department Store,Marui (新宿マルイ 本館),Department Store,2,6,7,Sunday
1282,Bike Shop,Y's Road 新宿本館,Bicycle Store,Movie Theater,Shinjuku Piccadilly (新宿ピカデリー),Movie Theater,3,7,7,Sunday
1283,College Academic Building,Kami-itabashi Gymnasium (上板橋体育館),Gym and Studio,Train Station,Tōbu-nerima Station (TJ08) (東武練馬駅),Rail Station,1,1,2,Thursday
1284,Train Station,Tōbu-nerima Station (TJ08) (東武練馬駅),Rail Station,Food & Drink Shop,スーパーみらべる東武練馬店,Grocery Store,1,8,9,Friday
1285,Subway,Higashi-ikebukuro Station (Y10) (東池袋駅),Metro Station,Mall,Shibuya Hikarie (渋谷ヒカリエ),Business Center,3,6,7,Thursday
1286,Subway,Nagatacho Station (永田町駅),Rail Station,Train Station,Tobu Ikebukuro Station (TJ01) (東武 池袋駅),Rail Station,2,5,6,Thursday
1287,Train Station,,,Bowling Alley,Round1 (ラウンドワン 池袋店),Arcade,2,12,13,Tuesday
1288,Ramen /  Noodle House,,,Japanese Restaurant,松屋,Restaurant,2,14,14,Thursday
1289,Subway,Ginza Station (銀座駅),Rail Station,Toy / Game Store,Hakuhinkan Toy Park (博品館 TOY PARK 銀座本店),Retail,4,10,11,Tuesday
1290,Train Station,Kichijōji Station (吉祥寺駅),Rail Station,College Academic Building,セントラルウェルネスクラブ 慶應日吉,College Gym,1,5,7,Saturday
1291,University,早稲田大学 55号館,University,University,早稲田大学 55号館,University,1,2,4,Saturday
1292,Train Station,Shin-Kiba Station (新木場駅),Rail Station,University,,,1,0,1,Sunday
1293,Train Station,Kita-Asaka Station (北朝霞駅),Rail Station,Train Station,Kita-Asaka Station (北朝霞駅),Rail Station,4,11,12,Wednesday
1294,Clothing Store,セカンドストリート川口赤山店,Retail,Mall,AEON Mall (イオンモール川口),Shopping Mall,1,7,8,Saturday
1295,Other Nightlife,川崎駅前仲見世通商店街,Shopping Mall,Bar,Darts Bar FiGARO,Beer Bar,4,12,13,Wednesday
1296,Bar,Darts Bar FiGARO,Beer Bar,Other Nightlife,川崎駅前仲見世通商店街,Shopping Mall,2,11,12,Wednesday
1297,Steakhouse,ステーキハンバーグ&サラダバー けん 駒岡店,Steakhouse,Gas Station / Garage,出光環状2号新横浜SS,Fuel Station,3,6,7,Sunday
1298,Cemetery,鈴ヶ森刑場跡,Monument,Train Station,Rokugōdote Station (KK19) (六郷土手駅),Rail Station,1,7,8,Thursday
1299,Hobby Shop,animate (アニメイト 吉祥寺店),Retail,Bus Station,Kichijoji Sta. (South Exit) Bus Stop (吉祥寺駅(南口)バス停),Bus Stop,1,9,11,Friday
1300,Dessert Shop,Ladurée,Dessert Shop,Train Station,Odakyu Shinjuku Station (OH01) (小田急 新宿駅),Rail Station,2,9,10,Sunday
1301,Miscellaneous Shop,7-Eleven (セブンイレブン 大田区蒲田5丁目店),Convenience Store,Residential Building (Apartment / Condo),,,3,10,11,Friday
1302,Electronics Store,Yamada Denki (ヤマダ電機LABI品川大井町店),Home Appliance Store,Train Station,Kamata Station (蒲田駅),Rail Station,4,9,10,Friday
1303,Food & Drink Shop,Seiyu (西友 三軒茶屋店),Grocery Store,Light Rail,Shōin-jinja-mae Station (SG04) (松陰神社前駅),Tram Station,3,6,6,Tuesday
1304,Train Station,Shimo-Kitazawa Station (下北沢駅),Rail Station,Housing Development,,,2,12,13,Wednesday
1305,Subway,Hibiya Line Roppongi Station (H04) (日比谷線 六本木駅),Metro Station,Smoke Shop,,,2,13,15,Monday
1306,Temple,,,Convenience Store,FamilyMart (ファミリーマート 芝公園一丁目店),Convenience Store,3,6,6,Thursday
1307,Music Store,Shimokura Violin (下倉バイオリン),Music Store,Train Station,JR Shinjuku Sta. East Gate (JR 新宿駅東口),Structure,4,2,3,Saturday
1308,Temple,Senso-ji Temple (浅草寺),Buddhist Temple,Train Station,TX Asakusa Station (つくばエクスプレス 浅草駅),Rail Station,4,4,5,Tuesday
1309,Art Museum,Eisei Bunko Museum (永青文庫),Art Museum,Art Museum,Eisei Bunko Museum (永青文庫),Art Museum,1,1,1,Saturday
1310,Hotel,The Prince Park Tower Tokyo (ザ・プリンス パークタワー東京),Hotel,Deli / Bodega,DEAN & DELUCA,Gourmet Store,4,6,8,Thursday
1311,Coffee Shop,Segafredo Zanetti Espresso,Coffee Shop,Train Station,Mitaka Station (三鷹駅),Rail Station,3,7,9,Friday
1312,Road,,,Train Station,Mitaka Station (三鷹駅),Rail Station,2,8,9,Friday
1313,Electronics Store,Bic Camera (ビックカメラ 池袋カメラ・パソコン館),Home Appliance Store,Record Shop,TOWER RECORDS 池袋店,Record Store,1,10,10,Wednesday
1314,Korean Restaurant,,,Convenience Store,ローソン,Convenience Store,1,12,13,Tuesday
1315,Ramen /  Noodle House,Ippudo (一風堂),Japanese Restaurant,Hardware Store,PCボンバー,Computers and Electronics Retail,2,4,4,Thursday
1316,College Academic Building,15号館,College Academic Building,Student Center,早稲田大学天文同好会部室,Fraternity House,4,5,6,Friday
1317,Food & Drink Shop,Ito Yokado (イトーヨーカドー 錦町店),Grocery Store,Train Station,Kawaguchi Station (川口駅),Rail Station,2,5,7,Sunday
1318,Salon / Barbershop,江東理容室,Barbershop,Factory,東京メトロ 深川検車区,Factory,4,6,8,Sunday
1319,Electronics Store,Apple Ginza (Apple 銀座),Landmarks and Outdoors,Bridge,Tokyo Gate Bridge (東京ゲートブリッジ),Bridge,2,1,2,Saturday
1320,Electronics Store,Apple Ginza (Apple 銀座),Landmarks and Outdoors,Park,新木場公園,Park,3,1,2,Saturday
1321,Bank,,,Asian Restaurant,PepaCafé Forest (ペパカフェ フォレスト),Café,4,2,4,Wednesday
1322,Train Station,Hiyoshi Station (日吉駅),Rail Station,Ramen /  Noodle House,横浜家系ラーメン 銀家日吉店,Ramen Restaurant,3,1,3,Sunday
1323,Subway,Kayabacho Station (茅場町駅),Rail Station,Subway,Nakagawa Station (B31) (中川駅),Public Transportation,1,8,10,Tuesday
1324,Bookstore,Mandarake Complex (まんだらけ コンプレックス),Retail,Hardware Store,Tokyo Radio Department Store (東京ラジオデパート),Landmarks and Outdoors,2,8,9,Saturday
1325,Bookstore,Mandarake Complex (まんだらけ コンプレックス),Retail,Hardware Store,Tokyo Radio Department Store (東京ラジオデパート),Landmarks and Outdoors,1,8,9,Saturday
1326,Gift Shop,Precure Pretty Store (プリキュア プリティストア),Hobby Store,Stadium,Meiji Jingu Stadium (明治神宮野球場),Stadium,1,6,8,Saturday
1327,Office,mouse computer (マウスコンピューター 秋葉原ダイレクトショップ),Electronics Store,Convenience Store,Lawson (ローソン 八重洲二丁目外堀通店),Convenience Store,1,1,1,Sunday
1328,Subway,Tozuka-Angyo Station (戸塚安行駅),Metro Station,Subway,Azabu-juban Station (麻布十番駅),Rail Station,1,21,22,Thursday
1329,Subway,Akasaka-mitsuke Station (赤坂見附駅),Metro Station,Miscellaneous Shop,Food Garden (フードガーデン 戸塚安行駅店),Grocery Store,2,12,13,Monday
1330,Ramen /  Noodle House,名代後楽そば 有楽町駅店,Soba Restaurant,Ramen /  Noodle House,ラーメンとつけめんの店海老だしの哲戸越銀座店,Chinese Restaurant,1,10,11,Monday
1331,Subway,Nagatacho Station (永田町駅),Rail Station,Office,ウサギィ,Office,2,9,10,Wednesday
1332,Train Station,JR Kamata Station (JR 蒲田駅),Rail Station,Hobby Shop,animate (アニメイト),Retail,2,7,8,Sunday
1333,Train Station,Kamata Station (蒲田駅),Rail Station,Train Station,Kamata Station (蒲田駅),Rail Station,3,11,11,Sunday
1334,Hobby Shop,Akihabara Gamers (AKIHABARAゲーマーズ),Hobby Store,Bookstore,Comic Toranoana A (コミックとらのあな 秋葉原店A),Comic Book Store,4,9,10,Friday
1335,Hobby Shop,animate (アニメイト),Retail,Fast Food Restaurant,MOS Burger (モスバーガー),Burger Joint,4,5,6,Sunday
1336,Subway,Toyosu Station (豊洲駅),Metro Station,Bar,HUB,Pub,2,7,9,Monday
1337,Bookstore,COMIC ZIN,Comic Book Store,Department Store,Seibu (西武池袋本店),Department Store,3,10,12,Sunday
1338,Train Station,Tokaido Shinkansen Tokyo Station (東海道新幹線 東京駅),Rail Station,Department Store,Nihombashi Takashimaya S.C. (日本橋高島屋S.C.),Landmarks and Outdoors,2,2,4,Saturday
1339,Department Store,Nihombashi Takashimaya S.C. (日本橋高島屋S.C.),Landmarks and Outdoors,Electronics Store,Yamada Denki LABI 1 (ヤマダデンキ LABI1 LIFE SELECT 池袋),Home Appliance Store,2,4,5,Saturday
1340,Government Building,Tokyo Skytree (東京スカイツリー),Monument,Train Station,Keisei Oshiage Station (KS45) (京成 押上駅),Rail Station,2,11,12,Monday
1341,Subway,Asakusa Line Mita Station (A08) (都営浅草線 三田駅),Metro Station,Government Building,Tokyo Skytree (東京スカイツリー),Monument,3,10,11,Monday
1342,Electronics Store,Sofmap Akiba 1st Store (ソフマップAKIBA 1号店 サブカル・モバイル館),Retail,Office,Akihabara UDX (秋葉原UDX),Business Center,4,7,8,Sunday
1343,Government Building,Honjo Tax Office (本所税務署),Government Building,Mall,Tokyo Solamachi (東京ソラマチ),Shopping Mall,3,4,5,Friday
1344,Electronics Store,Yodobashi Camera (ヨドバシカメラ マルチメディア川崎ルフロン),Home Appliance Store,Mall,atré Kawasaki (アトレ川崎),Shopping Mall,1,8,9,Wednesday
1345,Fast Food Restaurant,McDonald's (マクドナルド),Burger Joint,Mall,atré Kawasaki (アトレ川崎),Shopping Mall,3,7,9,Wednesday
1346,Subway,,,Electronics Store,Bic Camera (ビックカメラ 有楽町店),Home Appliance Store,3,9,9,Tuesday
1347,Office,Harumi Triton Square (晴海トリトンスクエア),Business Center,Sushi Restaurant,Sushizanmai (すしざんまい 本店),Sushi Restaurant,3,11,11,Tuesday
1348,Temple,善福寺,Buddhist Temple,Electronics Store,Bic Camera (ビックカメラ 渋谷東口店),Home Appliance Store,3,10,12,Tuesday
1349,Design Studio,PASS・THE・BATON・OMOTESANDO,Vintage and Thrift Store,Mall,Shibuya Hikarie (渋谷ヒカリエ),Business Center,4,9,10,Sunday
1350,Ramen /  Noodle House,カレー饂飩 アツマル,Udon Restaurant,Bookstore,,,1,4,5,Monday
1351,Park,Chidorigafuchi Park (千鳥ケ淵公園),Park,Sculpture Garden,Statue of Kusunoki Masashige (楠木正成像),Public Art,4,9,9,Monday
1352,Food & Drink Shop,AEON Style (イオンスタイル品川シーサイド),Grocery Store,Electronics Store,Apple Shibuya (Apple 渋谷),Electronics Store,4,10,11,Friday
1353,Subway,Omote-sando Station (表参道駅),Rail Station,Shrine,Akiba Shrine (秋葉神社),Shrine,3,4,5,Saturday
1354,Road,,,Electronics Store,Yodobashi-Akiba (ヨドバシカメラ マルチメディアAkiba),Electronics Store,2,7,8,Saturday
1355,Subway,Iwamotocho Station (S08) (岩本町駅),Rail Station,Subway,Chiyoda Line Kita-senju Station (C18) (千代田線 北千住駅),Metro Station,2,8,8,Saturday
1356,Train Station,Shin-Yurigaoka Station (OH23) (新百合ヶ丘駅),Rail Station,Mall,スズタン新百合丘OPA店,Clothing Store,4,7,8,Sunday
1357,Bar,Karaoke Kan (カラオケ館),Karaoke Box,Concert Hall,Suginami Koukaidou (杉並公会堂),Concert Hall,4,8,9,Thursday
1358,Food & Drink Shop,Summit Store (サミットストア 上北沢店),Grocery Store,Food & Drink Shop,Summit Store (サミットストア 上北沢店),Grocery Store,3,1,1,Sunday
1359,Ramen /  Noodle House,Nejishiki (ねじ式),Ramen Restaurant,Coffee Shop,Starbucks (スターバックス),Coffee Shop,4,10,12,Thursday
1360,Park,Kiba Park (木場公園),Park,Subway,Kasai Station (T17) (葛西駅),Rail Station,3,6,7,Saturday
1361,Electronics Store,Yodobashi Camera (ヨドバシカメラ 新宿西口本店),Computers and Electronics Retail,Subway,Kasai Station (T17) (葛西駅),Rail Station,2,7,8,Monday
1362,Gym / Fitness Center,Tipness (ティップネス 五反田),Gym and Studio,Spa / Massage,Dr.Foot (ドクターフット 新橋店),Massage Clinic,2,5,7,Sunday
1363,Electronics Store,Bic Camera (ビックカメラ 有楽町店),Home Appliance Store,Train Station,Musashi-koyama Station (MG03) (武蔵小山駅),Rail Station,1,5,6,Sunday
1364,Post Office,郵便局,Post Office,Subway,Hibiya Line Roppongi Station (H04) (日比谷線 六本木駅),Metro Station,2,8,9,Tuesday
1365,Post Office,郵便局,Post Office,Office,Midtown Tower (ミッドタウン・タワー),Business Center,4,8,9,Tuesday
1366,Bar,型無,Bar,Plaza,Yebisu Garden Place Hiroba (恵比寿ガーデンプレイスひろば),Plaza,2,8,9,Wednesday
1367,Ramen /  Noodle House,Marugame Seimen (丸亀製麺),Udon Restaurant,Train Station,Musashi-Sakai Station (武蔵境駅),Rail Station,3,10,11,Tuesday
1368,Office,Brainy Cube,Technology Business,Office,Brainy Cube,Technology Business,2,7,7,Tuesday
1369,Subway,Suehirocho Station (G14) (末広町駅),Metro Station,Café,Cure Maid Café,Café,1,5,6,Thursday
1370,Subway,Tozai Line Nihombashi Station (T10) (東西線 日本橋駅),Metro Station,Train Station,サンクス高田馬場戸山口店,Convenience Store,2,8,8,Thursday
1371,Bar,Tachinomi Kadokura (立飲み カドクラ),Sake Bar,Japanese Restaurant,クシヤキ酒場 ヤリキ 上野総本店,Sake Bar,3,8,9,Wednesday
1372,Library,葛飾区立上小松図書館,Library,Athletic & Sport,新小岩サニーゴルフ練習場,Golf Driving Range,3,4,5,Sunday
1373,Train Station,,,Train Station,Shin-Koiwa Station (新小岩駅),Rail Station,4,0,0,Saturday
1374,Food & Drink Shop,関常商店,Liquor Store,Road,金町広小路交差点,Travel and Transportation,2,2,3,Tuesday
1375,Café,,,Café,St. Marc Café (サンマルクカフェ),Café,3,7,8,Saturday
1376,Light Rail,Yurikamome Shimbashi Station (U01) (ゆりかもめ 新橋駅),Rail Station,Government Building,RG 1/1 RX-78-2 Gundam Ver. GFT (RG1/1 RX-78-2 ガンダム Ver.GFT),Monument,1,9,11,Friday
1377,Convenience Store,デイリーヤマザキ,Convenience Store,Fast Food Restaurant,McDonald's (マクドナルド),Burger Joint,4,22,23,Monday
1378,Train Station,Yotsugi Station (KS48) (四ツ木駅),Alternative Medicine Clinic,Food & Drink Shop,Gyomu Super (業務スーパー 河内屋 立石店),Supermarket,1,0,2,Wednesday
1379,Nursery School,キャンディパーク,Nursery School,Miscellaneous Shop,Don Quijote (ドン・キホーテ 青戸店),Discount Store,2,0,2,Saturday
1380,Other Great Outdoors,弁慶堀,Lake,Theater,Akasaka ACT Theater (赤坂ACTシアター),Theater,2,7,9,Thursday
1381,Bridge,月見橋,Bridge,Office,GMO GlobalSign K.K. (GMOグローバルサイン株式会社),Office,2,22,0,Tuesday
1382,Indian Restaurant,Ganges (ガンジス),Indian Restaurant,Comedy Club,New National Theatre (新国立劇場),Theater,4,3,5,Sunday
1383,Diner,COCO'S (ココス),Restaurant,Comedy Club,New National Theatre (新国立劇場),Theater,3,3,4,Sunday
1384,Train Station,Kokusai-tenjijō Station (R03) (国際展示場駅),Travel and Transportation,General Entertainment,Differ Ariake (ディファ有明),Business and Professional Services,4,5,6,Tuesday
1385,Post Office,Nakano Post Office (中野郵便局),Post Office,Government Building,Nakano City Office (中野区役所),Government Building,1,3,5,Monday
1386,University,Rissho University (立正大学 品川キャンパス),University,Paper / Office Supplies Store,Shimojima (シモジマ 浅草橋本店),Paper Supplier,4,3,3,Monday
1387,University,Rissho University (立正大学 品川キャンパス),University,Japanese Restaurant,Suzuki (旨肴 すずき),Japanese Restaurant,1,2,3,Tuesday
1388,Home (private),,,Indian Restaurant,Moyan Curry (もうやんカレー),Japanese Curry Restaurant,4,9,11,Friday
1389,Train Station,Keisei-Tateishi Station (KS49) (京成立石駅),Rail Station,Bar,吉祥寺いせや総本店 立石支店,Sake Bar,3,11,12,Tuesday
1390,Hobby Shop,animate (アニメイト),Retail,Park,Kitanomaru Park (北の丸公園),Park,1,5,6,Saturday
1391,Hobby Shop,animate (アニメイト),Retail,Stadium,Nippon Budokan (日本武道館),Stadium,2,5,6,Saturday
1392,Café,SHANGS CAFE,Café,Hobby Shop,三月兎 3号店,Hobby Store,2,7,8,Saturday
1393,Restaurant,ジョナサン 神田須田町店,Restaurant,Pool Hall,ビリヤード カップル,Pool Hall,4,9,10,Saturday
1394,Bookstore,紀伊國屋書店渋谷店,Bookstore,Food & Drink Shop,Summit Store (サミットストア 成城店),Grocery Store,2,8,10,Saturday
1395,Subway,Nezu Station (C14) (根津駅),Rail Station,Café,CAFE de CRIE Plus Hongo Dori,Café,1,2,4,Sunday
1396,Bookstore,BOOKOFF 高田馬場北店,Used Bookstore,Subway,Toranomon Station (G07) (虎ノ門駅),Rail Station,2,3,5,Monday
1397,Bookstore,Mandarake Complex (まんだらけ コンプレックス),Retail,Train Station,Kinshichō Station (錦糸町駅),Rail Station,3,10,11,Friday
1398,Hotel,Imperial Hotel Tokyo (帝国ホテル 東京),Hotel,Restaurant,Kusunoki Rest House (楠公レストハウス),Restaurant,3,0,1,Monday
1399,Subway,Fukutoshin Line Shibuya Station (F16) (副都心線 渋谷駅),Metro Station,Indian Restaurant,Moyan Curry (もうやんカレー),Japanese Curry Restaurant,4,11,12,Thursday
1400,Subway,,,Video Store,新宿TSUTAYA,Video Store,1,6,7,Saturday
1401,Burger Joint,ゴールドまさるん,Burger Joint,Wings Joint,世界の山ちゃん 西武新宿2号店,Bar,3,8,8,Saturday
1402,Temple,自動車交通安全祈祷殿,Prayer Room,Train Station,Kojimashinden Station (KK26) (小島新田駅),Rail Station,3,13,14,Saturday
1403,University,Meiji Univ. Izumi Campus (明治大学 和泉キャンパス),University,Record Shop,TOWER RECORDS,Record Store,1,8,9,Tuesday
1404,Asian Restaurant,Magic Spice (マジックスパイス),Japanese Curry Restaurant,BBQ Joint,Nikunchu (肉人),BBQ Joint,2,11,12,Sunday
1405,Asian Restaurant,Magic Spice (マジックスパイス),Japanese Curry Restaurant,Food,うない,Japanese Restaurant,2,10,12,Saturday
1406,University,Nihon University College of Economics (日本大学経済学部),College and University,Arcade,GAME PARK スマイル館 お茶の水店,Arcade,4,5,7,Tuesday
1407,Japanese Restaurant,Dontatsu (丼達),Donburi Restaurant,College Academic Building,日本大学図書館法学部分館 (日本大学図書館 法学部分館),College Library,2,8,8,Tuesday
1408,Train Station,Musashi-Urawa Station (武蔵浦和駅),Rail Station,Train Station,Niiza Station (新座駅),Rail Station,1,9,10,Sunday
1409,Medical Center,Keio University Hospital (慶應義塾大学病院),Hospital,Train Station,,,3,2,3,Sunday
1410,Arcade,Eternal Amusement Tower (エターナルアミューズメントタワー),Arcade,Subway,Iwamotocho Station (S08) (岩本町駅),Rail Station,2,8,10,Monday
1411,Arcade,SEGA Akihabara 4 (セガ秋葉原4号館),Arcade,Hobby Shop,GANKING 秋葉原店,Hobby Store,4,3,4,Sunday
1412,Subway,Ginza Station (銀座駅),Rail Station,Bar,AURUM,Lounge,2,5,7,Monday
1413,Scenic Lookout,Jingu Gaien Ginkgo Avenue (神宮外苑いちょう並木),Hiking Trail,Subway,Gaiemmae Station (G03) (外苑前駅),Rail Station,1,6,7,Saturday
1414,Furniture / Home Store,Olympic (オリンピック 白山店),Discount Store,Hobby Shop,コスメイトプラス,Clothing Store,4,7,9,Saturday
1415,Clothing Store,Kamikaze Style (カミカゼスタイル 秋葉原店),Clothing Store,Train Station,Den-en-toshi Line Shibuya Station (DT01) (東急田園都市線 渋谷駅),Rail Station,2,8,9,Sunday
1416,Train Station,Umegaoka Station (OH09) (梅ヶ丘駅),Rail Station,General Entertainment,Rinky Dink Studio 梅ヶ丘店,Music Venue,4,9,10,Monday
1417,Convention Center,Nakano Sunplaza (中野サンプラザ),Convention Center,Bar,,,1,10,11,Sunday
1418,Coffee Shop,Cafe de ino,Coffee Shop,Aquarium,Tokyo Sea Life Park (葛西臨海水族園),Aquarium,3,4,5,Friday
1419,Mall,Ario (アリオ亀有),Shopping Mall,Road,金町広小路交差点,Travel and Transportation,1,8,9,Saturday
1420,Subway,Kudanshita Station (九段下駅),Rail Station,Other Great Outdoors,Shinobazu Pond (不忍池),Landmarks and Outdoors,1,5,6,Sunday
1421,Scenic Lookout,Jingu Gaien Ginkgo Avenue (神宮外苑いちょう並木),Hiking Trail,Ramen /  Noodle House,無双赤坂店,Ramen Restaurant,1,1,2,Sunday
1422,Fast Food Restaurant,McDonald's (マクドナルド),Burger Joint,Office,万葉新神保町オフィス,Office,1,1,2,Friday
1423,Light Rail,Shibaura-futō Station (U05) (芝浦ふ頭駅),Rail Station,Park,Odaiba Marine Park (お台場海浜公園),Park,3,9,9,Saturday
1424,Restaurant,Kitchen Street (キッチンストリート),Food Court,Sculpture Garden,蒲田モヤイ像,Public Art,3,8,8,Friday
1425,Food & Drink Shop,Oishii Yamagata Plaza (おいしい山形プラザ),Dessert Shop,Train Station,Musashi-nitta Station (TM05) (武蔵新田駅),Rail Station,4,8,9,Tuesday
1426,Shrine,Yoyogi Hachimangu Shrine (代々木八幡宮),Shrine,Building,Shinjuku Mitsui Building (新宿三井ビルディング),Business Center,2,3,3,Thursday
1427,Shrine,Yoyogi Hachimangu Shrine (代々木八幡宮),Shrine,Japanese Restaurant,げんき,Bar,3,10,10,Tuesday
1428,Department Store,NOCTY PLAZA (ノクティプラザ),Shopping Mall,Bike Shop,ラフ&ロード川崎店,Motorcycle Dealership,3,6,7,Sunday
1429,Miscellaneous Shop,,,Home (private),,,2,6,8,Sunday
1430,Electronics Store,Yamada Denki LABI 1 (ヤマダデンキ LABI1 LIFE SELECT 池袋),Home Appliance Store,Bowling Alley,Round1 (ラウンドワン 池袋店),Arcade,3,6,6,Tuesday
1431,Convenience Store,サンクス 南池袋東通り店,Convenience Store,Toy / Game Store,,,1,3,4,Sunday
1432,Miscellaneous Shop,ハロー!プロジェクト オフィシャルショップ 渋谷109-2店,Miscellaneous Store,Electronics Store,Bic Camera (ビックカメラ 渋谷東口店),Home Appliance Store,1,9,10,Thursday
1433,Ramen /  Noodle House,Tokyo Aburagumi Sohonten (東京油組総本店),Ramen Restaurant,Electronics Store,Bic Camera (ビックカメラ 渋谷東口店),Home Appliance Store,2,8,9,Saturday
1434,Shrine,Kanda Myojin Shrine (神田明神),Wedding Hall,Hobby Shop,animate (アニメイト),Retail,4,5,7,Friday
1435,Train Station,Dokkyodaigakumae Station (TS17) (獨協大学前駅),Rail Station,Convenience Store,Lawson (ローソン 台東根岸店),Convenience Store,4,15,16,Monday
1436,Subway,Ginza Line Kanda Station (G13) (銀座線 神田駅),Metro Station,Office,Shibuya Mark City (渋谷マークシティ),Business Center,2,10,10,Friday
1437,Subway,Ginza Line Kanda Station (G13) (銀座線 神田駅),Metro Station,Office,Shibuya Mark City (渋谷マークシティ),Business Center,2,9,9,Friday
1438,Café,moi,Café,Train Station,Kichijōji Station (吉祥寺駅),Rail Station,1,8,9,Saturday
1439,Japanese Restaurant,Tokyo Tonteki (東京トンテキ),Yoshoku Restaurant,Bar,barquinho,Bar,4,12,13,Saturday
1440,Train Station,Tsunashima Station (TY14) (綱島駅),Rail Station,Bar,LOITER,Bar,3,10,11,Friday
1441,Bar,LOITER,Bar,Bar,LOITER,Bar,1,11,12,Saturday
1442,Park,Storm Rider (ストームライダー),Amusement Park,Park,Mermaid Lagoon Theater (マーメイドラグーンシアター),Theater,2,7,9,Sunday
1443,Dessert Shop,Fruit Parlor Fukunaga (フルーツパーラー フクナガ),Candy Store,Bar,Marumugi (地ビールバー まる麦),Beer Bar,4,8,9,Saturday
1444,Dessert Shop,オザワ洋菓子店,Pastry Shop,Shrine,Yushima Tenmangu Shrine (湯島天満宮),Shrine,3,5,5,Saturday
1445,Park,本郷給水所公苑,Park,Shrine,Yushima Tenmangu Shrine (湯島天満宮),Shrine,3,4,5,Saturday
1446,Subway,,,Community College,大原簿記学校,Trade School,1,23,23,Sunday
1447,Subway,,,Community College,大原簿記学校,Trade School,4,23,23,Tuesday
1448,Fast Food Restaurant,マクドナルド,Burger Joint,Event Space,Nissho Hall (ニッショーホール),Community and Government,4,2,4,Saturday
1449,Stadium,Nippon Budokan (日本武道館),Stadium,Italian Restaurant,Saizeriya (サイゼリヤ),Italian Restaurant,2,11,11,Sunday
1450,Embassy / Consulate,Embassy of the Federative Republic of Brazil (ブラジル連邦共和国大使館),Embassy or Consulate,Train Station,JR Hatchōbori Station (JR 八丁堀駅),Rail Station,4,9,10,Thursday
1451,Electronics Store,Apple Shibuya (Apple 渋谷),Electronics Store,Park,Baji Koen (馬事公苑),Stadium,4,6,8,Saturday
1452,Mall,AEON Mall (イオンモール北戸田),Shopping Mall,Mall,AEON Mall (イオンモール北戸田),Shopping Mall,1,2,3,Wednesday
1453,Bridge,赤羽橋,Landmarks and Outdoors,Japanese Restaurant,志乃ぶ,Bar,4,3,4,Thursday
1454,Bookstore,Comic Toranoana A (コミックとらのあな 秋葉原店A),Comic Book Store,Office,副会長商店事務所,Office,3,12,13,Tuesday
1455,Park,LaQua (ラクーア),Amusement Park,Spa / Massage,Spa LaQua (スパ ラクーア),Spa,1,11,12,Friday
1456,Subway,Kojimachi Station (Y15) (麴町駅),Rail Station,Electronics Store,Bic Camera (ビックカメラ 有楽町店),Home Appliance Store,1,12,12,Friday
1457,Office,Akihabara UDX (秋葉原UDX),Business Center,Ramen /  Noodle House,Tokyo Tanmen Tonari (東京タンメン トナリ),Ramen Restaurant,2,8,8,Friday
1458,Toy / Game Store,Craftsmanship Kotobukiya (コトブキヤ 秋葉原館),Toy Store,Subway,Suehirocho Station (G14) (末広町駅),Metro Station,4,6,7,Saturday
1459,Subway,Omote-sando Station (表参道駅),Rail Station,Park,Hibiya Park (日比谷公園),Park,2,9,9,Sunday
1460,Subway,Hanzomon Line Shibuya Station (Z01) (半蔵門線 渋谷駅),Metro Station,Park,Hibiya Park (日比谷公園),Park,3,9,9,Sunday
1461,Food & Drink Shop,Ito Yokado (イトーヨーカドー 浦和店),Grocery Store,Food & Drink Shop,Ito Yokado (イトーヨーカドー 浦和店),Grocery Store,1,7,8,Sunday
1462,Train Station,Urawa Station (浦和駅),Rail Station,Train Station,Urawa Station (浦和駅),Rail Station,1,2,2,Sunday
1463,Subway,Tameike-sanno Station (溜池山王駅),Rail Station,Bar,Bar Tiziano,Cocktail Bar,1,3,4,Friday
1464,Soup Place,Soup Curry Kamui (スープカレー カムイ),Japanese Curry Restaurant,Café,JAMアキハバラ,Café,3,9,11,Sunday
1465,Subway,Akasaka Station (C06) (赤坂駅),Rail Station,Subway,Akasaka Station (C06) (赤坂駅),Rail Station,3,10,11,Wednesday
1466,Subway,Akasaka Station (C06) (赤坂駅),Rail Station,Mall,Shibuya Hikarie (渋谷ヒカリエ),Business Center,2,9,9,Monday
1467,Hobby Shop,animate (アニメイト),Hobby Store,Arcade,Taito Station (タイトーステーション 新宿南口ゲームワールド店),Arcade,2,1,3,Friday
1468,Mall,Roppongi Hills (六本木ヒルズ),Shopping Mall,Subway,Kasumigaseki Station (霞ケ関駅),Rail Station,2,4,5,Saturday
1469,Café,そら庵,Café,Bar,Uosan Sakaba (魚三酒場),Sake Bar,4,8,10,Thursday
1470,Café,そら庵,Café,Café,そら庵,Café,1,8,9,Thursday
1471,Park,Kinuta Park (砧公園),Park,Food & Drink Shop,Summit Store (サミットストア 砧店),Grocery Store,1,5,6,Saturday
1472,Medical Center,National Center for Child Health and Development (国立成育医療研究センター),Medical Lab,Coffee Shop,Tully's Coffee,Coffee Shop,2,6,7,Saturday
1473,Government Building,Tokyo Skytree (東京スカイツリー),Monument,Government Building,Tokyo Skytree (東京スカイツリー),Monument,1,5,7,Sunday
1474,Indian Restaurant,銀座ニューキャッスル,Tea Room,Food & Drink Shop,Hokkaido Dosanko Plaza (北海道どさんこプラザ),"Cafe, Coffee, and Tea House",2,2,3,Saturday
1475,Fast Food Restaurant,McDonald's (マクドナルド),Burger Joint,Hobby Shop,Hands (ハンズ),Furniture and Home Store,4,7,7,Saturday
1476,Building,Sanno Park Tower (山王パークタワー),Business Center,Music Venue,Billboard Live Tokyo (ビルボードライブ東京),Jazz and Blues Venue,4,7,8,Sunday
1477,Office,NTT武蔵野研究開発センタ,Public Transportation,Food & Drink Shop,Lawson Store 100 (ローソンストア100 小金井本町六丁目店),Convenience Store,3,9,10,Wednesday
1478,Burger Joint,McDonald's (マクドナルド),Burger Joint,Food & Drink Shop,OK (オーケー 浦安店),Supermarket,4,2,4,Saturday
1479,Subway,Urayasu Station (T18) (浦安駅),Rail Station,Subway,Urayasu Station (T18) (浦安駅),Rail Station,2,5,6,Wednesday
1480,BBQ Joint,Wagyu Yakiniku Black Hole (和牛焼肉ブラックホール),BBQ Joint,Road,新宿柳通り,Road,4,13,14,Saturday
1481,Restaurant,Organic House DELI & CAFE 赤坂アークヒルズ店,Restaurant,Food & Drink Shop,CHOiCE!,Beer Bar,3,4,4,Monday
1482,Subway,Gaiemmae Station (G03) (外苑前駅),Rail Station,Hardware Store,Akizuki Denshi Tsusho (秋月電子通商),Business and Professional Services,1,5,6,Sunday
1483,Café,CAFE EURO,Café,Hobby Shop,animate (アニメイト),Retail,2,6,7,Sunday
1484,Food & Drink Shop,Queen's Isetan (クイーンズ伊勢丹),Grocery Store,Video Store,TSUTAYA 石神井台店,Video Store,1,8,10,Saturday
1485,Mall,Omotesando Hills (表参道ヒルズ),Shopping Mall,Mall,Omotesando Hills (表参道ヒルズ),Shopping Mall,3,4,4,Thursday
1486,Subway,Azabu-juban Station (麻布十番駅),Rail Station,Bar,bistro あわ,Cocktail Bar,3,5,6,Saturday
1487,Pizza Place,Domino's Pizza (ドミノ・ピザ 麻布十番店),Pizzeria,Café,Lau-Lau,Bar,3,5,5,Saturday
1488,Ramen /  Noodle House,Ramen Jiro (ラーメン二郎 小岩店),Ramen Restaurant,Arcade,東京レジャーランド小岩店,Arcade,1,5,7,Saturday
1489,Train Station,Ochanomizu Station (御茶ノ水駅),Rail Station,Arcade,Tokyo Leisure Land (東京レジャーランド 秋葉原2号店),Arcade,1,11,12,Monday
1490,Shrine,Gojoten Shrine (五條天神社),Shrine,Donut Shop,Mister Donut (ミスタードーナツ),Dessert Shop,1,6,8,Saturday
1491,Subway,Mitsukoshimae Station (三越前駅),Rail Station,Food & Drink Shop,酒のサンワ,Liquor Store,1,10,11,Saturday
1492,Hobby Shop,Hands (ハンズ),Furniture and Home Store,Arcade,Taito Station (タイトーステーション 新宿南口ゲームワールド店),Arcade,3,9,11,Sunday
1493,Scenic Lookout,North Observatory (東京都庁 北展望室),Landmarks and Outdoors,Movie Theater,Shinjuku Wald 9 (新宿バルト9),Movie Theater,3,8,10,Sunday
1494,Electronics Store,Yamada Denki (ヤマダ電機LABI品川大井町店),Home Appliance Store,Mall,atré Oimachi (アトレ大井町),Shopping Mall,2,9,10,Saturday
1495,Electronics Store,BICQLO (ビックロ),Electronics Store,Department Store,Marui (新宿マルイ 本館),Department Store,2,5,6,Sunday
1496,Bar,宵の空,Bar,Café,LIFE Son,Café,1,12,14,Friday
1497,Salon / Barbershop,niD,Health and Beauty Service,Historic Site,,,4,9,11,Friday
1498,Mall,,,Road,Shibuya Crossing (渋谷駅前スクランブル交差点),Travel and Transportation,4,7,9,Thursday
1499,Building,アルタ前,Plaza,Mall,,,3,5,7,Thursday
1500,Electronics Store,Sofmap Akiba 1st Store (ソフマップAKIBA 1号店 サブカル・モバイル館),Retail,Chinese Restaurant,Gansen (雁川),Chinese Restaurant,3,9,10,Thursday
1501,Movie Theater,CINECITTA' (チネチッタ),Movie Theater,Brewery,八蛮,Beer Bar,3,7,8,Saturday
1502,University,東京電機大学東京千住キャンパス 2号館 (2号館),College Academic Building,University,Tokyo Denki University (東京電機大学 東京千住キャンパス),College and University,2,4,5,Wednesday
1503,College Academic Building,生協売店,College Cafeteria,University,Tokyo Denki University (東京電機大学 東京千住キャンパス),College and University,2,4,5,Tuesday
1504,Electronics Store,CompuAce (コンピュエース 秋葉原店),Electronics Store,Toy / Game Store,Craftsmanship Kotobukiya (コトブキヤ 秋葉原館),Toy Store,3,2,3,Sunday
1505,Road,竹町公園前交差点,Travel and Transportation,Subway,Suehirocho Station (G14) (末広町駅),Metro Station,3,1,2,Sunday
1506,Japanese Restaurant,藍屋世田谷八幡山店,Japanese Family Restaurant,Movie Theater,,,3,6,7,Saturday
1507,Movie Theater,Shinjuku Wald 9 (新宿バルト9),Movie Theater,Movie Theater,Shinjuku Wald 9 (新宿バルト9),Movie Theater,4,2,3,Sunday
1508,Hobby Shop,animate (アニメイト),Retail,Electronics Store,Yodobashi-Akiba (ヨドバシカメラ マルチメディアAkiba),Electronics Store,2,6,6,Sunday
1509,Electronics Store,Sofmap Akiba 1st Store (ソフマップAKIBA 1号店 サブカル・モバイル館),Retail,Bookstore,Comic Toranoana A (コミックとらのあな 秋葉原店A),Comic Book Store,4,9,9,Friday
1510,Clothing Store,Kamikaze Style (カミカゼスタイル 秋葉原店),Clothing Store,Electronics Store,あきばおー五号店,Discount Store,4,6,7,Saturday
1511,Café,Cafe&Bar QueensCourt,Café,Bookstore,Shosen Book Tower (書泉ブックタワー),Bookstore,3,6,6,Saturday
1512,Subway,Fukutoshin Line Shibuya Station (F16) (副都心線 渋谷駅),Metro Station,Train Station,Kita-Asaka Station (北朝霞駅),Rail Station,3,9,10,Wednesday
1513,Bar,Bar Tiziano,Cocktail Bar,Hobby Shop,animate (アニメイト),Hobby Store,1,9,10,Friday
1514,Medical Center,フェニックスメディカルクリニック,Hospital,Office,新高円寺通商店街振興組合,Office,1,2,3,Monday
1515,Convenience Store,Ministop (ミニストップ 千駄ヶ谷駅前店),Convenience Store,Café,NEW YORKER'S Cafe 千駄ヶ谷駅前店,Café,4,4,5,Wednesday
1516,Subway,Hanzomon Line Otemachi Station (Z08) (半蔵門線 大手町駅),Metro Station,University,Senshu Univ. Kanda campus (専修大学 神田キャンパス),College and University,2,7,7,Monday
1517,Japanese Restaurant,九段下鳥福,Sake Bar,Home (private),,,3,10,11,Friday
1518,Train Station,Motosumiyoshi Station (TY12/MG12) (元住吉駅),Rail Station,Mall,,,3,5,6,Saturday
1519,Mobile Phone Shop,Y! mobile神田須田町,Mobile Phone Store,Electronics Store,Apple Ginza (Apple 銀座),Landmarks and Outdoors,4,7,8,Sunday
1520,Office,Akihabara UDX (秋葉原UDX),Business Center,Subway,Omote-sando Station (表参道駅),Rail Station,1,12,14,Saturday
1521,Dessert Shop,Yanagiya (柳屋),Wagashi Place,Subway,Higashi-nihombashi Station (A15) (東日本橋駅),Metro Station,2,9,10,Monday
1522,Miscellaneous Shop,ユニオン,Kitchen Supply Store,Japanese Restaurant,じゃん腹,Ramen Restaurant,1,3,4,Sunday
1523,Movie Theater,TOHO Cinemas (TOHOシネマズ 六本木ヒルズ),Movie Theater,Diner,BEE8,Beer Bar,1,12,14,Saturday
1524,Tapas Restaurant,タパス&タパス 青山店,Bar,Electronics Store,Bic Camera (ビックカメラ 渋谷東口店),Home Appliance Store,1,8,9,Sunday
1525,Train Station,Oji Station (王子駅),Rail Station,Train Station,Tabata Station (田端駅),Rail Station,1,5,6,Sunday
1526,Gym / Fitness Center,ティップネス瑞江店,Gym and Studio,Chinese Restaurant,中華料理味遊,Chinese Restaurant,3,11,11,Monday
1527,Spa / Massage,Tsurunoyu (鶴の湯),Bath House,Housing Development,,,3,7,7,Monday
1528,Event Space,SHOT BAR VERTEX,Event Space,Japanese Restaurant,Tsuge (都夏),Sake Bar,1,10,11,Thursday
1529,Medical Center,よよぎ整体センター,Health and Medicine,Office,拓図コミュニケーション,Advertising Agency,2,8,10,Thursday
1530,Subway,Nakamachidai Station (B28) (仲町台駅),Rail Station,Department Store,コープかながわハーモス荏田,Grocery Store,4,6,8,Saturday
1531,Arcade,Hey - Hirose Entertainment Yard (Hey ヒロセエンターテイメントヤード),Arcade,Mall,atré Akihabara 1 (アトレ秋葉原1),Shopping Mall,2,7,7,Friday
1532,Arcade,Taito Station (タイトーステーション),Arcade,Train Station,Seibu Takadanobaba Station (SS02) (西武 高田馬場駅),Rail Station,2,11,12,Friday
1533,Bridge,春江橋,Bridge,American Restaurant,Bikkuri Donkey (びっくりドンキー),Japanese Family Restaurant,2,12,12,Sunday
1534,Subway,Toyosu Station (豊洲駅),Metro Station,Movie Theater,United Cinemas (ユナイテッド・シネマ豊洲),Movie Theater,1,10,11,Monday
1535,Japanese Restaurant,Iccho (炭焼宮崎地鶏 一鳥),BBQ Joint,Japanese Restaurant,Kawanone (川の音),Japanese Restaurant,3,11,13,Friday
1536,Office,"mixi, Inc. (株式会社ミクシィ)",Office,Seafood Restaurant,魚がし福ちゃん 2号店,Seafood Restaurant,2,7,9,Saturday
1537,Train Station,JR Ichigaya Station (JR 市ケ谷駅),Rail Station,Indian Restaurant,パク森市ヶ谷本店,Indian Restaurant,1,8,9,Friday
1538,Korean Restaurant,ホルモン倶楽部 あじくら 三軒茶屋店,Korean Restaurant,Video Store,TSUTAYA,Video Store,2,13,15,Sunday
1539,Train Station,Kanamachi Station (金町駅),Rail Station,Coffee Shop,珈琲館 金町店,Coffee Shop,2,6,7,Saturday
1540,Hobby Shop,animate (アニメイト),Retail,Electronics Store,Yodobashi-Akiba (ヨドバシカメラ マルチメディアAkiba),Electronics Store,1,7,8,Friday
1541,Park,Jonanjima Seaside Park (城南島海浜公園),Campground,Food & Drink Shop,Ito Yokado (イトーヨーカドー 大森店),Grocery Store,3,7,7,Sunday
1542,Gym / Fitness Center,,,Road,Togoshi Exit (戸越出入口),Toll Booth,3,4,5,Sunday
1543,Mobile Phone Shop,docomo smartphone lounge (ドコモ スマートフォンラウンジ),Mobile Phone Store,Coffee Shop,Doutor Coffee Shop (ドトールコーヒーショップ),Coffee Shop,4,9,10,Thursday
1544,Coffee Shop,Doutor Coffee Shop (ドトールコーヒーショップ),Coffee Shop,Subway,Yurakucho Line Yurakucho Station (Y18) (有楽町線 有楽町駅),Metro Station,1,10,11,Thursday
1545,Train Station,Keio Shinjuku Station (KO01) (京王 新宿駅),Rail Station,Plaza,Shinjuku Southern Terrace (新宿サザンテラス),Plaza,4,5,6,Saturday
1546,Electronics Store,Yamada Denki (ヤマダ電機 LABI新宿東口館),Electronics Store,Mall,Metro Promenade (メトロプロムナード),Road,4,2,4,Saturday
1547,Department Store,Marui (上野マルイ),Department Store,Electronics Store,Yodobashi Camera (ヨドバシカメラ マルチメディア上野),Home Appliance Store,4,3,4,Saturday
1548,College Academic Building,Kami-itabashi Gymnasium (上板橋体育館),Gym and Studio,Government Building,Ikefukuro (いけふくろう),Monument,3,0,2,Saturday
1549,Government Building,Tokyo Skytree (東京スカイツリー),Monument,Salon / Barbershop,江東理容室,Barbershop,1,4,5,Tuesday
1550,Subway,Toranomon Station (G07) (虎ノ門駅),Rail Station,Home (private),,,4,14,16,Tuesday
1551,Government Building,Tokyo Skytree (東京スカイツリー),Monument,Mall,Tokyo Solamachi (東京ソラマチ),Shopping Mall,1,3,5,Saturday
1552,Coffee Shop,Starbucks (スターバックス),Coffee Shop,Subway,Hanzomon Line Kinshicho Station (Z13) (半蔵門線 錦糸町駅),Metro Station,1,5,7,Saturday
1553,Deli / Bodega,,,Factory,大洋印刷大井工場,Print Store,3,2,3,Wednesday
1554,Deli / Bodega,,,Convenience Store,セブン-イレブン,Convenience Store,4,2,3,Thursday
1555,Electronics Store,Yodobashi-Akiba (ヨドバシカメラ マルチメディアAkiba),Electronics Store,Hobby Shop,Akihabara Gamers (AKIHABARAゲーマーズ),Hobby Store,4,1,2,Thursday
1556,Convention Center,Nakano Sunplaza (中野サンプラザ),Convention Center,Mall,Nakano Broadway (中野ブロードウェイ),Shopping Plaza,1,6,7,Thursday
1557,Hobby Shop,Hands (ハンズ),Furniture and Home Store,Plaza,Hachiko Square (ハチ公前広場),Plaza,2,10,11,Friday
1558,Drugstore / Pharmacy,龍生堂薬局 スバルビル調剤店,Drugstore,Electronics Store,Sofmap Akiba 1st Store (ソフマップAKIBA 1号店 サブカル・モバイル館),Retail,3,7,8,Sunday
1559,Medical Center,片岡整形・形成外科,Hospital,Stadium,Ryogoku Kokugikan (両国国技館),Café,3,2,4,Friday
1560,Mall,DiverCity Tokyo Plaza (ダイバーシティ東京 プラザ),Shopping Mall,Building,Marunouchi Building (丸の内ビルディング),Business Center,3,3,5,Thursday
1561,Event Space,Asagaya Loft A (阿佐ヶ谷 ロフトA),Event Space,Coffee Shop,Tully's Coffee,Coffee Shop,3,2,3,Saturday
1562,Arcade,ナツゲーミュージアム,Arcade,Garden,Shinjuku Gyoen (新宿御苑),Park,4,4,6,Saturday
1563,Subway,Akebonobashi Station (S03) (曙橋駅),Rail Station,Bar,DJ Bar Chrome,Bar,4,7,9,Saturday
1564,Subway,Omote-sando Station (表参道駅),Rail Station,Subway,Omote-sando Station (表参道駅),Rail Station,2,4,5,Sunday
1565,Electronics Store,Yodobashi-Akiba (ヨドバシカメラ マルチメディアAkiba),Electronics Store,Food & Drink Shop,Summit Store (サミットストア 葛飾区役所前店),Grocery Store,3,11,12,Monday
1566,Ramen /  Noodle House,らーめん 北の大地,Ramen Restaurant,Video Store,TSUTAYA亀戸店,Video Store,3,11,13,Monday
1567,Subway,Oedo Line Shinjuku Station (E27) (都営大江戸線 新宿駅),Metro Station,Train Station,Keio Shinjuku Station (KO01) (京王 新宿駅),Rail Station,1,10,11,Tuesday
1568,Clothing Store,,,French Restaurant,le 6eme sens d'OENON (ル シズィエム サンス ドゥ オエノン),French Restaurant,4,3,4,Wednesday
1569,Subway,Higashi-ikebukuro Station (Y10) (東池袋駅),Metro Station,College Academic Building,TIP.X TOKYO 池袋,Gym and Studio,3,9,9,Tuesday
1570,Aquarium,Sunshine Aquarium (サンシャイン水族館),Aquarium,Cemetery,,,2,8,9,Friday
1571,Hobby Shop,animate (アニメイト),Comic Book Store,Hobby Shop,Gamers (ゲーマーズ),Hobby Store,2,9,10,Tuesday
1572,Bookstore,,,Movie Theater,Shinjuku Wald 9 (新宿バルト9),Movie Theater,4,11,12,Saturday
1573,School,江東区立南陽小学校,Elementary School,Medical Center,東陽皮膚科医院,Skin Care Clinic,2,2,3,Saturday
1574,Government Building,Tokyo Skytree (東京スカイツリー),Monument,Government Building,Tokyo Skytree (東京スカイツリー),Monument,2,3,4,Sunday
1575,Event Space,目黒区学童保育クラブ - 上目黒住区センター児童館,Community Center,Other Great Outdoors,Mt. Mikasa (三笠山),Mountain,4,3,5,Sunday
1576,Subway,Bakuro-yokoyama Station (S09) (馬喰横山駅),Metro Station,Miscellaneous Shop,Don Quijote (ドン・キホーテ 環七方南町店),Discount Store,3,6,7,Saturday
1577,Convention Center,Tokyo Big Sight (東京ビッグサイト (東京国際展示場)),Italian Restaurant,Light Rail,Yurikamome Toyosu Station (U16) (ゆりかもめ 豊洲駅),Rail Station,3,2,3,Saturday
1578,Plaza,Akihabara Pedestrian Paradise (秋葉原 歩行者天国),Landmarks and Outdoors,Bridge,Mansei Bridge (万世橋),Bridge,2,5,5,Sunday
1579,Arcade,GIGO Akihabara 1 (ハイテクランドセガ秋葉原),Arcade,Hobby Shop,animate (アニメイト),Hobby Store,2,8,9,Saturday
1580,Event Space,Kawaguchi Lilia (川口総合文化センター リリア),Cultural Center,Mall,Ario Kawaguchi (アリオ川口),Shopping Mall,3,4,5,Sunday
1581,Toy / Game Store,Bounty Hunter Tokyo,Hobby Store,Mall,Omotesando Hills (表参道ヒルズ),Shopping Mall,4,5,6,Saturday
1582,Mall,Echika Ikebukuro (Echika池袋),Shopping Mall,Bar,vivo! BEER+DINING BAR,Beer Bar,2,7,8,Monday
1583,Department Store,Parco (調布PARCO),Shopping Mall,Arcade,アドアーズ調布南口店,Arcade,1,9,9,Friday
1584,Italian Restaurant,Spaghetti Pancho (スパゲッティーのパンチョ),Italian Restaurant,Electronics Store,Yodobashi Camera (ヨドバシカメラ 新宿西口本店),Computers and Electronics Retail,4,8,10,Saturday
1585,Ramen /  Noodle House,Menya Musashi Kosho (麺屋武蔵 虎嘯),Ramen Restaurant,Subway,Roppongi Station (六本木駅),Metro Station,2,11,11,Friday
1586,Plaza,,,Gym / Fitness Center,Tipness (ティップネス 木場),Gym and Studio,2,6,7,Saturday
1587,Laundry Service,つるやクリーニング本店,Professional Cleaning Service,Train Station,Musashi-Urawa Station (武蔵浦和駅),Rail Station,1,8,9,Wednesday
1588,Bridge,Arakawa Bridge (荒川橋梁),Bridge,Train Station,Nishi-Urawa Station (西浦和駅),Rail Station,1,11,12,Tuesday
1589,Electronics Store,Bic Camera (ビックカメラ 渋谷東口店),Home Appliance Store,Coffee Shop,Starbucks,Coffee Shop,3,2,2,Friday
1590,Bar,BILLY BEER BAR,Bar,Bus Station,Shinjuku Sta. West Exit Bus Terminal (新宿駅西口バスターミナル),Bus Station,4,11,11,Friday
1591,Convention Center,Tokyo Big Sight (東京ビッグサイト (東京国際展示場)),Italian Restaurant,Ramen /  Noodle House,Kineya Mugimaru (杵屋麦丸),Udon Restaurant,4,21,22,Friday
1592,Light Rail,Ariake Station (U12) (有明駅),Rail Station,Bar,Asahi (あさひ),Sake Bar,3,7,8,Saturday
1593,Subway,Kiba Station (T13) (木場駅),Metro Station,Mall,atré Akihabara 1 (アトレ秋葉原1),Shopping Mall,4,1,2,Tuesday
1594,Bookstore,COMIC ZIN,Comic Book Store,Subway,Ginza Line Shibuya Station (G01) (銀座線 渋谷駅),Metro Station,4,7,8,Thursday
1595,Music Venue,O−EAST,Music Venue,Japanese Restaurant,Sumire (すみれ),Sake Bar,4,9,11,Tuesday
1596,Bar,vivo daily stand 中野本店,Bar,Ramen /  Noodle House,Ramen Kaeru,Ramen Restaurant,4,10,11,Friday
1597,Coffee Shop,Starbucks (スターバックス),Coffee Shop,Ramen /  Noodle House,Maruka (丸香),Udon Restaurant,4,8,10,Thursday
1598,Food & Drink Shop,,,Video Store,TSUTAYA,Video Store,1,6,7,Wednesday
1599,Ramen /  Noodle House,Nidaime Budoka (二代目武道家),Ramen Restaurant,Bar,AiR BAR ,Bar,4,11,13,Friday
1600,Ramen /  Noodle House,Nidaime Budoka (二代目武道家),Ramen Restaurant,Bar,AiR BAR ,Bar,1,11,13,Friday
1601,Train Station,JR Kamata Station (JR 蒲田駅),Rail Station,Train Station,Musashi-nitta Station (TM05) (武蔵新田駅),Rail Station,4,7,8,Tuesday
1602,Indian Restaurant,Bengal (カレー専門店 ベンガル),Japanese Curry Restaurant,Subway,Suehirocho Station (G14) (末広町駅),Metro Station,3,8,8,Sunday
1603,Ramen /  Noodle House,Komoro Soba (小諸そば),Soba Restaurant,Fast Food Restaurant,McDonald's (マクドナルド),Fast Food Restaurant,2,6,7,Thursday
1604,Fast Food Restaurant,McDonald's (マクドナルド),Fast Food Restaurant,Bookstore,Mandarake Complex (まんだらけ コンプレックス),Retail,1,5,5,Friday
1605,Food & Drink Shop,Ito Yokado (イトーヨーカドー 浦和店),Grocery Store,Bar,わたみん家上野浅草口店,Sake Bar,4,7,8,Saturday
1606,Shrine,目白豊坂稲荷神社,Shrine,Other Great Outdoors,旧近衛邸のケヤキ,Landmarks and Outdoors,3,0,0,Wednesday
1607,Restaurant,ロイヤルホスト 目白駅前店 Royal Host,Restaurant,Other Great Outdoors,旧近衛邸のケヤキ,Landmarks and Outdoors,2,0,0,Wednesday
1608,Department Store,Seibu (西武池袋本店),Department Store,Bowling Alley,Round1 (ラウンドワン 池袋店),Arcade,1,8,8,Tuesday
1609,Bookstore,Melonbooks (メロンブックス 秋葉原1号店),Comic Book Store,Electronics Store,Bic Camera (ビックカメラ 池袋本店),Home Appliance Store,2,7,9,Sunday
1610,Parking,Akihabara UDX Parking (秋葉原UDXパーキング),Parking,Bookstore,Melonbooks (メロンブックス 秋葉原1号店),Comic Book Store,3,9,10,Monday
1611,Parking,Akihabara UDX Parking (秋葉原UDXパーキング),Parking,Electronics Store,Yodobashi-Akiba (ヨドバシカメラ マルチメディアAkiba),Electronics Store,1,9,10,Monday
1612,Fast Food Restaurant,マクドナルド,Burger Joint,Subway,Nishi-ojima Station (S14) (西大島駅),Rail Station,2,21,22,Sunday
1613,Nail Salon,Karan Coron Nail ヨドバシAkiba,Nail Salon,Electronics Store,Yodobashi-Akiba (ヨドバシカメラ マルチメディアAkiba),Electronics Store,4,10,10,Monday
1614,Hobby Shop,Akihabara Gamers (AKIHABARAゲーマーズ),Hobby Store,Convenience Store,FamilyMart (ファミリーマート 神田駅東口店),Convenience Store,1,4,5,Sunday
1615,Fast Food Restaurant,McDonald's (マクドナルド),Burger Joint,Bar,,,2,12,13,Saturday
1616,Electronics Store,Bic Camera (ビックカメラ),Home Appliance Store,Video Store,ゲオ,Video Store,3,10,11,Monday
1617,Italian Restaurant,ド・マーレ湘南川崎店,Italian Restaurant,Train Station,Mukogaoka-Yuen Station (OH19) (向ヶ丘遊園駅),Rail Station,3,0,0,Wednesday
1618,Government Building,Tokyo Skytree (東京スカイツリー),Monument,Temple,Senso-ji Temple (浅草寺),Buddhist Temple,1,0,1,Friday
1619,Convenience Store,FamilyMart (ファミリーマート 渋谷道玄坂店),Convenience Store,Office,Sumitomo Realty & Development Shibuya Garden Tower (住友不動産渋谷ガーデンタワー),Office,2,2,3,Friday
1620,Road,,,Subway,Suitengumae Station (Z10) (水天宮前駅),Metro Station,1,10,11,Wednesday
1621,Bookstore,Maruzen (丸善),Bookstore,Bookstore,Maruzen (丸善),Bookstore,1,10,10,Thursday
1622,Bookstore,Melonbooks (メロンブックス 秋葉原1号店),Comic Book Store,Ramen /  Noodle House,Marugame Seimen (丸亀製麺),Udon Restaurant,2,5,7,Saturday
1623,Ramen /  Noodle House,Marugame Seimen (丸亀製麺),Udon Restaurant,Electronics Store,Yamada Denki LABI 1 (ヤマダデンキ LABI1 LIFE SELECT 池袋),Home Appliance Store,2,7,9,Friday
1624,Ramen /  Noodle House,,,Diner,グリーンテラス さくら,Teishoku Restaurant,4,4,6,Sunday
1625,Plaza,Sunshine City Fountain Plaza (サンシャインシティ噴水広場),Plaza,Hobby Shop,animate (アニメイト),Comic Book Store,2,5,6,Sunday
1626,University,University of Electro-Communications (電気通信大学),College and University,Department Store,Parco (調布PARCO),Shopping Mall,3,1,3,Sunday
1627,Food & Drink Shop,Seiyu (西友 調布店),Grocery Store,Food & Drink Shop,Seiyu (西友 調布店),Grocery Store,1,13,13,Tuesday
1628,Electronics Store,Sofmap Akiba 1st Store (ソフマップAKIBA 1号店 サブカル・モバイル館),Retail,Toy / Game Store,ソフマップ - AKIBA4号店アミューズメント館,Retail,1,7,8,Tuesday
1629,Bookstore,買取販売市場 ムーラン AKIBA,Vintage and Thrift Store,Hobby Shop,Akihabara Gamers (AKIHABARAゲーマーズ),Hobby Store,3,7,8,Monday
1630,University,Tokyo Gakugei University (東京学芸大学),College and University,Park,Koganei Park (小金井公園),Park,2,3,4,Sunday
1631,Government Building,Fuchu Driver's License Center (府中運転免許試験場),Japanese Restaurant,University,Tokyo Gakugei University (東京学芸大学),College and University,3,2,3,Sunday
1632,Ramen /  Noodle House,Marugame Seimen (丸亀製麺),Udon Restaurant,Building,ThinkPark Tower,Business Center,3,4,4,Wednesday
1633,Record Shop,TOWER RECORDS,Record Store,Ramen /  Noodle House,Ramen Kagemusha (らーめん影武者 はなれ),Ramen Restaurant,4,11,11,Friday
1634,Office,Bunkyo Green Court (文京グリーンコート),Shopping Mall,Office,Bunkyo Green Court (文京グリーンコート),Shopping Mall,3,23,1,Sunday
1635,Office,Bunkyo Green Court (文京グリーンコート),Shopping Mall,Office,Bunkyo Green Court (文京グリーンコート),Shopping Mall,1,1,1,Monday
1636,Medical Center,フロッギーズクリニック,Hospital,Ramen /  Noodle House,めん 和正,Ramen Restaurant,3,9,11,Wednesday
1637,Hobby Shop,Hands (ハンズ),Furniture and Home Store,Seafood Restaurant,Ika Center (いかセンター 新宿総本店),Sake Bar,1,9,11,Monday
1638,Light Rail,Tokyo International Cruise Terminal Station (U08) (東京国際クルーズターミナル駅),Rail Station,Museum,MEGA WEB,Amusement Park,1,3,4,Sunday
1639,Gas Station / Garage,出光フォーユーステーション行徳SS,Fuel Station,Spa / Massage,ネイルサロン ローズキュート,Spa,1,3,3,Sunday
1640,Home (private),,,Bar,Tachinomi Kadokura (立飲み カドクラ),Sake Bar,2,6,7,Wednesday
1641,Subway,Meiji-jingumae 'Harajuku' Station (明治神宮前 駅),Metro Station,Subway,Fukutoshin Line Meiji-jingumae 'Harajuku' Station (F15) (副都心線 明治神宮前 駅),Metro Station,4,8,8,Saturday
1642,Other Great Outdoors,荒川ロックゲート,Canal Lock,Park,Diamond and Flower Ferris Wheel (ダイヤと花の大観覧車),Amusement Park,1,5,6,Sunday
1643,Department Store,Marui (北千住マルイ),Department Store,Train Station,Sōka Station (TS16) (草加駅),Rail Station,1,11,11,Wednesday
1644,Miscellaneous Shop,AssistOn (アシストオン 原宿店),Gift Store,Bar,大東京酒場市ヶ谷店,Sake Bar,2,9,10,Thursday
1645,Park,Yomiuri Land (よみうりランド),Amusement Park,Food & Drink Shop,サミット王子店,Grocery Store,1,8,9,Sunday
1646,Japanese Restaurant,にほん酒や,Sake Bar,Chinese Restaurant,大連,Chinese Restaurant,3,11,13,Saturday
1647,Building,Marunouchi Building (丸の内ビルディング),Business Center,Train Station,Kodaira Station (SS19) (小平駅),Rail Station,3,11,12,Wednesday
1648,Train Station,Keio Shinjuku Station (KO01) (京王 新宿駅),Rail Station,Train Station,Odakyu Shinjuku Station (OH01) (小田急 新宿駅),Rail Station,4,5,6,Wednesday
1649,Train Station,,,Bookstore,Junkudo (ジュンク堂書店),Bookstore,1,3,3,Saturday
1650,Mall,Omotesando Hills (表参道ヒルズ),Shopping Mall,Miscellaneous Shop,AssistOn (アシストオン 原宿店),Gift Store,2,5,6,Friday
1651,Miscellaneous Shop,Loft (渋谷ロフト),Retail,Chinese Restaurant,Choraku (兆楽),Chinese Restaurant,3,11,11,Saturday
1652,Hobby Shop,animate (アニメイト),Retail,Bookstore,COMIC ZIN,Comic Book Store,2,5,7,Thursday
1653,Miscellaneous Shop,,,Hobby Shop,animate (アニメイト),Retail,2,5,6,Thursday
1654,Smoke Shop,秋葉原喫煙所,Tobacco Store,Japanese Restaurant,Toribancho (鳥番長 上野昭和通り店),Sake Bar,3,6,7,Saturday
1655,Japanese Restaurant,Toribancho (鳥番長 上野昭和通り店),Sake Bar,Electronics Store,QC PASS,Electronics Store,2,7,8,Saturday
1656,Medical Center,睡眠総合ケアクリニック代々木,Hospital,Ramen /  Noodle House,Tatsunoya (龍の家),Ramen Restaurant,3,11,13,Wednesday
1657,Coffee Shop,STREAMER COFFEE COMPANY,Café,Train Station,Keio Shimo-kitazawa Station (IN05) (京王 下北沢駅),Rail Station,2,8,10,Saturday
1658,Japanese Restaurant,Momodori (六本木 百鳥),Cocktail Bar,Chinese Restaurant,Gyoza Ohsho (餃子の王将),Chinese Restaurant,3,10,12,Thursday
1659,Office,Science Council of Japan Office (日本学術会議 事務局),Government Department,Japanese Restaurant,Momodori (六本木 百鳥),Cocktail Bar,1,10,10,Thursday
1660,Hobby Shop,Akihabara Gamers (AKIHABARAゲーマーズ),Hobby Store,Train Station,JR Platforms 11-12 (JR 11-12番線ホーム),Platform,4,6,7,Saturday
1661,Hobby Shop,Akihabara Gamers (AKIHABARAゲーマーズ),Hobby Store,Toy / Game Store,Pop Life Department M's (大人のデパート エムズ),Adult Store,3,2,4,Saturday
1662,Office,東京商工会議所ビルディング,Office Building,Park,築地川銀座公園,Park,3,23,0,Monday
1663,Other Great Outdoors,,,Other Great Outdoors,真田濠堤,Other Great Outdoors,4,2,3,Sunday
1664,Bookstore,Books Sanseido (三省堂書店),Bookstore,Hobby Shop,Comic Toranoana B (コミックとらのあな 池袋店),Comic Book Store,3,10,10,Monday
1665,Café,Cafe&Bar QueensCourt,Café,Bar,Tachinomi Kadokura (立飲み カドクラ),Sake Bar,3,5,7,Friday
1666,Train Station,Hōya Station (SI12) (保谷駅),Rail Station,Train Station,Hana-Koganei Station (SS18) (花小金井駅),Rail Station,2,6,8,Sunday
1667,Plaza,,,Shrine,Yushima Tenmangu Shrine (湯島天満宮),Shrine,4,4,4,Saturday
1668,Park,Yoyogi Park (代々木公園),Park,Park,Yoyogi Park (代々木公園),Park,1,3,4,Sunday
1669,Subway,Shinjuku-nishiguchi Station (E01) (新宿西口駅),Metro Station,Record Shop,TOWER RECORDS,Record Store,3,10,11,Wednesday
1670,Bus Station,高田馬場駅前バス停,Bus Stop,Drugstore / Pharmacy,Yoshiya (よしや 目白高田店),Grocery Store,4,9,10,Friday
1671,Convenience Store,ミニストップ 杉並桃井三丁目店,Convenience Store,Road,,,2,3,3,Sunday
1672,Food & Drink Shop,Inageya (いなげや 武蔵野西久保店),Grocery Store,Home (private),,,1,12,13,Monday
1673,Bookstore,COMIC ZIN,Comic Book Store,Japanese Restaurant,味噌汁家AKIBA‐ICHI店,Japanese Restaurant,4,10,11,Tuesday
1674,Mall,,,Department Store,Seibu-Shinjuku PePe (西武新宿ペペ),Shopping Mall,1,8,8,Monday
1675,Ramen /  Noodle House,Rakugama Seimenjo (楽釜製麺所),Fast Food Restaurant,General College & University,Akamon Gate (赤門),Monument,1,3,4,Sunday
1676,College Academic Building,Academy Common (アカデミーコモン),College Academic Building,Department Store,Mitsukoshi (日本橋三越本店),Department Store,1,7,8,Monday
1677,Hotel,Hotel Seiyo Ginza (ホテル西洋 銀座),Hotel,Department Store,Printemps Ginza (プランタン銀座),Retail,3,4,5,Saturday
1678,Arcade,Tokyo Leisure Land (東京レジャーランド 秋葉原2号店),Arcade,Subway,Hibiya Line Akihabara Station (H16) (日比谷線 秋葉原駅),Metro Station,3,10,11,Wednesday
1679,Department Store,Seibu (西武渋谷店),Department Store,Subway,Omote-sando Station (表参道駅),Rail Station,2,5,6,Tuesday
1680,Bookstore,Comic Toranoana A (コミックとらのあな 秋葉原店A),Comic Book Store,Train Station,Musashi-Urawa Station (武蔵浦和駅),Rail Station,2,8,9,Sunday
1681,Mall,Lumine Est (ルミネエスト新宿),Shopping Mall,Bookstore,Books Kinokuniya Annex (紀伊國屋書店 新宿別館),Bookstore,4,10,11,Friday
1682,Train Station,Nerima Station (練馬駅),Convenience Store,Ramen /  Noodle House,Fukushin (福しん),Chinese Restaurant,2,10,12,Tuesday
1683,Other Great Outdoors,Tamagawa Riverbed (Futako-shinchi Sta. Side) (多摩川河川敷 (二子新地駅側)),Landmarks and Outdoors,Post Office,調布上石原三郵便局,Post Office,1,3,4,Sunday
1684,Hobby Shop,animate (アニメイト),Retail,Electronics Store,Yodobashi-Akiba (ヨドバシカメラ マルチメディアAkiba),Electronics Store,1,9,10,Sunday
1685,Train Station,JR Shinagawa Station (JR 品川駅),Rail Station,Train Station,Toyoko Line Shibuya Station (TY01) (東急東横線 渋谷駅),Rail Station,3,3,5,Tuesday
1686,Park,Tokyo Disneyland (東京ディズニーランド),Amusement Park,Movie Theater,キャプテンEO ,Arts and Entertainment,1,4,5,Saturday
1687,Electronics Store,Yodobashi-Akiba (ヨドバシカメラ マルチメディアAkiba),Electronics Store,Train Station,Ryōgoku Station (両国駅),Rail Station,4,3,5,Sunday
1688,Train Station,Seibu Nerima Station (SI06) (西武 練馬駅),Park,Train Station,Nerima Station (練馬駅),Convenience Store,1,11,11,Wednesday
1689,Office,Microsoft Japan (日本マイクロソフト),Office,Subway,Yurakucho Line Yurakucho Station (Y18) (有楽町線 有楽町駅),Metro Station,1,3,3,Saturday
1690,Mall,First Avenue Tokyo Station (東京駅一番街),Shopping Mall,Stadium,Nippon Budokan (日本武道館),Stadium,4,7,7,Saturday
1691,Road,,,Music Venue,O−EAST,Music Venue,2,4,4,Saturday
1692,Concert Hall,Suntory Hall (サントリーホール),Concert Hall,Office,Midtown Tower (ミッドタウン・タワー),Business Center,2,10,11,Monday
1693,Arcade,Taito Station (タイトーステーション 新宿南口ゲームワールド店),Arcade,Convenience Store,7-Eleven (セブンイレブン 市川行徳店),Convenience Store,4,7,9,Friday
1694,Ramen /  Noodle House,Sharin (舎鈴),Ramen Restaurant,Bakery,Sandog Inn Kobeya (Sandog Inn 神戸屋),Bakery,3,11,12,Wednesday
1695,Bakery,Sandog Inn Kobeya (Sandog Inn 神戸屋),Bakery,Office,Shiodome Media Tower (汐留メディアタワー),Office,1,8,9,Monday
1696,Hobby Shop,animate (アニメイト),Retail,Italian Restaurant,Saizeriya (サイゼリヤ),Italian Restaurant,4,2,3,Saturday
1697,Ramen /  Noodle House,Komoro Soba (小諸そば),Soba Restaurant,Café,St. Marc Café (サンマルクカフェ),Café,1,8,10,Saturday
1698,Mall,Caretta Shiodome (カレッタ汐留),Shopping Mall,Japanese Restaurant,Nakau (なか卯),Fast Food Restaurant,3,9,11,Sunday
1699,Government Building,本所消防署東駒形出張所,Fire Station,Donut Shop,Mister Donut (ミスタードーナツ 東京ソラマチショップ),Fast Food Restaurant,1,5,6,Thursday
1700,Mobile Phone Shop,docomo smartphone lounge (ドコモ スマートフォンラウンジ),Mobile Phone Store,Subway,Uchisaiwaicho Station (I07) (内幸町駅),Metro Station,4,2,3,Saturday
1701,Japanese Restaurant,Tokyo Chikara Meshi (東京チカラめし),Donburi Restaurant,Hotel,Grand Park Hotel Panex Tokyo (グランパークホテルパネックス東京),Bed and Breakfast,1,13,15,Saturday
1702,Japanese Restaurant,Rengatei (煉瓦亭),Yoshoku Restaurant,Ramen /  Noodle House,Mihara (中華三原),Chinese Restaurant,2,3,4,Friday
1703,Building,Sumitomo Fudosan Shinjuku Oak Tower (住友不動産新宿オークタワー),Business Center,Building,Sumitomo Fudosan Shinjuku Oak Tower (住友不動産新宿オークタワー),Business Center,3,5,7,Tuesday
1704,Train Station,Keio Shinjuku Station (KO01) (京王 新宿駅),Rail Station,Electronics Store,Yodobashi Camera (ヨドバシカメラ 新宿西口本店),Computers and Electronics Retail,3,9,9,Tuesday
1705,Library,Chiyoda Library (千代田図書館),Library,Bookstore,Books Sanseido (三省堂書店),Bookstore,3,1,2,Sunday
1706,Bridge,あずま橋,Bridge,Other Great Outdoors,文化放送川口送信所,Radio Station,4,2,3,Sunday
1707,Mall,Ario (アリオ西新井),"Cafe, Coffee, and Tea House",Convenience Store,Lawson Store 100 (ローソンストア100 足立栗原店),Convenience Store,3,8,9,Tuesday
1708,Train Station,JR Ueno Station (JR 上野駅),Rail Station,Ramen /  Noodle House,名代富士そば 上野店,Soba Restaurant,2,11,13,Tuesday
1709,Playground,Nippori South Park (日暮里南公園),Park,Temple,Kaminarimon Gate (雷門),Shrine,4,11,13,Wednesday
1710,Gym / Fitness Center,コナミスポーツクラブ調布,Gym and Studio,Electronics Store,PC DEPOT スマートライフ調布店,Computers and Electronics Retail,2,3,5,Saturday
1711,Train Station,Yaesu South Exit (八重洲南口),Rail Station,German Restaurant,Tsubame Kitchen (つばめKITCHEN),German Restaurant,1,8,9,Sunday
1712,Neighborhood,,,Electronics Store,Yodobashi-Akiba (ヨドバシカメラ マルチメディアAkiba),Electronics Store,1,3,5,Saturday
1713,Neighborhood,,,Hobby Shop,Cospatio (コスパティオ 秋葉原本店),Costume Store,1,3,5,Saturday
1714,Office,Brainy Cube,Technology Business,Ramen /  Noodle House,小諸そば 末広町店,Soba Restaurant,1,3,4,Thursday
1715,Coffee Shop,Doutor Coffee Shop (ドトールコーヒーショップ),Coffee Shop,Train Station,Nishi-Kawaguchi Station (西川口駅),Rail Station,2,5,6,Saturday
1716,Bookstore,K-BOOKS 池袋アニメ館,Bookstore,Hobby Shop,Comic Toranoana B (コミックとらのあな 池袋店),Comic Book Store,4,8,9,Saturday
1717,Bookstore,K-BOOKS 池袋アニメ館,Bookstore,Hobby Shop,Comic Toranoana B (コミックとらのあな 池袋店),Comic Book Store,4,8,9,Saturday
1718,Electronics Store,TSUKUMO eX.,Electronics Store,Drugstore / Pharmacy,どらっぐぱぱす 両国店,Drugstore,3,9,9,Monday
1719,Arcade,Tokyo Leisure Land (東京レジャーランド 秋葉原2号店),Arcade,Convenience Store,7-Eleven (セブンイレブン 墨田両国4丁目店),Convenience Store,2,9,10,Tuesday
1720,Electronics Store,Yodobashi-Akiba (ヨドバシカメラ マルチメディアAkiba),Electronics Store,Airport,Terminal 2 (第2ターミナル),Airport Terminal,1,4,5,Friday
1721,Electronics Store,Yodobashi-Akiba (ヨドバシカメラ マルチメディアAkiba),Electronics Store,Arcade,GIGO Akihabara 1 (ハイテクランドセガ秋葉原),Arcade,2,5,6,Saturday
1722,Hobby Shop,Darts Shop TiTO 秋葉原店,Hobby Store,Bookstore,Shosen Book Tower (書泉ブックタワー),Bookstore,3,8,10,Sunday
1723,Coffee Shop,Doutor Coffee Shop (ドトールコーヒーショップ),Café,Bookstore,Shosen Book Tower (書泉ブックタワー),Bookstore,3,8,9,Monday
1724,Train Station,Oji Station (王子駅),Rail Station,Hobby Shop,Comic Toranoana B (コミックとらのあな 池袋店),Comic Book Store,2,2,4,Saturday
1725,Train Station,Oji Station (王子駅),Rail Station,Food & Drink Shop,,,2,2,2,Saturday
1726,Casino,WINS Ginza (ウインズ銀座),Betting Shop,Department Store,Matsuya Ginza (松屋銀座),Department Store,2,6,7,Sunday
1727,Italian Restaurant,青山JANOJA,Italian Restaurant,Café,,,4,4,5,Monday
1728,Shrine,奥澤神社,Shrine,Smoke Shop,,,1,2,3,Sunday
1729,Shrine,奥澤神社,Shrine,Other Great Outdoors,Marie claire street (マリ・クレール通り),Road,2,6,8,Sunday
1730,Train Station,Kawasaki Station (川崎駅),Rail Station,Electronics Store,Yodobashi Camera (ヨドバシカメラ マルチメディア川崎ルフロン),Home Appliance Store,2,10,11,Friday
1731,Italian Restaurant,BAR di FUMO,Italian Restaurant,Electronics Store,Yodobashi Camera (ヨドバシカメラ マルチメディア川崎ルフロン),Home Appliance Store,2,10,12,Friday
1732,Mobile Phone Shop,テルルモバイル NEO秋葉原店,Mobile Phone Store,Bar,,,3,8,10,Tuesday
1733,Electronics Store,Yodobashi-Akiba (ヨドバシカメラ マルチメディアAkiba),Electronics Store,Japanese Restaurant,居酒屋殿,Sake Bar,3,10,12,Wednesday
1734,Ramen /  Noodle House,Hamasoba (油そば専門店 浜そば),Ramen Restaurant,Coffee Shop,スターバックス,Coffee Shop,4,3,4,Sunday
1735,Burger Joint,BLACOWS (ブラッカウズ),Burger Joint,Train Station,Daikan-yama Station (TY02) (代官山駅),Rail Station,1,9,10,Monday
1736,Bookstore,Comic Toranoana A (コミックとらのあな 秋葉原店A),Comic Book Store,Italian Restaurant,Saizeriya (サイゼリヤ),Italian Restaurant,4,10,11,Saturday
1737,Bridge,Azumabashi Bridge (吾妻橋),Bridge,Ramen /  Noodle House,がんこラーメン八代目,Noodle Restaurant,1,2,3,Saturday
1738,Department Store,Nihombashi Takashimaya S.C. (日本橋高島屋S.C.),Landmarks and Outdoors,Department Store,Nihombashi Takashimaya S.C. (日本橋高島屋S.C.),Landmarks and Outdoors,3,4,4,Saturday
1739,Gift Shop,Precure Pretty Store (プリキュア プリティストア),Hobby Store,Department Store,Nihombashi Takashimaya S.C. (日本橋高島屋S.C.),Landmarks and Outdoors,3,3,4,Saturday
1740,Bridge,南高橋,Landmarks and Outdoors,Subway,Tawaramachi Station (G18) (田原町駅),Rail Station,3,13,13,Wednesday
1741,Music Store,,,Candy Store,不二家鴬谷店,Pastry Shop,4,5,6,Thursday
1742,Internet Cafe,まんが喫茶 ゲラゲラ 田町店,Internet Cafe,Coffee Shop,Starbucks (スターバックス),Coffee Shop,2,9,10,Thursday
1743,Miscellaneous Shop,Daiso (ダイソー),Convenience Store,Ramen /  Noodle House,Yudetaro (ゆで太郎),Soba Restaurant,2,9,10,Sunday
1744,Convenience Store,FamilyMart (ファミリーマート 亀屋赤羽西店),Convenience Store,Convenience Store,FamilyMart (ファミリーマート 浦和常盤店),Convenience Store,3,12,14,Friday
1745,Train Station,Akabane Station (赤羽駅),Rail Station,Convenience Store,FamilyMart (ファミリーマート 亀屋赤羽西店),Convenience Store,2,5,6,Sunday
1746,Hobby Shop,Comic Toranoana B (コミックとらのあな 池袋店),Comic Book Store,Arcade,SEGA Ikebukuro GiGO (セガ池袋GiGO),Arcade,2,8,8,Sunday
1747,Arcade,SEGA Ikebukuro GiGO (セガ池袋GiGO),Arcade,Arcade,SEGA Ikebukuro GiGO (セガ池袋GiGO),Arcade,4,8,9,Sunday
1748,Electronics Store,Yamada Denki LABI (ヤマダデンキ LABI 渋谷),Home Appliance Store,Electronics Store,Bic Camera (ビックカメラ 渋谷東口店),Home Appliance Store,1,6,8,Sunday
1749,Mall,Shibuya Hikarie (渋谷ヒカリエ),Business Center,Electronics Store,Yamada Denki LABI (ヤマダデンキ LABI 渋谷),Home Appliance Store,3,6,6,Sunday
1750,Park,Imperial Palace Plaza (皇居前広場),Plaza,Toy / Game Store,ソフマップ - AKIBA4号店アミューズメント館,Retail,3,3,4,Sunday
1751,Bridge,Kanasugi Bridge (金杉橋),Landmarks and Outdoors,Sushi Restaurant,Sushiro (スシロー),Fast Food Restaurant,4,8,9,Sunday
1752,Subway,Omote-sando Station (表参道駅),Rail Station,Train Station,Keiō-yomiuri-land Station (KO37) (京王よみうりランド駅),Rail Station,4,21,22,Friday
1753,Train Station,Chōfu Station (KO18) (調布駅),Rail Station,Train Station,Yanokuchi Station (矢野口駅),Rail Station,2,13,14,Friday
1754,Food & Drink Shop,Ito Yokado (イトーヨーカドー),Grocery Store,Stadium,Edogawa City Baseball Stadium (江戸川区球場),Baseball Field,3,3,4,Wednesday
1755,Mall,Tokyo Solamachi (東京ソラマチ),Shopping Mall,Mall,Tokyo Solamachi (東京ソラマチ),Shopping Mall,1,10,10,Thursday
1756,Train Station,Jimbocho Station (神保町駅),Rail Station,Electronics Store,Yodobashi-Akiba (ヨドバシカメラ マルチメディアAkiba),Electronics Store,4,6,6,Saturday
1757,Hardware Store,Akizuki Denshi Tsusho (秋月電子通商),Business and Professional Services,Bookstore,Shosen Book Tower (書泉ブックタワー),Bookstore,1,6,8,Saturday
1758,Bookstore,買取販売市場 ムーラン AKIBA,Vintage and Thrift Store,Arcade,Tokyo Leisure Land (東京レジャーランド 秋葉原2号店),Arcade,1,10,10,Thursday
1759,Arcade,Rakuichi Rakuza (楽市楽座),Arcade,Arcade,Rakuichi Rakuza (楽市楽座),Arcade,3,9,10,Thursday
1760,Building,Sumitomo Fudosan Nishi-Shinjuku Building (住友不動産西新宿ビル),Business and Professional Services,Clothing Store,UNIQLO (ユニクロ),Clothing Store,3,9,10,Friday
1761,Subway,Hibiya Line Higashi-ginza Station (H10) (日比谷線 東銀座駅),Metro Station,Train Station,Shimbamba Station (KK03) (新馬場駅),Rail Station,4,12,12,Friday
1762,Hotel,The Prince Park Tower Tokyo (ザ・プリンス パークタワー東京),Hotel,Subway,Roppongi Station (六本木駅),Metro Station,3,7,8,Tuesday
1763,Arcade,Eternal Amusement Tower (エターナルアミューズメントタワー),Arcade,Bookstore,Mandarake Complex (まんだらけ コンプレックス),Retail,3,5,7,Friday
1764,Post Office,Kojimachi Post Office (麹町郵便局),Post Office,Train Station,Ichigaya Station (市ケ谷駅),Rail Station,3,10,11,Sunday
1765,Food & Drink Shop,Mavie 赤坂店,Wine Store,Arcade,Taito Station (タイトーステーション 渋谷店),Arcade,1,11,12,Saturday
1766,Chinese Restaurant,八虎,Bar,Salon / Barbershop,,,4,3,4,Monday
1767,Subway,Hanzomon Line Otemachi Station (Z08) (半蔵門線 大手町駅),Metro Station,Stadium,Nippon Budokan (日本武道館),Stadium,2,5,5,Friday
1768,Light Rail,Ryutsu Center Station (MO04) (流通センター駅),Rail Station,Home (private),,,1,1,2,Sunday
1769,Event Space,Kawaguchi Lilia (川口総合文化センター リリア),Cultural Center,Event Space,Kawaguchi Lilia (川口総合文化センター リリア),Cultural Center,3,6,6,Sunday
1770,Subway,Hibiya Line Roppongi Station (H04) (日比谷線 六本木駅),Metro Station,Ramen /  Noodle House,六本木 BeeHive,Concert Hall,1,7,8,Saturday
1771,Subway,Oedo Line Roppongi Station (E23) (都営大江戸線 六本木駅),Metro Station,Diner,虎の桜,Japanese Restaurant,3,8,9,Tuesday
1772,Bookstore,Comic Toranoana A (コミックとらのあな 秋葉原店A),Comic Book Store,Arcade,Tokyo Leisure Land (東京レジャーランド 秋葉原2号店),Arcade,3,10,10,Thursday
1773,Arcade,Eternal Amusement Tower (エターナルアミューズメントタワー),Arcade,Mobile Phone Shop,テルルモバイル NEO秋葉原店,Mobile Phone Store,1,10,11,Friday
1774,Arcade,namco (namco港北TOKYUショッピングセンター店),Arcade,Department Store,Ito Yokado (イトーヨーカドー たまプラーザ店),Grocery Store,4,7,8,Sunday
1775,Food & Drink Shop,マジックミシンすすき野とうきゅう店,Repair Service,Food & Drink Shop,マジックミシンすすき野とうきゅう店,Repair Service,3,10,10,Thursday
1776,Gas Station / Garage,Shell (昭和礦油プラザ尾久サービスステーション),Fuel Station,Mall,Nakano Broadway (中野ブロードウェイ),Shopping Plaza,4,9,9,Saturday
1777,Subway,Iriya Station (H19) (入谷駅),Metro Station,Convenience Store,Ministop (ミニストップ 入谷2丁目店),Convenience Store,2,10,11,Monday
1778,Convenience Store,FamilyMart (ファミリーマート 渋谷文化学園大前店),Convenience Store,Post Office,Yoyogi Post Office (郵便局),Post Office,3,8,9,Monday
1779,Post Office,Yoyogi Post Office (郵便局),Post Office,Bike Shop,Bicycle Friend Nalsima (なるしまフレンド 神宮店),Bicycle Store,4,7,7,Friday
1780,Bookstore,COMIC ZIN,Comic Book Store,Hobby Shop,animate (アニメイト),Retail,4,8,9,Sunday
1781,Arcade,Tokyo Leisure Land (東京レジャーランド 秋葉原2号店),Arcade,Office,Akihabara UDX (秋葉原UDX),Business Center,2,2,3,Saturday
1782,Snack Place,ポッポ 小豆沢店,Snack Place,Miscellaneous Shop,Don Quijote (ドン・キホーテ 練馬店),Discount Store,4,6,7,Friday
1783,Electronics Store,Yodobashi-Akiba (ヨドバシカメラ マルチメディアAkiba),Electronics Store,Electronics Store,Janpara (じゃんぱら 秋葉原 4号店),Electronics Store,4,5,5,Monday
1784,Convention Center,Nakano Sunplaza (中野サンプラザ),Convention Center,Convention Center,Nakano Sunplaza (中野サンプラザ),Convention Center,2,4,5,Saturday
1785,Scenic Lookout,東京ゲートブリッジ 展望テラス,Scenic Lookout,Park,Wakasu Seaside Park (若洲海浜公園),Landmarks and Outdoors,3,7,8,Saturday
1786,Spa / Massage,Tsukimiyu Onsen (月見湯温泉),Bathing Area,Japanese Restaurant,居酒屋おふろ,Sake Bar,4,12,12,Saturday
1787,Mall,Lumine 2 (ルミネ新宿2),Shopping Mall,Food & Drink Shop,TOMIZ 富澤商店,Grocery Store,4,5,6,Sunday
1788,Mall,DiverCity Tokyo Plaza (ダイバーシティ東京 プラザ),Shopping Mall,Subway,Toyosu Station (豊洲駅),Metro Station,4,6,7,Sunday
1789,Subway,Ginza Station (銀座駅),Rail Station,Asian Restaurant,Restaurant Saigon (レストラン サイゴン),Vietnamese Restaurant,1,5,6,Saturday
1790,Mall,DiverCity Tokyo Plaza (ダイバーシティ東京 プラザ),Shopping Mall,Mall,DiverCity Tokyo Plaza (ダイバーシティ東京 プラザ),Shopping Mall,2,7,7,Sunday
1791,Hobby Shop,Akihabara Gamers (AKIHABARAゲーマーズ),Hobby Store,Hobby Shop,Lashinbang (らしんばん 秋葉原店 本館),Hobby Store,1,8,10,Saturday
1792,Toy / Game Store,,,Hobby Shop,animate (アニメイト),Retail,2,5,6,Tuesday
1793,Electronics Store,Yodobashi-Akiba (ヨドバシカメラ マルチメディアAkiba),Electronics Store,Toy / Game Store,,,3,5,7,Friday
1794,Subway,Roppongi Station (六本木駅),Metro Station,Train Station,Daikan-yama Station (TY02) (代官山駅),Rail Station,3,2,4,Sunday
1795,Coffee Shop,Starbucks (スターバックス),Coffee Shop,Convenience Store,Lawson (ローソン 渋谷三丁目店),Convenience Store,4,3,4,Saturday
1796,Japanese Restaurant,,,Concert Hall,TOKYO FM Hall (TOKYO・FM),Concert Hall,2,10,11,Wednesday
1797,Building,Roppongi Hills Mori Tower (六本木ヒルズ森タワー),Business Center,Diner,MOTHER'S 六本木ヒルズ店,Diner,3,3,3,Saturday
1798,Ramen /  Noodle House,Komoro Soba (小諸そば 本郷店),Soba Restaurant,Coffee Shop,Ueshima Coffee House (上島珈琲店),Café,2,11,11,Monday
1799,Office,Oracle Corporation Japan HQ (日本オラクル株式会社 本社),Business and Professional Services,Electronics Store,Yodobashi-Akiba (ヨドバシカメラ マルチメディアAkiba),Electronics Store,3,6,7,Sunday
1800,Hobby Shop,animate (アニメイト),Comic Book Store,Train Station,,,1,10,12,Thursday
1801,Electronics Store,Yamada Denki LABI 1 (ヤマダデンキ LABI1 LIFE SELECT 池袋),Home Appliance Store,Hobby Shop,animate (アニメイト),Comic Book Store,3,10,10,Thursday
1802,Park,Shinjuku Chuo Park (新宿中央公園),Playground,Clothing Store,STEPS 下北沢,Clothing Store,1,7,8,Saturday
1803,Electronics Store,Yodobashi Camera Multimedia Pavilion (ヨドバシカメラ マルチメディア館),Home Appliance Store,Mall,下北沢南口商店街,Shopping Mall,3,6,8,Saturday
1804,Subway,Asakusa Line Mita Station (A08) (都営浅草線 三田駅),Metro Station,Office,芝浦スクエアビル,Office,4,22,23,Wednesday
1805,Subway,Asakusa Line Mita Station (A08) (都営浅草線 三田駅),Metro Station,Office,芝浦スクエアビル,Office,1,22,23,Sunday
1806,Ramen /  Noodle House,三ツ矢堂製麺御徒町店,Ramen Restaurant,Music Venue,スタジオ 音楽館 アキバ ,Music Venue,3,9,10,Wednesday
1807,Subway,Nishi-shinjuku Station (M07) (西新宿駅),Rail Station,Indian Restaurant,Moyan Curry Living (もうやんカレー 利瓶具),Japanese Curry Restaurant,4,10,11,Wednesday
1808,Japanese Restaurant,伝説のすた丼屋新宿店,Japanese Curry Restaurant,College Academic Building,Liberty Tower (リバティタワー),College Academic Building,1,5,5,Monday
1809,Fried Chicken Joint,KFC (ケンタッキーフライドチキン),Fried Chicken Joint,Café,cafe & bar Lecume des Jours (カフェ&バー レキュム・デ・ジュール),Café,4,12,14,Sunday
1810,Coffee Shop,Doutor Coffee Shop (ドトールコーヒーショップ),Café,Subway,Hanzomon Line Kinshicho Station (Z13) (半蔵門線 錦糸町駅),Metro Station,2,22,22,Sunday
1811,Road,Jinbocho Intersection (神保町交差点),Travel and Transportation,College Academic Building,Liberty Tower (リバティタワー),College Academic Building,2,4,5,Saturday
1812,Clothing Store,THE SUIT COMPANY飯田橋店,Clothing Store,Stadium,Ajinomoto Stadium (味の素スタジアム),Stadium,1,8,9,Tuesday
1813,Train Station,Musashi-Kosugi Station (武蔵小杉駅),Hair Salon,Train Station,Musashi-Kosugi Station (武蔵小杉駅),Hair Salon,3,10,10,Sunday
1814,Food & Drink Shop,大東京綜合卸売センター,Warehouse or Wholesale Store,Bridge,南武線多摩川橋梁,Bridge,1,22,23,Tuesday
1815,Food & Drink Shop,大東京綜合卸売センター,Warehouse or Wholesale Store,Bridge,南武線多摩川橋梁,Bridge,4,22,23,Wednesday
1816,Café,Café de Copain (人間関係),Bar,Bookstore,Tsutaya Books (代官山 蔦屋書店),Bookstore,3,7,8,Saturday
1817,Record Shop,TOWER RECORDS,Retail,Clothing Store,HOLLYWOOD RANCH MARKET,Retail,2,2,4,Thursday
1818,Mall,,,Subway,Toyosu Station (豊洲駅),Metro Station,3,9,10,Tuesday
1819,Office,Garden Air Tower (ガーデンエアタワー),Business Center,Subway,Tatsumi Station (Y23) (辰巳駅),Rail Station,2,10,11,Thursday
1820,Bar,Scuba,Night Club,Bar,Bar Uramen (BEYOND URAMEN ),Dive Bar,3,16,18,Saturday
1821,Chinese Restaurant,餃子の店大陸,Chinese Restaurant,Bar,Bar Uramen (BEYOND URAMEN ),Dive Bar,3,10,10,Thursday
1822,Concert Hall,Tokyo Dome City Hall (東京ドームシティホール),Concert Hall,Concert Hall,Tokyo Dome City Hall (東京ドームシティホール),Concert Hall,3,0,2,Wednesday
1823,Home (private),しゃろとみやこが初めて手をつないだ場所,,Train Station,Ueno Station (上野駅),Rail Station,4,11,11,Saturday
1824,Nightlife Spot,居酒屋てっぺん,Sake Bar,Miscellaneous Shop,佐川急便目黒店,Retail,4,5,7,Saturday
1825,Mall,Roppongi Hills (六本木ヒルズ),Shopping Mall,Government Building,Tokyo Tower (東京タワー),Structure,1,15,15,Monday
1826,Bookstore,Tenichi Books (天一書房),Bookstore,University,Keio University Yagami Campus (慶應義塾大学 矢上キャンパス),College and University,1,5,6,Monday
1827,Art Gallery,ARTJEUNESS (アールジュネス秋葉原),Framing Store,Italian Restaurant,Spaghetti Pancho (スパゲッティーのパンチョ),Italian Restaurant,2,5,6,Saturday
1828,Mall,,,Hobby Shop,Kitamura (カメラのキタムラ),Camera Store,4,10,11,Saturday
1829,Convenience Store,Lawson (ローソン 神田明神店),Convenience Store,Bookstore,K-BOOKS,Bookstore,2,2,3,Friday
1830,Train Station,Oshiage Station 'SKYTREE' (押上 駅),Rail Station,Mall,Tokyo Solamachi (東京ソラマチ),Shopping Mall,1,5,6,Saturday
1831,Subway,,,Train Station,Oshiage Station 'SKYTREE' (押上 駅),Rail Station,2,22,22,Wednesday
1832,Bookstore,Mandarake Complex (まんだらけ コンプレックス),Retail,Home (private),,,1,6,8,Saturday
1833,Event Space,,,Science Museum,Miraikan (日本科学未来館),Science Museum,4,3,5,Sunday
1834,Subway,Akasaka-mitsuke Station (赤坂見附駅),Metro Station,Concert Hall,Mynavi Blitz Akasaka (マイナビBLITZ赤坂),Concert Hall,3,3,3,Monday
1835,Mall,Yanaka Ginza Shotengai (谷中銀座商店街),Shopping Mall,Coffee Shop,NEW YORKER'S Cafe,Café,4,7,8,Saturday
1836,Building,ちよだプラット村,Office Building,Building,ちよだプラット村,Office Building,2,8,9,Thursday
1837,Electronics Store,Yodobashi Camera (ヨドバシカメラ マルチメディア川崎ルフロン),Home Appliance Store,Mall,Lazona Kawasaki Plaza (ラゾーナ川崎プラザ),Shopping Mall,2,6,7,Saturday
1838,Office,Microsoft Japan (日本マイクロソフト),Office,Subway,Asakusa Line Kuramae Station (A17) (都営浅草線 蔵前駅),Metro Station,4,8,10,Thursday
1839,Historic Site,旧数寄屋橋跡,Historic and Protected Site,Subway,Higashi-ginza Station (東銀座駅),Metro Station,4,9,10,Sunday
1840,Shrine,Nogi-jinja Shrine (乃木神社),Shrine,Ramen /  Noodle House,Marugame Seimen (丸亀製麺),Udon Restaurant,1,5,6,Tuesday
1841,Shrine,Sanno-Hie Shrine (山王日枝神社),Shrine,Road,,,2,3,3,Tuesday
1842,Art Museum,National Museum of Modern Art (東京国立近代美術館),Art Museum,Art Gallery,CCAAランプギャラリー,Art Gallery,2,6,8,Sunday
1843,Electronics Store,Bic Camera (ビックカメラ),Electronics Store,Japanese Restaurant,Kabuto (カブト),Bar,4,7,8,Monday
1844,Hobby Shop,animate (アニメイト),Hobby Store,Bar,,,3,10,12,Tuesday
1845,Ramen /  Noodle House,大勝軒まるいち新宿店,Ramen Restaurant,Chinese Restaurant,Choraku (兆楽),Chinese Restaurant,2,2,3,Sunday
1846,Subway,Tozai Line Kayabacho Station (T11) (東西線 茅場町駅),Metro Station,Subway,Kayabacho Station (茅場町駅),Rail Station,3,6,8,Wednesday
1847,Ramen /  Noodle House,Hakata Ramen Yoshimaru (博多らーめん 由丸),Ramen Restaurant,Bookstore,Maruzen (丸善),Bookstore,4,8,9,Wednesday
1848,Subway,Center Minami Station (センター南駅),Metro Station,Subway,Center Minami Station (センター南駅),Metro Station,4,4,5,Wednesday
1849,Subway,Sengakuji Station (泉岳寺駅),Rail Station,Convenience Store,Lawson (ローソン 三田三丁目店),Convenience Store,1,2,4,Tuesday
1850,Train Station,TX Shin-Okachimachi Station (つくばエクスプレス 新御徒町駅),Rail Station,Food & Drink Shop,ビッグ・エー 青井店,Grocery Store,2,10,11,Thursday
1851,Bar,HUB,Pub,Chinese Restaurant,Chinrai (珍來 五反野駅前店),Chinese Restaurant,3,10,12,Wednesday
1852,Subway,Asakusa Line Asakusa Station (A18) (都営浅草線 浅草駅),Metro Station,Bar,vivo! BEER+DINING BAR,Beer Bar,1,6,8,Friday
1853,Office,バンダイ,Office,Subway,Mitsukoshimae Station (三越前駅),Rail Station,2,6,6,Friday
1854,Café,Komeda's Coffee (コメダ珈琲店),Café,Office,株式会社ビジョン,Office,1,7,8,Tuesday
1855,Café,cafe de kanon,Café,Convenience Store,FamilyMart (ファミリーマート 新川中央大橋店),Convenience Store,4,4,5,Thursday
1856,Train Station,Kokusai-tenjijō Station (R03) (国際展示場駅),Travel and Transportation,Convention Center,Tokyo Big Sight (東京ビッグサイト (東京国際展示場)),Italian Restaurant,2,3,4,Sunday
1857,Train Station,Kokusai-tenjijō Station (R03) (国際展示場駅),Travel and Transportation,Light Rail,Daiba Station (U07) (台場駅),Rail Station,1,2,4,Sunday
1858,Mexican Restaurant,ソル・アミーゴ 神田店,Beer Bar,Subway,Otemachi Station (大手町駅),Rail Station,1,9,10,Wednesday
1859,Bus Station,Monzen-Nakacho Bus Stop (門前仲町バス停),Bus Stop,Subway,Hibiya Line Akihabara Station (H16) (日比谷線 秋葉原駅),Metro Station,3,1,2,Saturday
1860,Airport,Terminal 3 (第3ターミナル),Airport Terminal,Airport,Terminal 3 (第3ターミナル),Airport Terminal,1,7,7,Saturday
1861,Airport,Terminal 3 (第3ターミナル),Airport Terminal,Airport,Terminal 3 (第3ターミナル),Airport Terminal,2,6,7,Saturday
1862,Coffee Shop,Starbucks (スターバックス),Coffee Shop,Electronics Store,Yodobashi Camera (ヨドバシカメラ 新宿西口本店),Computers and Electronics Retail,2,11,11,Monday
1863,Ramen /  Noodle House,Ramen Kagemusha (らーめん影武者 はなれ),Ramen Restaurant,Electronics Store,Yodobashi-Akiba (ヨドバシカメラ マルチメディアAkiba),Electronics Store,3,7,8,Sunday
1864,Home (private),,,University,Komazawa University Komazawa Campus (駒澤大学 駒沢キャンパス),University,2,2,4,Friday
1865,Home (private),,,Japanese Restaurant,Matsuya (松屋 南砂町店),Restaurant,4,9,10,Sunday
1866,Subway,Toyosu Station (豊洲駅),Metro Station,Electronics Store,Apple Ginza (Apple 銀座),Landmarks and Outdoors,2,1,1,Thursday
1867,Subway,Hibiya Station (日比谷駅),Metro Station,Shrine,神田明神鳥居,Shrine,2,9,9,Wednesday
1868,BBQ Joint,山水苑,BBQ Joint,Chinese Restaurant,興龍飯店,Chinese Restaurant,1,3,4,Thursday
1869,Train Station,JR Shinagawa Station (JR 品川駅),Rail Station,Chinese Restaurant,興龍飯店,Chinese Restaurant,1,3,4,Thursday
1870,Electronics Store,Apple Shibuya (Apple 渋谷),Electronics Store,Café,王立アフィリア魔法学院,Café,2,7,8,Sunday
1871,Salon / Barbershop,PURE CUT 中野店,Health and Beauty Service,Mall,Nakano Sun Mall Shotengai (中野サンモール商店街),Shopping Mall,3,7,9,Sunday
1872,Subway,Zoshigaya Station (F10) (雑司が谷駅),Metro Station,Light Rail,Waseda Station (早稲田停留場),Tram Station,1,0,0,Saturday
1873,Japanese Restaurant,Katsuya (かつや),Japanese Curry Restaurant,Building,クロスオフィス渋谷,Coworking Space,3,4,4,Wednesday
1874,Bar,囲庭,Sake Bar,Subway,,,2,13,13,Friday
1875,Garden,Shinjuku Gyoen (新宿御苑),Park,Bar,Bar Tiziano,Cocktail Bar,2,6,8,Saturday
1876,Department Store,Parco (調布PARCO),Shopping Mall,Food & Drink Shop,Seiyu (西友 調布店),Grocery Store,4,10,11,Monday
1877,Hobby Shop,animate (アニメイト),Retail,Electronics Store,ark (パソコンショップアーク),Computers and Electronics Retail,1,7,7,Sunday
1878,Other Great Outdoors,,,Subway,Oedo Line Roppongi Station (E23) (都営大江戸線 六本木駅),Metro Station,2,10,10,Wednesday
1879,Other Great Outdoors,,,Road,,,4,10,11,Wednesday
1880,Department Store,Parco (調布PARCO),Shopping Mall,Train Station,Tama-plaza Station (DT15) (たまプラーザ駅),Rail Station,1,6,7,Thursday
1881,Subway,Center Kita Station (センター北駅),Rail Station,University,Keio University Hiyoshi Campus (慶應義塾大学 日吉キャンパス),College and University,2,22,23,Saturday
1882,Japanese Restaurant,Imari (いまり),Okonomiyaki Restaurant,Asian Restaurant,マンタ食堂,Japanese Restaurant,2,11,12,Wednesday
1883,Japanese Restaurant,魚屋きいもん,Bar,Asian Restaurant,マンタ食堂,Japanese Restaurant,1,11,13,Wednesday
1884,Fast Food Restaurant,McDonald's (マクドナルド),Burger Joint,Train Station,JR Meguro Station (JR 目黒駅),Rail Station,1,14,15,Saturday
1885,Fast Food Restaurant,Sukiya (すき家),Restaurant,Temple,Zojoji Temple (増上寺),Buddhist Temple,1,4,4,Saturday
1886,Park,ASOBono! (アソボ～ノ!),Playground,Park,Tokyo Dome City (東京ドームシティ),Shopping Mall,2,5,6,Saturday
1887,Event Space,Kawaguchi Lilia (川口総合文化センター リリア),Cultural Center,Mall,Ario Kawaguchi (アリオ川口),Shopping Mall,2,4,5,Sunday
1888,Temple,Ryusenji Temple (目黒不動尊 瀧泉寺),Buddhist Temple,Mall,DiverCity Tokyo Plaza (ダイバーシティ東京 プラザ),Shopping Mall,4,2,3,Saturday
1889,Train Station,Musashi-koyama Station (MG03) (武蔵小山駅),Rail Station,Other Great Outdoors,,,3,20,21,Friday
1890,Airport,Terminal 2 (第2ターミナル),Airport Terminal,Train Station,Tōyoko Line Tamagawa Station (東急東横線 多摩川駅),Rail Station,1,8,10,Sunday
1891,Bookstore,Bunkyodo (文教堂 新城駅店),Bookstore,Gym / Fitness Center,スポーツアカデミー新城,Gym and Studio,2,9,10,Thursday
1892,Convenience Store,サンクス小金井法政大学前店,Convenience Store,Bakery,Bakery Cafe Crown (ベーカリーカフェ クラウン 武蔵境店),Bakery,2,4,5,Monday
1893,Train Station,Musashi-Koganei Station (武蔵小金井駅),Rail Station,Food & Drink Shop,Ito Yokado (イトーヨーカドー 武蔵小金井店),Grocery Store,1,5,6,Sunday
1894,Movie Theater,Toho Cinemas (TOHOシネマズ日劇),Movie Theater,Salon / Barbershop,ヘアーサロン銀座マツナガ 銀座本店,Barbershop,3,10,11,Thursday
1895,Convenience Store,Natural Lawson (ナチュラルローソン 渋谷代官山店),Convenience Store,Gift Shop,SKE48 OFFICIAL GOODS SHOP SHIBUYA,Gift Store,1,4,5,Tuesday
1896,Bus Station,NTTデータビル前バス停,Bus Stop,Art Museum,Ghibli Museum (三鷹の森ジブリ美術館),Museum,3,4,4,Saturday
1897,Jewelry Store,SERGE THORAVAL,Jewelry Store,Mall,Tokyo Midtown (東京ミッドタウン),Retail,2,7,8,Saturday
1898,Other Great Outdoors,Myojin Otoko-zaka (明神男坂),Landmarks and Outdoors,Japanese Restaurant,小諸そば 駿河台店,Soba Restaurant,3,3,5,Saturday
1899,Italian Restaurant,Saizeriya (サイゼリヤ),Italian Restaurant,Hobby Shop,Akihabara Gamers (AKIHABARAゲーマーズ),Hobby Store,4,11,13,Sunday
1900,University,Meiji Univ. Izumi Campus (明治大学 和泉キャンパス),University,Office,エレクトロニック・アーツ,Office,2,10,10,Monday
1901,Government Building,Moyai Statue (新島のモヤイ像),Monument,High School,東京都立桜修館中等教育学校,Primary and Secondary School,4,5,7,Thursday
1902,Café,cafe asan,Café,Café,スターチャイルド×パセラカフェ,Café,1,2,4,Saturday
1903,Train Station,Kawasaki Station (川崎駅),Rail Station,Music Venue,CLUB CITTA',Rock Club,1,7,8,Thursday
1904,Bar,Oyoyo (山海楽酒 およよ),Sake Bar,Fast Food Restaurant,McDonald's (マクドナルド),Burger Joint,1,4,4,Tuesday
1905,Bar,Oyoyo (山海楽酒 およよ),Sake Bar,Building,Shinjuku Mitsui Building (新宿三井ビルディング),Business Center,3,4,5,Tuesday
1906,Ramen /  Noodle House,Hamatora (麺場 ハマトラ),Ramen Restaurant,Train Station,Hiyoshi Station (日吉駅),Rail Station,2,3,3,Saturday
1907,Café,アイビー館,Café,Building,New Shimbashi Building (ニュー新橋ビル),Shopping Mall,1,3,4,Thursday
1908,Food & Drink Shop,Tokyu Food Show (二子玉川 東急フードショー),Gourmet Store,Food & Drink Shop,Tokyu Store (東急ストア),Grocery Store,1,7,8,Thursday
1909,Train Station,Futako-tamagawa Station (二子玉川駅),Rail Station,Food & Drink Shop,Tokyu Store (東急ストア),Grocery Store,2,1,2,Tuesday
1910,Temple,日王山阿遮院長仙寺,Buddhist Temple,Road,,,1,5,6,Thursday
1911,Train Station,Yaesu South Exit (八重洲南口),Rail Station,Fast Food Restaurant,Showa Shokudo (昭和食堂),Teishoku Restaurant,4,5,5,Wednesday
1912,Coffee Shop,ライブコーヒー,Café,Airport,Terminal 1 (第1ターミナル),Airport Terminal,2,3,4,Sunday
1913,Korean Restaurant,叙々苑キッチン 浅草店弁当受注専用,BBQ Joint,Community College,港区立エコプラザ,Community College,2,9,10,Sunday
1914,Train Station,,,Park,Akihabara Park (秋葉原公園),Park,2,11,12,Saturday
1915,Music Venue,CLUB GOODMAN,Rock Club,Ramen /  Noodle House,刀削麺荘唐家,Szechuan Restaurant,4,7,7,Monday
1916,Train Station,Keikyū Kamata Station (KK11) (京急蒲田駅),Rail Station,Bookstore,コミックとらのあな 蒲田店,Comic Book Store,2,8,10,Thursday
1917,Bookstore,コミックとらのあな 蒲田店,Comic Book Store,Spiritual Center,,,4,10,10,Thursday
1918,Light Rail,Yurikamome Shimbashi Station (U01) (ゆりかもめ 新橋駅),Rail Station,Convention Center,Tokyo Big Sight (東京ビッグサイト (東京国際展示場)),Italian Restaurant,2,1,1,Monday
1919,Train Station,Ebisu Station (恵比寿駅),Rail Station,Korean Restaurant,Yakiniku Toraji (焼肉トラジ 恵比寿庵店),BBQ Joint,3,9,9,Wednesday
1920,Train Station,,,Train Station,Koiwa Station (小岩駅),Rail Station,1,12,13,Friday
1921,University,Tokyo University of Science (東京理科大学 神楽坂キャンパス),College and University,Light Rail,Ariake Station (U12) (有明駅),Rail Station,3,20,20,Sunday
1922,Train Station,Hiyoshi Station (日吉駅),Rail Station,Train Station,Hiyoshi Station (日吉駅),Rail Station,1,3,4,Tuesday
1923,Arcade,Adores Shibuya (アドアーズ 渋谷店),Arcade,Ramen /  Noodle House,Sagatani (嵯峨谷),Soba Restaurant,4,4,4,Thursday
1924,Athletic & Sport,赤堤ゴルフクラブ,Golf Driving Range,Japanese Restaurant,Yayoi (やよい軒),Teishoku Restaurant,3,6,7,Sunday
1925,Building,川崎市交通局菅生営業所,Transportation Service,Playground,,,2,7,7,Thursday
1926,Bar,坐・和民五反田西口店,Sake Bar,Train Station,Ōsakihirokōji Station (IK02) (大崎広小路駅),Rail Station,1,11,12,Monday
1927,Train Station,Gotanda Station (五反田駅),Rail Station,Train Station,Gotanda Station (五反田駅),Rail Station,1,9,9,Saturday
1928,Arcade,Silk Hat (シルクハット),Arcade,Arcade,Silk Hat (シルクハット),Arcade,3,4,4,Thursday
1929,Convenience Store,FamilyMart (ファミリーマート),Convenience Store,Office,Sea Fort Square (シーフォートスクエア),Business Center,4,6,7,Thursday
1930,College Academic Building,6号館,College Academic Building,Electronics Store,Yamada Denki (ヤマダ電機LABI品川大井町店),Home Appliance Store,3,7,8,Monday
1931,College Academic Building,6号館,College Academic Building,Electronics Store,Yamada Denki (ヤマダ電機LABI品川大井町店),Home Appliance Store,4,7,8,Monday
1932,Train Station,Kitashinagawa Station (KK02) (北品川駅),Rail Station,Train Station,Hatanodai Station (OM06/IK05) (旗の台駅),Rail Station,4,10,12,Thursday
1933,Japanese Restaurant,なみへい合同会社,Japanese Restaurant,Train Station,Tamagawa Station (多摩川駅),Travel and Transportation,1,13,15,Tuesday
1934,Mall,atré Akihabara 1 (アトレ秋葉原1),Shopping Mall,Electronics Store,Yodobashi-Akiba (ヨドバシカメラ マルチメディアAkiba),Electronics Store,3,5,6,Wednesday
1935,Electronics Store,Yodobashi-Akiba (ヨドバシカメラ マルチメディアAkiba),Electronics Store,Bookstore,Melonbooks (メロンブックス 秋葉原1号店),Comic Book Store,3,6,6,Wednesday
1936,Fast Food Restaurant,McDonald's (マクドナルド),Fast Food Restaurant,Arcade,GIGO Akihabara 1 (ハイテクランドセガ秋葉原),Arcade,4,9,9,Wednesday
1937,Train Station,Ogikubo Station (荻窪駅),Rail Station,Train Station,Ogikubo Station (荻窪駅),Rail Station,3,1,2,Sunday
1938,Government Building,Ikefukuro (いけふくろう),Monument,Electronics Store,Yamada Denki LABI 1 (ヤマダデンキ LABI1 LIFE SELECT 池袋),Home Appliance Store,2,9,10,Monday
1939,Record Shop,CDショップ 五番街,Record Store,Japanese Restaurant,豊島園のひもの屋,Sake Bar,2,8,9,Sunday
1940,Airport,Terminal 1 (第1ターミナル),Airport Terminal,Subway,Namboku Line Shirokane-takanawa Station (N03) (南北線 白金高輪駅),Metro Station,3,1,2,Monday
1941,Subway,Mita Line Mita Station (I04) (都営三田線 三田駅),Metro Station,Train Station,Haneda Airport Terminal 1・2 Station (KK17) (羽田空港第1・第2ターミナル駅),Rail Station,3,5,5,Friday
1942,Train Station,6･7番出口,Metro Station,Bar,まかない家 こうちゃん,Sake Bar,4,11,13,Friday
1943,Train Station,Ikebukuro Station (池袋駅),Rail Station,Video Store,TSUTAYA,Video Store,2,11,12,Tuesday
1944,Hobby Shop,animate (アニメイト),Retail,Train Station,Hamadayama Station (浜田山駅),Rail Station,2,7,8,Thursday
1945,Bar,Uosen Suisan (三代目網元 魚鮮水産),Sake Bar,Bar,Uosen Suisan (三代目網元 魚鮮水産),Sake Bar,1,4,5,Monday
1946,Medical Center,Jikei University School of Medicine Hospital (東京慈恵会医科大学附属病院),Hospital,Train Station,,,4,7,8,Thursday
1947,Other Great Outdoors,上野公園ボート場,Boat Rental,Medical Center,University of Tokyo Hospital (東京大学医学部附属病院),Hospital,1,4,4,Wednesday
1948,Mall,Roppongi Hills (六本木ヒルズ),Shopping Mall,Subway,Ginza Station (銀座駅),Rail Station,2,4,4,Saturday
1949,Department Store,Seibu (西武池袋本店),Department Store,Hobby Shop,フルコンプ秋葉原店,Retail,4,7,8,Friday
1950,Restaurant,Sutadonya (伝説のすた丼屋),Donburi Restaurant,Subway,Sengakuji Station (泉岳寺駅),Rail Station,3,11,12,Saturday
1951,Mall,Lazona Kawasaki Plaza (ラゾーナ川崎プラザ),Shopping Mall,Subway,Sengakuji Station (泉岳寺駅),Rail Station,4,10,12,Saturday
1952,Office,副会長商店事務所,Office,Office,Akihabara UDX (秋葉原UDX),Business Center,3,4,6,Sunday
1953,Bookstore,Mandarake Complex (まんだらけ コンプレックス),Retail,Electronics Store,ark (パソコンショップアーク),Computers and Electronics Retail,3,6,7,Sunday
1954,Ramen /  Noodle House,千年ラーメン,Ramen Restaurant,Italian Restaurant,サイゼリヤ,Italian Restaurant,4,8,10,Saturday
1955,Scenic Lookout,,,Convenience Store,FamilyMart (ファミリーマート 野口大鳥居店),Convenience Store,3,1,3,Thursday
1956,Playground,区立久堅公園,Playground,Mall,,,1,3,5,Tuesday
1957,Concert Hall,Stellar Ball (品川ステラボール),Concert Hall,Bookstore,K-BOOKS,Bookstore,2,5,6,Monday
1958,Subway,Chiyoda Line Hibiya Station (C09) (千代田線 日比谷駅),Metro Station,Smoke Shop,喫煙所 ,Plaza,3,0,1,Wednesday
1959,Bar,鹿鳴館跡,Historic and Protected Site,Smoke Shop,喫煙所 ,Plaza,1,0,1,Wednesday
1960,Train Station,Nerima-Takanodai Station (SI09) (練馬高野台駅),Rail Station,Bank,MUFG Bank ATM (三菱UFJ銀行上井草駅前出張所),ATM,3,6,6,Thursday
1961,Subway,Chikatetsu-akatsuka Station (地下鉄赤塚駅),Metro Station,Subway,,,2,1,2,Thursday
1962,Subway,Otemachi Station (大手町駅),Rail Station,Building,Atago Green Hills Mori Tower (愛宕グリーンヒルズMORIタワー),Business and Professional Services,1,5,5,Friday
1963,Bus Station,保谷駅 バス停,Bus Stop,Bus Station,保谷駅 バス停,Bus Stop,2,10,11,Wednesday
1964,Medical Center,銀座富士クリニック,Internal Medicine Doctor,Ramen /  Noodle House,六本木 BeeHive,Concert Hall,2,4,5,Friday
1965,Department Store,Mitsukoshi (銀座三越),Department Store,Subway,Ginza Line Ginza Station (G09) (銀座線 銀座駅),Metro Station,1,6,6,Friday
1966,Train Station,Hamamatsucho Station (浜松町駅),Rail Station,Airport,Terminal 2 (第2ターミナル),Airport Terminal,1,10,10,Friday
1967,Train Station,Hamamatsucho Station (浜松町駅),Rail Station,Airport,Terminal 2 (第2ターミナル),Airport Terminal,1,10,10,Friday
1968,Subway,Kayabacho Station (茅場町駅),Rail Station,Department Store,Ito Yokado (イトーヨーカドー アリオ北砂店),Grocery Store,4,8,10,Tuesday
1969,Subway,Myogadani Station (M23) (茗荷谷駅),Rail Station,Arcade,Tokyo Leisure Land (東京レジャーランド 秋葉原店),Arcade,1,8,9,Tuesday
1970,Home (private),,,Food & Drink Shop,サミット千歳台店,Grocery Store,1,8,8,Monday
1971,Food & Drink Shop,サミット千歳台店,Grocery Store,Home (private),,,1,11,12,Saturday
1972,Subway,Akabanebashi Station (E21) (赤羽橋駅),Rail Station,Government Building,Tokyo Tower (東京タワー),Structure,1,10,10,Wednesday
1973,Government Building,Tokyo Tower (東京タワー),Structure,Beer Garden,六本木ビアガーデン,Beer Garden,3,10,12,Wednesday
1974,Train Station,Naka-meguro Station (中目黒駅),Rail Station,Home (private),カーブ6,,4,10,11,Sunday
1975,Office,Shin-Nogizaka Building (新乃木坂ビル),Structure,Office,Shin-Nogizaka Building (新乃木坂ビル),Structure,2,3,4,Thursday
1976,Electronics Store,Yamada Denki LABI 1 (ヤマダデンキ LABI1 LIFE SELECT 池袋),Home Appliance Store,Subway,Hibiya Line Ueno Station (H18) (日比谷線 上野駅),Metro Station,1,6,7,Sunday
1977,Train Station,Okachimachi Station (御徒町駅),Rail Station,Sporting Goods Shop,ART SPORTS ANNEX店,Sporting Goods Retail,3,2,4,Sunday
1978,Park,赤羽緑道公園,Park,Bridge,あずま橋,Bridge,3,10,11,Friday
1979,Park,赤羽緑道公園,Park,Convenience Store,7-Eleven (セブンイレブン 草加清門町店),Convenience Store,3,15,15,Wednesday
1980,Government Building,Tokyo Skytree (東京スカイツリー),Monument,Government Building,Tokyo Skytree (東京スカイツリー),Monument,2,10,10,Tuesday
1981,Mall,Caretta Shiodome (カレッタ汐留),Shopping Mall,Steakhouse,牛タン圭助 神楽坂本店,Steakhouse,1,8,9,Sunday
1982,Deli / Bodega,DEAN & DELUCA,Gourmet Store,Bookstore,Aoyama Book Center (青山ブックセンター 六本木店),Bookstore,4,9,10,Sunday
1983,Bookstore,COW BOOKS 中目黒,Art Gallery,Train Station,Kyodo Station (OH11) (経堂駅),Rail Station,4,7,8,Wednesday
1984,Japanese Restaurant,Iccho (炭焼宮崎地鶏 一鳥),BBQ Joint,Train Station,TX Akihabara Station (つくばエクスプレス 秋葉原駅),Rail Station,3,10,12,Friday
1985,Subway,Tameike-sanno Station (溜池山王駅),Rail Station,Snack Place,かつ宗西葛西店,Diner,2,9,10,Wednesday
1986,Café,cafe&snack エスペラント,Tea Room,Café,cafe&snack エスペラント,Tea Room,2,4,5,Thursday
1987,Bookstore,Shosen Grande (書泉グランデ),Bookstore,Movie Theater,Shin-Bungeiza (新文芸坐),Movie Theater,2,9,10,Saturday
1988,Bookstore,Tsutaya Books (代官山 蔦屋書店),Bookstore,Library,co-ba library,Coworking Space,4,10,10,Sunday
1989,Train Station,JR 渋谷駅新南口,Rail Station,Japanese Restaurant,Sojibo (そじ坊),Soba Restaurant,3,1,3,Wednesday
1990,Coffee Shop,Doutor Coffee Shop (ドトールコーヒーショップ),Coffee Shop,Japanese Restaurant,坐・和民渋谷神南店,Sake Bar,1,9,10,Wednesday
1991,Record Shop,TOWER RECORDS,Retail,Coffee Shop,Doutor Coffee Shop (ドトールコーヒーショップ),Coffee Shop,4,9,9,Wednesday
1992,Historic Site,工学院大学学園発祥之地,Historic and Protected Site,Sushi Restaurant,すしざんまい 別館,Sushi Restaurant,3,14,14,Monday
1993,Subway,Fukutoshin Line Meiji-jingumae 'Harajuku' Station (F15) (副都心線 明治神宮前 駅),Metro Station,Subway,,,3,11,12,Wednesday
1994,Train Station,Inokashira Line Meidaimae Station (IN08) (京王井の頭線 明大前駅),Rail Station,General College & University,専門学校東京テクニカルカレッジ,Trade School,1,7,8,Monday
1995,College Academic Building,Meiji Univ. Izumi library (和泉図書館),College Library,Train Station,Meidaimae Station (KO06/IN08) (明大前駅),Rail Station,1,8,9,Saturday
1996,Home (private),,,Automotive Shop,トヨタモビリティ東京 馬込環七通り店,Car Dealership,1,7,8,Saturday
1997,Bar,カラオケの鉄人 戸越銀座店,Karaoke Bar,Electronics Store,Yodobashi Camera (ヨドバシカメラ マルチメディア川崎ルフロン),Home Appliance Store,2,5,7,Sunday
1998,Subway,Asakusa Line Mita Station (A08) (都営浅草線 三田駅),Metro Station,Airport,Terminal 1 (第1ターミナル),Airport Terminal,1,8,9,Tuesday
1999,Subway,Asakusa Line Mita Station (A08) (都営浅草線 三田駅),Metro Station,Airport,Sakura Lounge (サクララウンジ),Airport Lounge,3,7,7,Friday
2000,Hobby Shop,Akihabara Gamers (AKIHABARAゲーマーズ),Hobby Store,Toy / Game Store,Craftsmanship Kotobukiya (コトブキヤ 秋葉原館),Toy Store,1,0,2,Saturday
2001,Fast Food Restaurant,McDonald's (マクドナルド),Burger Joint,College Academic Building,,,3,2,4,Sunday
2002,Train Station,Daikan-yama Station (TY02) (代官山駅),Rail Station,Train Station,Daikan-yama Station (TY02) (代官山駅),Rail Station,4,7,7,Saturday
2003,Train Station,Central Gate (中央改札),Structure,Subway,Akabanebashi Station (E21) (赤羽橋駅),Rail Station,2,10,12,Thursday
2004,Fast Food Restaurant,McDonald's (マクドナルド),Fast Food Restaurant,Movie Theater,Shinjuku Piccadilly (新宿ピカデリー),Movie Theater,4,7,9,Saturday
2005,Electronics Store,Yodobashi-Akiba (ヨドバシカメラ マルチメディアAkiba),Electronics Store,Subway,Korakuen Station (後楽園駅),Rail Station,4,9,10,Thursday
2006,French Restaurant,フレンチカレーSPOON,Japanese Curry Restaurant,Bagel Shop,Khanam,Bagel Shop,3,4,5,Saturday
2007,Mall,Ogikubo Town Seven (荻窪タウンセブン),Shopping Mall,Train Station,Nishi-Ogikubo Station (西荻窪駅),Rail Station,4,8,8,Wednesday
2008,Light Rail,Tokyo Big Sight Station (U11) (東京ビッグサイト駅),Rail Station,Plaza,SL Plaza (SL広場),Plaza,3,10,12,Saturday
2009,Electronics Store,Bic Camera (ビックカメラ 渋谷東口店),Home Appliance Store,Art Gallery,,,1,7,8,Friday
2010,Subway,Mitsukoshimae Station (三越前駅),Rail Station,Subway,Mitsukoshimae Station (三越前駅),Rail Station,1,6,8,Sunday
2011,Sushi Restaurant,Kura Sushi (くら寿司),Japanese Family Restaurant,Train Station,Rokucho Station (六町駅),Rail Station,3,11,12,Thursday
2012,Bookstore,Maruzen (丸善),Unagi Restaurant,Beer Garden,Yebisu Bar Ginza Corridor,Beer Bar,1,7,8,Tuesday
2013,Train Station,Ebisu Station (恵比寿駅),Rail Station,Japanese Restaurant,Kintan (白金 金舌),BBQ Joint,2,9,11,Sunday
2014,Food & Drink Shop,SUPER MARKET Tajima田島まいすと店,Grocery Store,Subway,Nishi-takashimadaira Station (I27) (西高島平駅),Metro Station,4,7,8,Saturday
2015,Food & Drink Shop,LIFE (ライフ 落合南長崎駅前店),Professional Cleaning Service,Park,Ueno Park (上野恩賜公園),Urban Park,2,1,2,Sunday
2016,Japanese Restaurant,,,Residential Building (Apartment / Condo),白雲荘,Residential Building,4,3,4,Monday
2017,Mall,仲宿商店街,Shopping Mall,Residential Building (Apartment / Condo),白雲荘,Residential Building,1,3,4,Saturday
2018,Train Station,Haneda Airport Terminal 2 Station (MO11) (羽田空港第2ターミナル駅),Rail Station,Bar,わたみん家大鳥居駅前店,Sake Bar,2,5,5,Monday
2019,Bar,わたみん家大鳥居駅前店,Sake Bar,Train Station,Roka-kōen Station (KO11) (芦花公園駅),Rail Station,1,5,7,Monday
2020,Train Station,Hibarigaoka Station (SI13) (ひばりヶ丘駅),Rail Station,Electronics Store,Yodobashi Camera Multimedia Pavilion (ヨドバシカメラ マルチメディア館),Home Appliance Store,4,1,2,Sunday
2021,Electronics Store,Yodobashi Camera Multimedia Pavilion (ヨドバシカメラ マルチメディア館),Home Appliance Store,Government Building,Tokyo Metropolitan Government No. 2 Building (東京都庁 第二本庁舎),Government Building,3,2,4,Sunday
2022,Bridge,Senju-Ōhashi Bridge (千住大橋),Bridge,Park,Sumida Park (隅田公園),Park,3,5,6,Sunday
2023,Subway,Tawaramachi Station (G18) (田原町駅),Rail Station,Library,Katsushika Central Library (葛飾区立中央図書館),Library,2,3,4,Tuesday
2024,Miscellaneous Shop,Don Quijote (ドン・キホーテ 環七方南町店),Discount Store,Home (private),,,1,15,16,Tuesday
2025,Japanese Restaurant,お好み焼きダイニング いっちゃん,Okonomiyaki Restaurant,Home (private),,,1,12,13,Sunday
2026,Other Great Outdoors,Gokurakuyu (極楽湯和光店),Bath House,Other Great Outdoors,Gokurakuyu (極楽湯和光店),Bath House,2,10,11,Saturday
2027,Camera Store,ヨドバシカメラ カメラ総合館,Camera Store,Electronics Store,Yodobashi Camera (ヨドバシカメラ 新宿西口本店),Computers and Electronics Retail,3,11,11,Thursday
2028,Toy / Game Store,,,Hobby Shop,animate (アニメイト),Retail,4,8,9,Sunday
2029,Subway,Toyosu Station (豊洲駅),Metro Station,Train Station,Tokyo Teleport Station (R04) (東京テレポート駅),Rail Station,2,6,7,Monday
2030,Office,日本光電工業東中野事業所,Office,Convenience Store,My Basket (まいばすけっと 目白台3丁目店),Grocery Store,4,2,2,Wednesday
2031,Miscellaneous Shop,Don Quijote (ドン・キホーテ 高田馬場駅前店),Discount Store,Convenience Store,サンクス新宿上落合三丁目店,Convenience Store,3,13,15,Wednesday
2032,Concert Hall,Zepp Tokyo,Sports and Recreation,Train Station,Tokyo Teleport Station (R04) (東京テレポート駅),Rail Station,1,6,7,Sunday
2033,Arcade,Tokyo Leisure Land (東京レジャーランド 秋葉原2号店),Arcade,Fast Food Restaurant,McDonald's (マクドナルド),Burger Joint,3,5,6,Monday
2034,Mall,Lazona Kawasaki Plaza (ラゾーナ川崎プラザ),Shopping Mall,Electronics Store,Bic Camera (ビックカメラ),Home Appliance Store,2,6,6,Monday
2035,Airport,Terminal 3 (第3ターミナル),Airport Terminal,Airport,Terminal 3 (第3ターミナル),Airport Terminal,1,13,13,Monday
2036,High School,九段中等教育学校富士見校舎,High School,Sculpture Garden,Statue of Shigeru Yoshida (吉田茂像),Monument,2,20,21,Monday
2037,Mall,RAMLA (飯田橋ラムラ),Shopping Mall,Ice Cream Shop,ミルクスタンド溜屋飯田橋店,Bakery,2,20,21,Sunday
2038,Subway,Shinjuku Line Shinjuku Station (S01) (都営新宿線 新宿駅),Metro Station,Hobby Shop,GANKING 秋葉原店,Hobby Store,3,7,8,Wednesday
2039,Other Great Outdoors,バッケの坂,Travel and Transportation,Home (private),,,2,6,7,Monday
2040,Drugstore / Pharmacy,Yoshiya (よしや 目白高田店),Grocery Store,Drugstore / Pharmacy,Yoshiya (よしや 目白高田店),Grocery Store,3,8,9,Wednesday
2041,Drugstore / Pharmacy,Yoshiya (よしや 目白高田店),Grocery Store,Drugstore / Pharmacy,Yoshiya (よしや 目白高田店),Grocery Store,1,8,9,Wednesday
2042,Coffee Shop,Segafredo Zanetti Espresso,Coffee Shop,Subway,Oedo Line Kuramae Station (E11) (都営大江戸線 蔵前駅),Metro Station,3,5,6,Thursday
2043,Other Great Outdoors,The place to post bulletin board in Fuchu (府中高札場),Historic and Protected Site,Train Station,Fuchū Station (KO24) (府中駅),Rail Station,1,7,9,Saturday
2044,Bookstore,Sanseido Bookstore (三省堂書店 新宿店),Bookstore,Bar,Cafe Hoegaarden (カフェ ヒューガルデン 新宿),Bar,3,10,11,Friday
2045,Food & Drink Shop,Ito Yokado (イトーヨーカドー 国領店),Grocery Store,Road,,,4,9,10,Friday
2046,Ramen /  Noodle House,Yomoda Soba (よもだそば),Soba Restaurant,History Museum,のらくろ館,History Museum,4,6,8,Tuesday
2047,Sushi Restaurant,すしざんまい 別館,Sushi Restaurant,Subway,Monzen-nakacho Station (門前仲町駅),Rail Station,2,7,8,Sunday
2048,Office,Oracle Corporation Japan HQ (日本オラクル株式会社 本社),Business and Professional Services,Convenience Store,FamilyMart (ファミリーマート 北青山二丁目店),Convenience Store,3,23,1,Tuesday
2049,Train Station,JR Platforms 9-10 (9-10番線ホーム),Platform,Train Station,Ochanomizu Station (御茶ノ水駅),Rail Station,3,5,6,Sunday
2050,Concert Hall,Muza Kawasaki (ミューザ川崎),Business Center,Bus Station,鹿島田駅入口 (臨港バス),Bus Station,1,2,3,Sunday
2051,Arcade,Silk Hat (シルクハット),Arcade,Park,Mitsuike Park (三ツ池公園),Tennis Court,2,2,4,Saturday
2052,Train Station,Kokusai-tenjijō Station (R03) (国際展示場駅),Travel and Transportation,Mall,Omotesando Hills (表参道ヒルズ),Shopping Mall,3,6,7,Monday
2053,Subway,,,Café,PRONTO西新宿店,Bar,2,8,8,Monday
2054,Toy / Game Store,ソフマップ - AKIBA4号店アミューズメント館,Retail,Plaza,Akihabara Pedestrian Paradise (秋葉原 歩行者天国),Landmarks and Outdoors,4,4,5,Sunday
2055,Arcade,Tokyo Leisure Land (東京レジャーランド 秋葉原店),Arcade,Hobby Shop,Akihabara Gamers (AKIHABARAゲーマーズ),Hobby Store,3,6,6,Sunday
2056,Mall,atré Akihabara 1 (アトレ秋葉原1),Shopping Mall,Arcade,Tokyo Leisure Land (東京レジャーランド 秋葉原2号店),Arcade,3,9,10,Monday
2057,Arcade,Tokyo Leisure Land (東京レジャーランド 秋葉原2号店),Arcade,Train Station,Ōokayama Station (大岡山駅),Rail Station,2,10,11,Friday
2058,Laundry Service,アサヤクリーニング,Business and Professional Services,Train Station,JR Shinagawa Station (JR 品川駅),Rail Station,3,9,11,Friday
2059,BBQ Joint,Yakiniku King (焼肉きんぐ),BBQ Joint,Train Station,Fuchū Station (KO24) (府中駅),Rail Station,2,11,12,Friday
2060,Subway,Hanzomon Line Nagatacho Station (Z04) (半蔵門線 永田町駅),Metro Station,Fast Food Restaurant,McDonald's (マクドナルド),Burger Joint,3,1,3,Sunday
2061,Subway,Ginza Station (銀座駅),Rail Station,Music Venue,渋谷DESEO,Concert Hall,1,7,7,Sunday
2062,Hobby Shop,animate (アニメイト),Comic Book Store,Department Store,MATSUZAKAYA GINZA (松坂屋 銀座店),Department Store,2,7,8,Wednesday
2063,Park,LaQua (ラクーア),Amusement Park,Subway,Korakuen Station (後楽園駅),Rail Station,3,5,6,Saturday
2064,Music Store,サウンドスタジオノア 渋谷1号店,Business and Professional Services,Bus Station,Kichijoji Sta. (South Exit) Bus Stop (吉祥寺駅(南口)バス停),Bus Stop,4,9,10,Thursday
2065,Miscellaneous Shop,Don Quijote (ドン・キホーテ 東八三鷹店),Discount Store,Hardware Store,Jマート三鷹店,Home Improvement Service,3,7,7,Saturday
2066,Stadium,National Olympic Stadium (国立霞ヶ丘陸上競技場),Athletic Field,Bookstore,Mandarake Complex (まんだらけ コンプレックス),Retail,4,1,3,Saturday
2067,Hobby Shop,GANKING 秋葉原店,Hobby Store,Mobile Phone Shop,テルルモバイル NEO秋葉原店,Mobile Phone Store,4,6,8,Monday
2068,Food & Drink Shop,Seiyu (西友 新座店),Grocery Store,Video Store,TSUTAYA みはら店,Stationery Store,1,7,8,Friday
2069,Post Office,Niiza Post Office (新座郵便局),Post Office,Office,本田技術研究所朝霞研究所,Office,2,4,6,Monday
2070,Government Building,Takaido Police Station (高井戸警察署),Police Station,Home (private),,,3,8,9,Thursday
2071,Government Building,Takaido Police Station (高井戸警察署),Police Station,Home (private),,,1,8,9,Thursday
2072,Gym / Fitness Center,MARUNOUCHI Bike & Run,Sports Club,Train Station,,,3,12,13,Tuesday
2073,Train Station,Tokyo Teleport Station (R04) (東京テレポート駅),Rail Station,Mall,DiverCity Tokyo Plaza (ダイバーシティ東京 プラザ),Shopping Mall,4,6,8,Sunday
2074,Subway,Kokkai-gijidomae Station (国会議事堂前駅),Metro Station,Fast Food Restaurant,マクドナルド,Fast Food Restaurant,2,2,3,Wednesday
2075,Car Dealership,MINI新百合ケ丘,Car Dealership,Train Station,Kyodo Station (OH11) (経堂駅),Rail Station,3,9,11,Friday
2076,Gym / Fitness Center,スポーツクラブルネサンス千歳船橋,Gym and Studio,Food & Drink Shop,クイーンズ伊勢丹 世田谷砧店,Grocery Store,3,5,6,Saturday
2077,College Academic Building,電気通信大学生協 カフェテリア食堂,College Cafeteria,College Academic Building,東34号館,College Technology Building,4,1,2,Wednesday
2078,University,西8号館,College Academic Building,Dumpling Restaurant,Shokujin Gyozao (食神 餃子王),Chinese Restaurant,3,1,3,Friday
2079,Bar,Asahi (あさひ),Sake Bar,Wings Joint,Sekai no Yamachan (世界の山ちゃん),Bar,3,10,11,Thursday
2080,Snack Place,Kitchen Toretate (キッチンとれたて),Dining and Drinking,Park,Arakawa Yuen (あらかわ遊園),Amusement Park,4,3,4,Thursday
2081,Temple,Kawasaki Daishi (川崎大師),Temple,Arcade,Silk Hat (シルクハット),Arcade,1,5,7,Sunday
2082,Arcade,Silk Hat (シルクハット),Arcade,Arcade,Silk Hat (シルクハット),Arcade,4,7,7,Sunday
2083,Convention Center,East Exhibition Hall (東展示棟),Convention Center,Light Rail,Tokyo Big Sight Station (U11) (東京ビッグサイト駅),Rail Station,1,5,5,Sunday
2084,Mall,DiverCity Tokyo Plaza (ダイバーシティ東京 プラザ),Shopping Mall,Concert Hall,Zepp DiverCity ,Rock Club,2,8,8,Sunday
2085,Bar,どるをた酒場赤羽橋,Sake Bar,Bar,ちょい呑み処 おかやん,Sake Bar,1,11,13,Friday
2086,Coffee Shop,Doutor Coffee Shop (ドトールコーヒーショップ),Café,Concert Hall,Shibuya Public Hall (渋谷公会堂),Community and Government,1,7,8,Sunday
2087,Subway,Suehirocho Station (G14) (末広町駅),Metro Station,Electronics Store,,,2,10,11,Monday
2088,Subway,Suehirocho Station (G14) (末広町駅),Metro Station,Electronics Store,Sofmap Akiba 1st Store (ソフマップAKIBA 1号店 サブカル・モバイル館),Retail,1,9,10,Monday
2089,Building,Tokyo Sankei Building (東京サンケイビル),Business Center,Subway,Kudanshita Station (九段下駅),Rail Station,4,10,10,Friday
2090,Candy Store,Tokyo Okashi Land (東京おかしランド),Candy Store,Mall,Pacific Century Place Marunouchi (パシフィックセンチュリープレイス丸の内),Hospital,1,10,12,Tuesday
2091,Train Station,Tokyo Teleport Station (R04) (東京テレポート駅),Rail Station,Mall,DiverCity Tokyo Plaza (ダイバーシティ東京 プラザ),Shopping Mall,2,9,9,Friday
2092,BBQ Joint,とん豚テジ,BBQ Joint,Department Store,D&DEPARTMENT,Vintage and Thrift Store,4,11,12,Saturday
2093,Train Station,Nishiarai Station (TS13) (西新井駅),Rail Station,Mall,Ario (アリオ西新井),"Cafe, Coffee, and Tea House",2,5,6,Saturday
2094,Light Rail,Tokyo Big Sight Station (U11) (東京ビッグサイト駅),Rail Station,Indian Restaurant,,,2,1,3,Wednesday
2095,Department Store,Isetan (伊勢丹 新宿店),Department Store,Hobby Shop,Hands (ハンズ),Furniture and Home Store,3,9,10,Monday
2096,Indian Restaurant,ラージャインド料理神谷町店,North Indian Restaurant,Japanese Restaurant,Sojibo (そじ坊),Soba Restaurant,3,3,4,Wednesday
2097,Subway,Nishidai Station (I24) (西台駅),Travel and Transportation,Subway,Itabashihoncho Station (I19) (板橋本町駅),Metro Station,2,12,12,Friday
2098,Subway,Mita Line Mita Station (I04) (都営三田線 三田駅),Metro Station,Furniture / Home Store,VIVA HOME (ビバホーム 板橋前野店),Home Improvement Service,2,7,9,Tuesday
2099,Arcade,Taito Station (タイトーステーション 新宿南口ゲームワールド店),Arcade,Sushi Restaurant,Oedo (回転寿司 大江戸),Sushi Restaurant,2,6,8,Wednesday
2100,Library,北区立 昭和町図書館,Library,Department Store,LUMINE (ルミネ池袋),Shopping Mall,3,7,8,Sunday
2101,Pizza Place,Shakey's (シェーキーズ よみうりランド店),Pizzeria,Pizza Place,Shakey's (シェーキーズ よみうりランド店),Pizzeria,3,7,9,Sunday
2102,Pizza Place,Shakey's (シェーキーズ よみうりランド店),Pizzeria,Pizza Place,Shakey's (シェーキーズ よみうりランド店),Pizzeria,1,8,9,Sunday
2103,Subway,Oedo Line Roppongi Station (E23) (都営大江戸線 六本木駅),Metro Station,Subway,Shinjuku Line Shinjuku Station (S01) (都営新宿線 新宿駅),Metro Station,1,8,9,Saturday
2104,Subway,Oedo Line Roppongi Station (E23) (都営大江戸線 六本木駅),Metro Station,Ramen /  Noodle House,Inosho (濃菜麺 井の庄),Ramen Restaurant,2,10,11,Friday
2105,Subway,Tozai Line Nihombashi Station (T10) (東西線 日本橋駅),Metro Station,Bookstore,Maruzen (丸善),Unagi Restaurant,4,9,10,Friday
2106,Electronics Store,Yamada Denki LABI 1 (ヤマダデンキ LABI1 LIFE SELECT 池袋),Home Appliance Store,Hobby Shop,Comic Toranoana B (コミックとらのあな 池袋店),Comic Book Store,4,6,7,Friday
2107,Fast Food Restaurant,McDonald's (マクドナルド 武蔵小杉駅前店),Burger Joint,Bridge,,,3,23,0,Friday
2108,Park,Akatsuka Park (赤塚公園),Park,Food & Drink Shop,ヤスノ C&C練馬店,Grocery Store,3,3,4,Sunday
2109,Convenience Store,FamilyMart (ファミリーマート スバル桜丘246店),Convenience Store,Residential Building (Apartment / Condo),,,3,10,10,Tuesday
2110,Music Venue,SHIBUYA REX,Rock Club,School,河合塾渋谷校,Education,2,1,2,Saturday
2111,Ramen /  Noodle House,Ramen Jiro (ラーメン二郎 荻窪店),Ramen Restaurant,Subway,Shinjuku-gyoemmae Station (M10) (新宿御苑前駅),Metro Station,4,10,11,Friday
2112,Art Gallery,写真企画室 ホトリ,Art Gallery,Electronics Store,Yodobashi-Akiba (ヨドバシカメラ マルチメディアAkiba),Electronics Store,1,9,10,Sunday
2113,Racetrack,Tokyo Racecourse (東京競馬場),Yoshoku Restaurant,Arcade,ゲームシティ国分寺南店,Arcade,2,6,7,Friday
2114,Post Office,新東京郵便局,Post Office,Hobby Shop,K-BOOKS コスプレ館,Costume Store,1,6,7,Thursday
2115,Train Station,Musashi-Mizonokuchi Station (武蔵溝ノ口駅),Rail Station,Bakery,ジュリアン,Bakery,1,10,10,Monday
2116,Train Station,Kamata Station (蒲田駅),Rail Station,Hobby Shop,animate (アニメイト),Retail,2,5,6,Sunday
2117,Department Store,Matsuya Ginza (松屋銀座),Department Store,Subway,Tozai Line Otemachi Station (T09) (東西線 大手町駅),Metro Station,1,7,8,Sunday
2118,Subway,Tozai Line Takadanobaba Station (T03) (東西線 高田馬場駅),Metro Station,Mexican Restaurant,THE CANTINA,Bar,4,10,11,Tuesday
2119,Subway,,,Chinese Restaurant,,,1,1,3,Saturday
2120,Concert Hall,さいたま市民会館うらわ,Wedding Hall,Bookstore,Comic Toranoana A (コミックとらのあな 秋葉原店A),Comic Book Store,4,9,11,Sunday
2121,University,Komazawa University Komazawa Campus (駒澤大学 駒沢キャンパス),University,Electronics Store,Yodobashi-Akiba (ヨドバシカメラ マルチメディアAkiba),Electronics Store,4,3,5,Monday
2122,Airport,Tokyo International (Haneda) Airport (HND) (東京国際空港 (羽田空港)),Airport,Airport,Terminal 3 (第3ターミナル),Airport Terminal,4,22,22,Tuesday
2123,Mall,サンストリート亀戸 ,Shopping Mall,College Academic Building,駿台予備学校市谷校舎,Tutoring Service,3,7,8,Thursday
2124,Subway,Hibiya Station (日比谷駅),Metro Station,Train Station,,,1,3,4,Monday
2125,Japanese Restaurant,かつき亭,Tonkatsu Restaurant,Paper / Office Supplies Store,Shimojima (シモジマ 浅草橋本店),Paper Supplier,2,5,5,Saturday
2126,Mall,Arcakit Kinshicho (アルカキット錦糸町),Shopping Mall,Miscellaneous Shop,ベビーザらス錦糸町店,Baby Store,2,6,7,Thursday
2127,Restaurant,Yanbaru (やんばる),Bar,Record Shop,TOWER RECORDS,Retail,1,5,7,Sunday
2128,Arcade,Eternal Amusement Tower (エターナルアミューズメントタワー),Arcade,Sushi Restaurant,Uzushio (うず潮),Sushi Restaurant,3,9,10,Tuesday
2129,Subway,Higashi-koenji Station (M04) (東高円寺駅),Metro Station,Subway,Higashi-koenji Station (M04) (東高円寺駅),Metro Station,3,4,5,Friday
2130,Government Building,Tokyo District Court (東京地方裁判所),Courthouse,Subway,Kamiyacho Station (H05) (神谷町駅),Rail Station,4,4,6,Wednesday
2131,Subway,Chikatetsu-narimasu Station (Y02/F02) (地下鉄成増駅),Metro Station,Japanese Restaurant,Tendon Tenya (天丼てんや),Fast Food Restaurant,1,9,10,Friday
2132,Train Station,Narimasu Station (TJ10) (成増駅),Rail Station,Train Station,Narimasu Station (TJ10) (成増駅),Rail Station,1,10,11,Wednesday
2133,Ramen /  Noodle House,Komoro Soba (小諸そば),Soba Restaurant,Arcade,Hey - Hirose Entertainment Yard (Hey ヒロセエンターテイメントヤード),Arcade,2,3,4,Monday
2134,Coffee Shop,モトヤエクスプレス 渋谷文教堂店,Coffee Shop,Record Shop,TOWER RECORDS,Retail,1,10,11,Saturday
2135,Other Great Outdoors,,,Department Store,Yoshiike Supermarket (吉池 赤坂店),Grocery Store,3,3,4,Saturday
2136,Train Station,Ōmori Station (大森駅),Rail Station,Library,大田区立図書館入新井,Library,1,10,10,Monday
2137,Subway,Marunouchi Line Shinjuku Station (M08) (丸ノ内線 新宿駅),Metro Station,Subway,Oedo Line Nakano-sakaue Station (E30) (都営大江戸線 中野坂上駅),Metro Station,2,6,6,Monday
2138,Subway,Ginza Line Shimbashi Station (G08) (銀座線 新橋駅),Metro Station,Bar,Bar Retro cross Future,Bar,4,14,14,Friday
2139,Music Store,石橋楽器店御茶ノ水ANNEX,Music Store,Train Station,Futako-tamagawa Station (二子玉川駅),Rail Station,2,3,5,Sunday
2140,Music Store,Ishibashi Music (石橋楽器 御茶ノ水本店),Music Store,Train Station,Futako-tamagawa Station (二子玉川駅),Rail Station,2,3,5,Sunday
2141,Subway,,,Salon / Barbershop,ヘアーサロン銀座マツナガ 銀座本店,Barbershop,4,10,10,Friday
2142,Subway,Omote-sando Station (表参道駅),Rail Station,Italian Restaurant,BVLGARI Il bar,Bar,2,10,12,Friday
2143,Coffee Shop,Starbucks (スターバックス),Coffee Shop,Office,THE TERMINAL,Internet Cafe,2,7,7,Saturday
2144,Light Rail,Takeshiba Station (U03) (竹芝駅),Rail Station,Mall,Yaechika (ヤエチカ),Shopping Mall,1,11,11,Sunday
2145,Miscellaneous Shop,ハロー!プロジェクト オフィシャルショップ 渋谷109-2店,Miscellaneous Store,Government Building,Tokyo Skytree (東京スカイツリー),Monument,1,9,10,Sunday
2146,American Restaurant,M&L Aloha Table Hawaiian Eats,New American Restaurant,Park,東海ふ頭公園,Park,4,5,6,Tuesday
2147,Train Station,Keisei Nippori Station (KS02) (京成 日暮里駅),Rail Station,Mall,冠新道,Shopping Mall,1,3,4,Wednesday
2148,Factory,JR東日本田端運転所,Factory,Mall,冠新道,Shopping Mall,1,0,1,Sunday
2149,Electronics Store,Sony Building (ソニービル),Office Building,Plaza,有楽町マリオン時計前,Plaza,2,6,7,Sunday
2150,Subway,Hiro-o Station (H03) (広尾駅),Rail Station,Subway,Toranomon Station (G07) (虎ノ門駅),Rail Station,3,6,6,Sunday
2151,Electronics Store,Yodobashi Camera (ヨドバシカメラ マルチメディア新宿東口),Home Appliance Store,Electronics Store,Yodobashi Camera (ヨドバシカメラ 新宿西口本店),Computers and Electronics Retail,1,10,10,Saturday
2152,Electronics Store,Yodobashi Camera (ヨドバシカメラ マルチメディア新宿東口),Home Appliance Store,Mall,Nakano Broadway (中野ブロードウェイ),Shopping Plaza,3,5,6,Saturday
2153,Train Station,Musashi-nitta Station (TM05) (武蔵新田駅),Rail Station,Bus Station,,,1,3,3,Wednesday
2154,Train Station,Musashi-nitta Station (TM05) (武蔵新田駅),Rail Station,Convenience Store,Lawson Store 100 (ローソンストア100 武蔵新田店),Convenience Store,1,13,15,Saturday
2155,Garden,Shinjuku Gyoen (新宿御苑),Park,Hobby Shop,animate (アニメイト),Retail,4,5,7,Wednesday
2156,Subway,Kita-sando Station (F14) (北参道駅),Rail Station,Ramen /  Noodle House,とんこつラーメン博多風龍 ひゃっけんだな店,Noodle Restaurant,4,2,2,Saturday
2157,Building,Sunshine City (サンシャインシティ),Shopping Mall,Drugstore / Pharmacy,スギ薬局東池袋店,Drugstore,4,9,10,Tuesday
2158,Electronics Store,Yamada Denki LABI 1 (ヤマダデンキ LABI1 LIFE SELECT 池袋),Home Appliance Store,Hobby Shop,K-BOOKS コスプレ館,Costume Store,3,9,10,Saturday
2159,Train Station,Kyodo Station (OH11) (経堂駅),Rail Station,Train Station,Kyodo Station (OH11) (経堂駅),Rail Station,2,10,10,Thursday
2160,Airport,Terminal 2 (第2ターミナル),Airport Terminal,Airport,Terminal 2 (第2ターミナル),Airport Terminal,1,12,12,Saturday
2161,Bookstore,Books Sanseido (三省堂書店),Bookstore,Movie Theater,Jimbocho Theater (神保町シアター),Movie Theater,1,5,6,Saturday
2162,Electronics Store,Apple Shibuya (Apple 渋谷),Electronics Store,General Entertainment,タイフェスティバル2012 代々木,Arts and Entertainment,1,7,8,Sunday
2163,Office,民進党,Campaign Office,Food & Drink Shop,Tsukiji Outer Market (築地場外市場),Japanese Restaurant,3,1,2,Sunday
2164,Building,自由民主党本部,Structure,Bridge,Eitai Bridge (永代橋),Bridge,4,1,2,Sunday
2165,Movie Theater,,,Movie Theater,,,2,13,15,Sunday
2166,Bar,ARTOIS,Wine Bar,Bar,ARTOIS,Wine Bar,3,12,12,Monday
2167,Japanese Restaurant,,,Bakery,神戸屋ダイニング 東京国際フォーラム店,Bakery,4,10,11,Wednesday
2168,Train Station,Keio Shinjuku Station (KO01) (京王 新宿駅),Rail Station,Train Station,Chōfu Station (KO18) (調布駅),Rail Station,3,8,9,Monday
2169,Airport,Terminal 2 (第2ターミナル),Airport Terminal,Sandwich Place,サブウェイ,Coffee Shop,2,9,11,Monday
2170,Convenience Store,Lawson (ローソン 池之端一丁目店),Convenience Store,Drugstore / Pharmacy,American Pharmacy (アメリカンファーマシー),Drugstore,4,4,5,Saturday
2171,Train Station,Hibiya Line Platform 2 (日比谷線 2番線ホーム),Platform,Electronics Store,Bic Camera (ビックカメラ 有楽町店),Home Appliance Store,3,7,9,Friday
2172,Subway,Daimon Station (大門駅),Metro Station,Coffee Shop,Tully's Coffee,Coffee Shop,2,9,10,Sunday
2173,Train Station,Musashi-Shinjo Station (武蔵新城駅),Rail Station,Drugstore / Pharmacy,Sundrug (サンドラッグ  子母口店),Drugstore,1,3,5,Thursday
2174,Train Station,Shin-Yurigaoka Station (OH23) (新百合ヶ丘駅),Rail Station,Train Station,Shin-Yurigaoka Station (OH23) (新百合ヶ丘駅),Rail Station,2,4,6,Wednesday
2175,Subway,Hibiya Line Ningyocho Station (H14) (日比谷線 人形町駅),Metro Station,Mall,Yurakucho ITOCiA (有楽町イトシア),Shopping Mall,1,9,10,Tuesday
2176,Italian Restaurant,孔雀の舌,Italian Restaurant,Train Station,Kodemmacho Station (H15) (小伝馬町駅),Metro Station,3,4,5,Tuesday
2177,Japanese Restaurant,Komeraku (こめらく 贅沢な、お茶漬け日和。),Japanese Restaurant,Plaza,汐留シオサイト 地下歩道,Plaza,4,10,10,Friday
2178,Mall,DiverCity Tokyo Plaza (ダイバーシティ東京 プラザ),Shopping Mall,Mall,DiverCity Tokyo Plaza (ダイバーシティ東京 プラザ),Shopping Mall,4,10,10,Friday
2179,Food & Drink Shop,7-Eleven (セブンイレブン 川崎高津野川店),Convenience Store,Pool,Yokohama International Swimming Pool (横浜国際プール),Bathing Area,3,23,0,Tuesday
2180,Convenience Store,7-Eleven (セブンイレブン 川崎小杉陣屋町2丁目店),Convenience Store,Stadium,Yoyogi 1st Gymnasium (国立代々木競技場 第一体育館),Stadium,4,6,7,Sunday
2181,Mall,Tokyo Solamachi (東京ソラマチ),Shopping Mall,Government Building,Tokyo Skytree (東京スカイツリー),Monument,4,10,11,Wednesday
2182,Subway,Meiji-jingumae 'Harajuku' Station (明治神宮前 駅),Metro Station,Ramen /  Noodle House,つけ麺ちっちょ極,Ramen Restaurant,1,11,12,Monday
2183,Bar,,,Food & Drink Shop,7-Eleven (セブンイレブン 台東東上野1丁目店),Convenience Store,3,5,5,Tuesday
2184,Coffee Shop,ドトールコーヒーショップ御徒町北口店,Café,Food & Drink Shop,7-Eleven (セブンイレブン 台東東上野1丁目店),Convenience Store,2,6,6,Wednesday
2185,Gym / Fitness Center,Konami Sports Club (コナミスポーツクラブ 目黒青葉台),Sports Club,Train Station,Musashi-koyama Station (MG03) (武蔵小山駅),Rail Station,1,8,9,Wednesday
2186,Electronics Store,BICQLO (ビックロ),Electronics Store,Bar,型無,Bar,3,8,9,Monday
2187,Subway,Omote-sando Station (表参道駅),Rail Station,Building,PASONA SQUARE (パソナスクエア),Business Center,1,5,7,Monday
2188,Building,PASONA SQUARE (パソナスクエア),Business Center,Record Shop,TOWER RECORDS,Retail,2,7,9,Sunday
2189,General Travel,東参道・二天門通り,Travel and Transportation,Gas Station / Garage,コスモ石油 セルフ清門町SS,Fuel Station,2,10,12,Thursday
2190,Subway,Tsukiji Station (H11) (築地駅),Rail Station,Department Store,Mitsukoshi (日本橋三越本店),Department Store,3,7,8,Thursday
2191,Bar,Three Thread,Bar,Bookstore,Books Kinokuniya (紀伊國屋書店),Bookstore,2,10,10,Friday
2192,Subway,Nishi-shinjuku Station (M07) (西新宿駅),Rail Station,Miscellaneous Shop,Loft (有楽町ロフト),Grocery Store,1,2,4,Saturday
2193,Hobby Shop,animate (アニメイト 吉祥寺店),Retail,Music Venue,O−EAST,Music Venue,2,6,7,Friday
2194,Event Space,新宿FACE,Event Space,Event Space,新宿FACE,Event Space,1,9,10,Sunday
2195,Fast Food Restaurant,Matsuya (松屋 紀尾井町店),Restaurant,Government Building,JICA - Japan International Cooperation Agency (国際協力機構 (JICA)),Organization,1,6,7,Tuesday
2196,General Entertainment,,,Fast Food Restaurant,Matsuya (松屋 紀尾井町店),Restaurant,2,5,6,Tuesday
2197,Japanese Restaurant,Yayoi (やよい軒),Teishoku Restaurant,Café,Cafe CARMA38,Café,3,12,12,Saturday
2198,Bookstore,古書コンコ堂,Vintage and Thrift Store,Japanese Restaurant,キッチン男の晩ごはん,Teishoku Restaurant,4,4,5,Monday
2199,Mall,Northport Mall (ノースポート・モール),Shopping Mall,Electronics Store,ヤマダデンキ Tecc LIFE SELECT 港北センター店,Home Appliance Store,2,9,9,Friday
2200,Subway,Center Kita Station (センター北駅),Rail Station,Electronics Store,ヤマダデンキ Tecc LIFE SELECT 港北センター店,Home Appliance Store,1,9,10,Tuesday
2201,Record Shop,TOWER RECORDS,Retail,Home (private),,,1,8,10,Friday
2202,Movie Theater,Human Trust Cinema Shibuya (ヒューマントラストシネマ渋谷),Movie Theater,Home (private),,,2,12,13,Tuesday
2203,Ramen /  Noodle House,Kanda Matsuya (神田まつや),Soba Restaurant,Japanese Restaurant,Takemura (竹むら),"Cafe, Coffee, and Tea House",3,5,7,Wednesday
2204,Subway,Marunouchi Line Tokyo Station (M17) (丸ノ内線 東京駅),Metro Station,Ramen /  Noodle House,Mita Seimenjo (三田製麺所),Ramen Restaurant,3,11,13,Tuesday
2205,Food & Drink Shop,Ito Yokado (イトーヨーカドー 国領店),Grocery Store,Food & Drink Shop,Ito Yokado (イトーヨーカドー 国領店),Grocery Store,1,8,8,Saturday
2206,Coffee Shop,Doutor Coffee Shop (ドトールコーヒーショップ),Coffee Shop,Electronics Store,Yodobashi Camera (ヨドバシカメラ 新宿西口本店),Computers and Electronics Retail,1,10,10,Sunday
2207,Coffee Shop,Starbucks (スターバックス),Coffee Shop,Subway,Awajicho Station (M19) (淡路町駅),Metro Station,3,22,23,Sunday
2208,Ramen /  Noodle House,Tsujita Miso no Sho (つじ田 味噌の章),Ramen Restaurant,Smoke Shop,ippuku 淡路町店,Tobacco Store,4,9,10,Friday
2209,Ramen /  Noodle House,Namiki Yabusoba (並木藪蕎麦),Soba Restaurant,Bakery,breadworks,Bakery,2,6,7,Sunday
2210,Event Space,レインボータウンFM 木場スタジオ,Radio Station,Mexican Restaurant,EL TORITO (エルトリート),Yoshoku Restaurant,1,9,11,Sunday
2211,Video Store,新宿TSUTAYA,Video Store,Hobby Shop,animate (アニメイト),Hobby Store,1,9,10,Tuesday
2212,Event Space,LOFT PLUS ONE,Event Space,Movie Theater,Kadokawa Cinema Shinjuku (角川シネマ新宿),Movie Theater,3,10,10,Thursday
2213,French Restaurant,west53rd 日本閣,Wedding Hall,French Restaurant,west53rd 日本閣,Wedding Hall,2,7,8,Wednesday
2214,Electronics Store,Apple Shibuya (Apple 渋谷),Electronics Store,General Entertainment,,,3,6,6,Saturday
2215,Bridge,Azumabashi Bridge (吾妻橋),Bridge,Donut Shop,Mister Donut (ミスタードーナツ 東京ソラマチショップ),Fast Food Restaurant,2,8,9,Saturday
2216,Bookstore,須原屋蕨店,Bookstore,Home (private),,,2,10,11,Wednesday
2217,Toy / Game Store,"Toys""R""Us / Babies""R""Us (トイザらス・ベビーザらス)",Retail,Sushi Restaurant,Sushi Choushimaru (すし銚子丸),Japanese Family Restaurant,2,6,7,Wednesday
2218,Movie Theater,Shinjuku Wald 9 (新宿バルト9),Movie Theater,Department Store,Isetan Men's (伊勢丹メンズ館),Department Store,1,0,0,Monday
2219,Bookstore,Books Kinokuniya (紀伊國屋書店),Bookstore,Subway,Akasaka-mitsuke Station (赤坂見附駅),Metro Station,4,3,5,Sunday
2220,Subway,Akasaka-mitsuke Station (赤坂見附駅),Metro Station,Park,Arisugawa-no-miya Memorial Park (有栖川宮記念公園),Park,3,5,7,Sunday
2221,Subway,Yurakucho Line Tsukishima Station (Y21) (有楽町線 月島駅),Metro Station,Mall,,,4,5,6,Friday
2222,Record Shop,TOWER RECORDS,Retail,Subway,Toyosu Station (豊洲駅),Metro Station,3,10,11,Friday
2223,Shrine,Meiji Jingu Shrine (明治神宮),Historic and Protected Site,Miscellaneous Shop,AssistOn (アシストオン 原宿店),Gift Store,2,6,7,Sunday
2224,Subway,Kita-sando Station (F14) (北参道駅),Rail Station,Café,Enjoy!・BASEMENT・DINING,Café,1,6,7,Sunday
2225,Subway,Shibakoen Station (I05) (芝公園駅),Rail Station,Temple,Zojoji Temple (増上寺),Buddhist Temple,4,5,5,Saturday
2226,Subway,Shirokane-takanawa Station (白金高輪駅),Metro Station,BBQ Joint,Kirakutei (きらく亭),BBQ Joint,1,9,10,Sunday
2227,Light Rail,Yurikamome Toyosu Station (U16) (ゆりかもめ 豊洲駅),Rail Station,Convention Center,Tokyo Big Sight (東京ビッグサイト (東京国際展示場)),Italian Restaurant,3,5,6,Sunday
2228,Stadium,Nippon Budokan (日本武道館),Stadium,Music Venue,女モノノフ命を懸けた女祭り物販待機列,Rock Club,1,7,8,Saturday
2229,Convenience Store,Lawson (ローソン 北区東十条二丁目店),Convenience Store,Train Station,Akabane Station (赤羽駅),Rail Station,1,3,3,Saturday
2230,Japanese Restaurant,Iwato (岩戸),Japanese Restaurant,Ramen /  Noodle House,名代後楽そば 有楽町駅店,Soba Restaurant,4,3,3,Monday
2231,Subway,Hanzomon Line Kinshicho Station (Z13) (半蔵門線 錦糸町駅),Metro Station,Train Station,Tama-plaza Station (DT15) (たまプラーザ駅),Rail Station,2,2,3,Sunday
2232,Subway,Tozai Line Otemachi Station (T09) (東西線 大手町駅),Metro Station,University,Kokushikan University (国士舘大学 世田谷キャンパス),University,1,23,0,Saturday
2233,Video Store,TSUTAYA仙川店,Video Store,Café,珈琲館 仙川店,Café,2,5,6,Sunday
2234,Train Station,Sengawa Station (KO13) (仙川駅),Rail Station,Train Station,Tobitakyū Station (KO20) (飛田給駅),Rail Station,3,2,3,Saturday
2235,Italian Restaurant,Al Ceppo,Italian Restaurant,Train Station,Iidabashi Station (飯田橋駅),Rail Station,1,6,7,Wednesday
2236,Subway,Toranomon Station (G07) (虎ノ門駅),Rail Station,Café,DeliriumCafe Tokyo (デリリウムカフェ トーキョー),Gastropub,4,10,10,Friday
2237,Train Station,Daikan-yama Station (TY02) (代官山駅),Rail Station,Mall,atré Ebisu (アトレ恵比寿),Retail,3,7,9,Sunday
2238,Electronics Store,Bic Camera (ビックカメラ),Electronics Store,Japanese Restaurant,隠居邸 新宿西口店,Japanese Restaurant,3,11,11,Friday
2239,Arcade,Tokyo Leisure Land (東京レジャーランド 秋葉原店),Arcade,Fast Food Restaurant,McDonald's (マクドナルド),Fast Food Restaurant,4,8,9,Sunday
2240,Arcade,ゲームシティ国分寺南店,Arcade,Bar,BEER CAFE GAMBRINUS,Beer Bar,1,12,13,Friday
2241,Bookstore,Mandarake Complex (まんだらけ コンプレックス),Retail,Miscellaneous Shop,MUJI (無印良品),Clothing Store,1,7,8,Saturday
2242,Toy / Game Store,アソビットホビーシティ,Toy Store,Bookstore,Books Kinokuniya (紀伊國屋書店),Bookstore,3,8,9,Saturday
2243,College Academic Building,Mosakusha (模索舎),Bookstore,Subway,,,1,8,9,Saturday
2244,Movie Theater,Shinjuku Wald 9 (新宿バルト9),Movie Theater,College Academic Building,Mosakusha (模索舎),Bookstore,2,6,8,Saturday
2245,Light Rail,Monorail Tennōzu Isle Station (MO02) (モノレール 天王洲アイル駅),Rail Station,College Academic Building,ロッキーボルダリングクラブ品川,Landmarks and Outdoors,4,7,8,Saturday
2246,Train Station,Keikyū Kamata Station (KK11) (京急蒲田駅),Rail Station,Miscellaneous Shop,7-Eleven (セブンイレブン 大田区蒲田5丁目店),Convenience Store,2,8,8,Friday
2247,Subway,,,Food & Drink Shop,Natural Lawson (ナチュラルローソン),Convenience Store,1,23,23,Wednesday
2248,Subway,Marunouchi Line Ikebukuro Station (M25) (丸ノ内線 池袋駅),Metro Station,Miscellaneous Shop,SEIYU (西友 清瀬店),Grocery Store,3,12,13,Tuesday
2249,Spa / Massage,Yukemuri no Sato (仙川 湯けむりの里),Bathing Area,Mall,Roppongi Hills (六本木ヒルズ),Shopping Mall,4,8,10,Sunday
2250,Ramen /  Noodle House,麺屋天王,Ramen Restaurant,Medical Center,JR Tokyo General Hospital (JR東京総合病院),Hospital,1,3,5,Friday
2251,Electronics Store,Sofmap Akiba 1st Store (ソフマップAKIBA 1号店 サブカル・モバイル館),Retail,Office,副会長商店事務所,Office,1,5,5,Saturday
2252,Bridge,Mansei Bridge (万世橋),Bridge,Office,副会長商店事務所,Office,3,4,5,Saturday
2253,Bookstore,COMIC ZIN,Comic Book Store,Bookstore,COMIC ZIN,Comic Book Store,3,10,10,Tuesday
2254,Ramen /  Noodle House,Hakata Ramen Yoshimaru (博多らーめん 由丸),Ramen Restaurant,Hobby Shop,Akihabara Gamers (AKIHABARAゲーマーズ),Hobby Store,2,7,8,Sunday
2255,Building,Shiodome Sumitomo Building (汐留住友ビル),Business Center,Subway,Shiodome Station (汐留駅),Rail Station,4,4,6,Friday
2256,Department Store,Tokyu Department Store (東急百貨店 東横店),Department Store,Pizza Place,BEER&PIZZA HANACONA,Cocktail Bar,4,7,9,Saturday
2257,Parking,Ginza Mitsukoshi Bicycle Parking (銀座三越 駐輪場),Parking,Electronics Store,Apple Ginza (Apple 銀座),Landmarks and Outdoors,3,1,1,Sunday
2258,Electronics Store,Yodobashi Camera (ヨドバシカメラ 新宿西口本店),Computers and Electronics Retail,University,Nihon University College of Economics (日本大学経済学部),College and University,2,7,8,Saturday
2259,Government Building,Tokyo Tower (東京タワー),Structure,Hotel,ANA InterContinental Tokyo (ANAインターコンチネンタルホテル東京),Hotel,4,9,11,Monday
2260,Bar,SMOKE-BAR&GRILL,Yoshoku Restaurant,Coffee Shop,Starbucks (スターバックス),Coffee Shop,3,5,6,Saturday
2261,Train Station,Toda Station (戸田駅),Rail Station,Train Station,Toda Station (戸田駅),Rail Station,1,9,10,Wednesday
2262,Train Station,Kawaguchi Station (川口駅),Rail Station,Train Station,Kawaguchi Station (川口駅),Rail Station,4,9,9,Tuesday
2263,Shrine,Meiji Jingu Shrine (明治神宮),Historic and Protected Site,Event Space,Nico Nico Honsha (ニコニコ本社),Event Space,2,4,5,Saturday
2264,Clothing Store,Abercrombie & Fitch,Clothing Store,Chinese Restaurant,Hong Hu Jiao Zi Fang (紅虎餃子房),Chinese Restaurant,2,8,9,Saturday
2265,Department Store,Mitsukoshi (銀座三越),Department Store,Neighborhood,,,2,9,10,Friday
2266,Subway,Tameike-sanno Station (溜池山王駅),Rail Station,Food & Drink Shop,Seijo Ishii (成城石井),Grocery Store,1,8,9,Monday
2267,Subway,Hikarigaoka Station (E38) (光が丘駅),Metro Station,Department Store,Livin (リヴィン 光が丘店),Shopping Plaza,4,8,9,Friday
2268,Department Store,Keio Department Store (京王百貨店 新宿店),Department Store,Subway,Hikarigaoka Station (E38) (光が丘駅),Metro Station,4,7,8,Friday
2269,Train Station,Inokashira Line Shibuya Station (IN01) (京王井の頭線 渋谷駅),Rail Station,Church,Shimokitazawa Grace Garden Church (富士見丘教会 (下北沢グレイスガーデンチャーチ)),Church,1,7,9,Saturday
2270,Shrine,Kitano Shrine (北野神社),Shrine,Music Venue,Shibuya CLUB QUATTRO (渋谷CLUB QUATTRO),Rock Club,4,9,10,Monday
2271,Food & Drink Shop,ヨークマート中町店,Grocery Store,Train Station,Yoga Station (DT06) (用賀駅),Rail Station,1,7,8,Saturday
2272,Convenience Store,,,Building,,,1,8,9,Tuesday
2273,High School,私立昭和鉄道高校,High School,Electronics Store,Bic Camera (ビックカメラ 池袋本店),Home Appliance Store,1,6,7,Thursday
2274,Art Gallery,スマイルプリキュア！おひろめカーニバル,Art Gallery,Light Rail,,,2,2,3,Thursday
2275,Subway,Omote-sando Station (表参道駅),Rail Station,Miscellaneous Shop,Loft (渋谷ロフト),Retail,4,7,8,Sunday
2276,Park,Kiba Park (木場公園),Park,Bridge,豊住橋,Public Transportation,1,21,22,Tuesday
2277,Road,,,Mall,Shibuya Hikarie (渋谷ヒカリエ),Business Center,4,7,8,Friday
2278,Department Store,AEON (イオン 東雲店),Pet Grooming Service,Subway,Toyosu Station (豊洲駅),Metro Station,2,5,7,Saturday
2279,Government Building,Tokyo Skytree (東京スカイツリー),Monument,Government Building,Tokyo Skytree (東京スカイツリー),Monument,1,8,10,Saturday
2280,Train Station,TX Asakusa Station (つくばエクスプレス 浅草駅),Rail Station,Miscellaneous Shop,まいづる 浅草かっぱ橋本店,Business and Professional Services,3,5,6,Wednesday
2281,Arcade,Adores Shibuya (アドアーズ 渋谷店),Arcade,Japanese Restaurant,Sumire (すみれ),Sake Bar,2,8,10,Saturday
2282,Bookstore,Melonbooks (メロンブックス 秋葉原1号店),Comic Book Store,Record Shop,TOWER RECORDS,Record Store,3,6,8,Monday
2283,Train Station,Yashio Station (八潮駅),Rail Station,Miscellaneous Shop,Super Value (スーパーバリュー 練馬大泉店),Home Improvement Service,4,5,6,Sunday
2284,Electronics Store,でんきち 清瀬店,Home Appliance Store,Train Station,Kiyose Station (SI15) (清瀬駅),Rail Station,4,1,2,Sunday
2285,Building,Sumitomo Fudosan Shinjuku Oak Tower (住友不動産新宿オークタワー),Business Center,Office,新宿スクエアタワー管理,Office,2,6,6,Monday
2286,Government Building,RG 1/1 RX-78-2 Gundam Ver. GFT (RG1/1 RX-78-2 ガンダム Ver.GFT),Monument,Park,Shiokaze Park (潮風公園),Park,4,3,4,Friday
2287,Hobby Shop,animate (アニメイト),Retail,Bus Station,久が原特別出張所前,Public Transportation,3,8,8,Tuesday
2288,Bar,カラオケの鉄人 戸越銀座店,Karaoke Bar,Italian Restaurant,Mangiare,Italian Restaurant,1,3,3,Sunday
2289,Park,Pooh's Hunny Hunt (プーさんのハニーハント),Amusement Park,Movie Theater,キャプテンEO ,Arts and Entertainment,1,9,11,Saturday
2290,Scenic Lookout,Jingu Gaien Ginkgo Avenue (神宮外苑いちょう並木),Hiking Trail,Bar,Brimmer Beer Box,Pub,1,5,6,Friday
2291,Park,大井水神公園,Park,Park,大井水神公園,Park,2,9,9,Wednesday
2292,Park,大井水神公園,Park,Sushi Restaurant,Sushiro (スシロー),Japanese Family Restaurant,4,22,23,Friday
2293,Building,Sunshine City (サンシャインシティ),Shopping Mall,General Entertainment,西池袋将棋クラブ,Arts and Entertainment,3,6,6,Saturday
2294,Miscellaneous Shop,Loft (渋谷ロフト),Retail,Subway,Fukutoshin Line Shibuya Station (F16) (副都心線 渋谷駅),Metro Station,4,10,12,Friday
2295,University,Hitotsubashi University (一橋大学 小平国際キャンパス),College and University,Electronics Store,PC DEPOT スマートライフ花小金井BASE,Computers and Electronics Retail,4,9,11,Friday
2296,Department Store,Tobu Department Store (東武百貨店 池袋店),Department Store,Road,晴海三丁目交差点,Intersection,4,3,4,Sunday
2297,Art Museum,Ghibli Museum (三鷹の森ジブリ美術館),Museum,Bridge,,,1,13,14,Monday
2298,Other Great Outdoors,風の散歩道,Hiking Trail,Art Museum,Ghibli Museum (三鷹の森ジブリ美術館),Museum,3,11,11,Monday
2299,Historic Site,Wadakuramon Gate (和田倉門跡),Historic and Protected Site,Subway,Hanzomon Line Otemachi Station (Z08) (半蔵門線 大手町駅),Metro Station,3,8,9,Friday
2300,Building,TOKYO FM,Radio Station,Shrine,Yasukuni-jinja Shrine (靖国神社),Historic and Protected Site,4,6,7,Thursday
2301,Japanese Restaurant,島根料理主水,Japanese Restaurant,Train Station,Haneda Airport Terminal 1・2 Station (KK17) (羽田空港第1・第2ターミナル駅),Rail Station,1,8,9,Monday
2302,Record Shop,TOWER RECORDS,Record Store,Movie Theater,Shinjuku Wald 9 (新宿バルト9),Movie Theater,1,9,11,Saturday
2303,Temple,Kiyomizu Kannon-do (清水観音堂),Temple,University,理学部1号館,College Science Building,3,7,9,Friday
2304,Subway,Kasuga Station (春日駅),Metro Station,Toy / Game Store,,,1,5,6,Friday
2305,Department Store,Daimaru (大丸 東京店),Department Store,Train Station,,,1,7,9,Wednesday
2306,Mobile Phone Shop,ドコモショップ秋葉原中央通り店,Mobile Company,Video Store,Tsutaya Books (蔦屋書店 上野店),Bookstore,1,7,8,Tuesday
2307,Train Station,Keisei-Tateishi Station (KS49) (京成立石駅),Rail Station,Concert Hall,Katsushika Symphony Hills (かつしかシンフォニーヒルズ),Concert Hall,2,7,8,Thursday
2308,College Academic Building,ヤマハ音楽教室四谷センター,Music School,Café,Cafe de Crie Yotsuya,Café,4,4,5,Saturday
2309,Miscellaneous Shop,Don Quijote (ドン・キホーテ 青戸店),Discount Store,Japanese Restaurant,鳥やす本店,BBQ Joint,3,12,14,Saturday
2310,Drugstore / Pharmacy,Welcia (ウエルシア 世田谷千歳台店),Drugstore,Playground,塚戸公園,Playground,3,12,13,Sunday
2311,Train Station,Mitaka Station (三鷹駅),Rail Station,Subway,,,2,5,6,Monday
2312,Train Station,Hibarigaoka Station (SI13) (ひばりヶ丘駅),Rail Station,Subway,Oedo Line Higashi-shinjuku Station (E02) (都営大江戸線 東新宿駅),Metro Station,4,23,23,Monday
2313,Train Station,Tobu Asakusa Station (TS01) (東武 浅草駅),Rail Station,Temple,Kaminarimon Gate (雷門),Shrine,3,5,5,Saturday
2314,High School,麻布学園麻布中学校・高等学校,High School,Cemetery,Aoyama Cemetery (青山霊園),Funeral Home,1,2,3,Friday
2315,Drugstore / Pharmacy,Kusuri no Fukutaro (くすりの福太郎 本郷店),Drugstore,Convention Center,丸の内トラストタワー 本館,Business Center,3,9,10,Thursday
2316,Convenience Store,Lawson (ローソン 茗荷谷駅前店),Convenience Store,Convenience Store,Lawson (ローソン 茗荷谷駅前店),Convenience Store,1,2,3,Thursday
2317,Convenience Store,スリーエフ和光市駅前店,Convenience Store,Subway,Marunouchi Line Tokyo Station (M17) (丸ノ内線 東京駅),Metro Station,2,0,1,Monday
2318,Convenience Store,NewDaysミニ 丸地下2A,Convenience Store,Electronics Store,Yamada Denki LABI 1 (ヤマダデンキ LABI1 LIFE SELECT 池袋),Home Appliance Store,1,7,8,Saturday
2319,Train Station,Hōya Station (SI12) (保谷駅),Rail Station,Train Station,Hōya Station (SI12) (保谷駅),Rail Station,3,3,3,Saturday
2320,Bookstore,Junkudo (ジュンク堂書店),Bookstore,Department Store,Seibu (西武池袋本店),Department Store,3,7,8,Saturday
2321,Arcade,SEGA Akihabara 4 (セガ秋葉原4号館),Arcade,Electronics Store,Yodobashi-Akiba (ヨドバシカメラ マルチメディアAkiba),Electronics Store,3,7,9,Friday
2322,Arcade,Hey - Hirose Entertainment Yard (Hey ヒロセエンターテイメントヤード),Arcade,Hobby Shop,animate (アニメイト),Retail,2,6,7,Thursday
2323,Park,Tokyo Disneyland (東京ディズニーランド),Amusement Park,Park,Tokyo Disneyland (東京ディズニーランド),Amusement Park,2,7,9,Tuesday
2324,Bar,FiGARO ’R,Bar,Train Station,Fuchū Station (KO24) (府中駅),Rail Station,4,13,14,Monday
2325,Train Station,Odakyu Shinjuku Station (OH01) (小田急 新宿駅),Rail Station,Hobby Shop,Hands (ハンズ),Furniture and Home Store,3,3,3,Thursday
2326,Train Station,Akabane Station (赤羽駅),Rail Station,Train Station,Akabane Station (赤羽駅),Rail Station,1,7,8,Monday
2327,Electronics Store,Yodobashi Camera (ヨドバシカメラ マルチメディア川崎ルフロン),Home Appliance Store,Concert Hall,Muza Kawasaki (ミューザ川崎),Business Center,2,6,6,Friday
2328,Subway,Akabanebashi Station (E21) (赤羽橋駅),Rail Station,Electronics Store,Bic Camera (ビックカメラ 有楽町店),Home Appliance Store,3,2,3,Sunday
2329,Bookstore,Fukuya Books (福家書店),Bookstore,Bookstore,Books Kinokuniya Tokyo,Bookstore,3,0,1,Saturday
2330,Train Station,Hiyoshi Station (日吉駅),Rail Station,Hobby Shop,井口文華堂,Stationery Store,2,7,7,Saturday
2331,Subway,Ginza Line Shibuya Station (G01) (銀座線 渋谷駅),Metro Station,Train Station,Tōyoko Line Tamagawa Station (東急東横線 多摩川駅),Rail Station,4,4,6,Monday
2332,Subway,Edogawabashi Station (Y12) (江戸川橋駅),Metro Station,Subway,Gaiemmae Station (G03) (外苑前駅),Rail Station,2,5,5,Friday
2333,Ramen /  Noodle House,Yomoda Soba (よもだそば),Soba Restaurant,Asian Restaurant,とうがらし,Korean Restaurant,2,4,5,Thursday
2334,Train Station,Naka-meguro Station (中目黒駅),Rail Station,Mall,Tokyo Midtown (東京ミッドタウン),Retail,1,10,11,Saturday
2335,Office,Castalia (キャスタリア),Coworking Space,Bar,Astronomical Observation Diner Afilia Stars (天体観測Diner アフィリア・スターズ),Bar,1,10,11,Friday
2336,Italian Restaurant,Saizeriya (サイゼリヤ),Italian Restaurant,Office,ソフト・オン・デマンド,Office,4,11,11,Sunday
2337,Record Shop,TOWER RECORDS,Record Store,Japanese Restaurant,Sutadonya (伝説のすた丼屋),Donburi Restaurant,3,10,11,Wednesday
2338,Train Station,Shin-Koiwa Station (新小岩駅),Rail Station,Convenience Store,FamilyMart (ファミリーマート 新小岩一丁目店),Convenience Store,2,11,12,Monday
2339,Ramen /  Noodle House,本家大黒屋本舗平井店,Ramen Restaurant,Toy / Game Store,Pop Life Department M's (大人のデパート エムズ),Adult Store,4,4,5,Sunday
2340,Japanese Restaurant,Toribancho (鳥番長 上野昭和通り店),Sake Bar,Japanese Restaurant,Toribancho (鳥番長 上野昭和通り店),Sake Bar,1,3,3,Tuesday
2341,Art Museum,Ueno Royal Museum (上野の森美術館),Art Museum,Subway,Honjo-azumabashi Station (A19) (本所吾妻橋駅),Metro Station,2,9,11,Sunday
2342,Ramen /  Noodle House,たからや 新宿店,Ramen Restaurant,Building,Mode Gakuen Cocoon Tower (モード学園コクーンタワー),Structure,3,9,10,Saturday
2343,Food & Drink Shop,My Basket (まいばすけっと 中川駅店),Grocery Store,Food & Drink Shop,My Basket (まいばすけっと 中川駅店),Grocery Store,1,0,1,Thursday
2344,Department Store,アヴィレックス マルイシティ渋谷店 - AVIREX,Department Store,Bar,Baird Taproom Harajuku (原宿タップルーム),Beer Bar,1,7,8,Sunday
2345,Mall,SoLaDo原宿,Shopping Mall,Train Station,Takeshita Exit (竹下口),Rail Station,1,9,10,Friday
2346,Garden,隅田川右岸,Landmarks and Outdoors,Café,Doutor Coffee Shop (ドトールコーヒーショップ),Coffee Shop,4,14,16,Wednesday
2347,Train Station,Tokyo Teleport Station (R04) (東京テレポート駅),Rail Station,Garden,隅田川右岸,Landmarks and Outdoors,3,13,14,Wednesday
2348,Arcade,Tokyo Leisure Land (東京レジャーランド 秋葉原2号店),Arcade,Bookstore,COMIC ZIN,Comic Book Store,2,5,6,Sunday
2349,Bookstore,COMIC ZIN,Comic Book Store,Office,Akihabara UDX (秋葉原UDX),Business Center,4,6,8,Sunday
2350,Gym / Fitness Center,Tipness (ティップネス 国分寺店),Gym and Studio,Music Venue,秋葉原ペンタゴン,Rock Club,4,8,9,Monday
2351,Bookstore,ブックオフ秋葉原駅前店,Used Bookstore,Bar,めいぷる 秋葉原店,Bar,4,12,13,Sunday
2352,Mall,Yanaka Ginza Shotengai (谷中銀座商店街),Shopping Mall,Train Station,Inokashira Line Shibuya Station (IN01) (京王井の頭線 渋谷駅),Rail Station,1,12,14,Saturday
2353,Train Station,Inokashira Line Shibuya Station (IN01) (京王井の頭線 渋谷駅),Rail Station,Bar,宵の空,Bar,3,10,11,Wednesday
2354,Ramen /  Noodle House,Komoro Soba (小諸そば),Soba Restaurant,Electronics Store,Yodobashi-Akiba (ヨドバシカメラ マルチメディアAkiba),Electronics Store,4,10,11,Thursday
2355,Train Station,,,Art Gallery,ARTJEUNESS (アールジュネス秋葉原),Framing Store,2,1,3,Saturday
2356,Electronics Store,Bic Camera (ビックカメラ 有楽町店),Home Appliance Store,Miscellaneous Shop,Loft (有楽町ロフト),Grocery Store,3,11,11,Monday
2357,Bar,ちゃい九炉水道橋西口店,Sake Bar,Travel & Transport,三崎町MKビル,Office Building,2,9,11,Tuesday
2358,Train Station,Tokyo Teleport Station (R04) (東京テレポート駅),Rail Station,Subway,Oedo Line Shinjuku Station (E27) (都営大江戸線 新宿駅),Metro Station,3,10,11,Saturday
2359,Building,Sunshine City (サンシャインシティ),Shopping Mall,Plaza,Sunshine City Fountain Plaza (サンシャインシティ噴水広場),Plaza,2,3,4,Friday
2360,Subway,Hibiya Line Akihabara Station (H16) (日比谷線 秋葉原駅),Metro Station,Fast Food Restaurant,McDonald's (マクドナルド),Fast Food Restaurant,1,6,6,Friday
2361,Bar,海族水天宮前店,Sake Bar,Italian Restaurant,Il Mare Blu (イル・マーレ ブルー),Italian Restaurant,4,2,2,Thursday
2362,Plaza,Hachiko Square (ハチ公前広場),Plaza,Arcade,Adores Shibuya (アドアーズ 渋谷店),Arcade,2,7,8,Tuesday
2363,Music Venue,MOSAiC,Rock Club,Asian Restaurant,Magic Spice (マジックスパイス),Japanese Curry Restaurant,3,8,8,Saturday
2364,Bar,SMOKE-BAR&GRILL,Yoshoku Restaurant,Movie Theater,Shinjuku Piccadilly (新宿ピカデリー),Movie Theater,4,3,5,Friday
2365,Gift Shop,Kiddy Land (キデイランド),Retail,Subway,Suehirocho Station (G14) (末広町駅),Metro Station,4,6,7,Monday
2366,Building,川崎市交通局菅生営業所,Transportation Service,Train Station,Mizonokuchi Station (溝の口駅),Rail Station,3,4,4,Monday
2367,Train Station,Tama-plaza Station (DT15) (たまプラーザ駅),Rail Station,Train Station,Tama-plaza Station (DT15) (たまプラーザ駅),Rail Station,2,9,9,Saturday
2368,Mall,Lumine Est (ルミネエスト新宿),Shopping Mall,Electronics Store,Yamada Denki (ヤマダ電機 LABI新宿東口館),Electronics Store,1,6,7,Sunday
2369,Train Station,Hamamatsucho Station (浜松町駅),Rail Station,Convenience Store,Natural Lawson (ナチュラルローソン 新橋六丁目店),Convenience Store,1,10,10,Tuesday
2370,Subway,Nagatacho Station (永田町駅),Rail Station,Convenience Store,7-Eleven (セブンイレブン 新木場1丁目店),Convenience Store,2,5,5,Thursday
2371,Mall,Football Avenue (サッカー通り),Road,Subway,Yurakucho Line Yurakucho Station (Y18) (有楽町線 有楽町駅),Metro Station,4,3,4,Tuesday
2372,Airport,Terminal 1 (第1ターミナル),Airport Terminal,Movie Theater,United Cinemas (ユナイテッド・シネマ豊洲),Movie Theater,4,10,11,Friday
2373,Furniture / Home Store,Super VIVA HOME (スーパービバホーム 豊洲店),Professional Cleaning Service,Department Store,AEON (イオン 東雲店),Pet Grooming Service,4,0,2,Saturday
2374,Convenience Store,7-Eleven (セブンイレブン 葛飾堀切1丁目店),Convenience Store,Bridge,春江橋,Bridge,4,9,10,Saturday
2375,BBQ Joint,カルネステーション 浅草店,BBQ Joint,Electronics Store,Apple Ginza (Apple 銀座),Landmarks and Outdoors,2,6,7,Sunday
2376,Hobby Shop,animate (アニメイト),Comic Book Store,Subway,Higashi-ikebukuro Station (Y10) (東池袋駅),Metro Station,4,8,8,Tuesday
2377,Convenience Store,ローソン,Convenience Store,Subway,Yurakucho Line Ikebukuro Station (Y09) (有楽町線 池袋駅),Metro Station,3,7,8,Friday
2378,Office,チャンプ事務局,Office,Bridge,ガス橋,Landmarks and Outdoors,4,0,2,Saturday
2379,Office,チャンプ事務局,Office,Athletic & Sport,多摩川緑地サッカー場,Soccer Field,1,0,2,Saturday
2380,Concert Hall,TOKYO FM Hall (TOKYO・FM),Concert Hall,Subway,Ogawamachi Station (S07) (小川町駅),Rail Station,4,10,12,Tuesday
2381,Vegetarian / Vegan Restaurant,BiO cafe,Café,Japanese Restaurant,新和食 るちあ,Japanese Restaurant,2,2,3,Saturday
2382,Indian Restaurant,CoCo Ichibanya (CoCo壱番屋),Restaurant,Train Station,Meguro Station (目黒駅),Rail Station,1,3,4,Wednesday
2383,Shrine,金刀比羅宮,Shrine,Subway,Akasaka-mitsuke Station (赤坂見附駅),Metro Station,2,6,7,Thursday
2384,Fast Food Restaurant,McDonald's (マクドナルド),Burger Joint,Miscellaneous Shop,ドン・キホーテ 五日市街道小金井公園店,Discount Store,2,11,12,Monday
2385,University,法政大学部室棟,College and University,College Academic Building,法政大学東館,College Science Building,1,1,2,Thursday
2386,Electronics Store,Bic Camera (ビックカメラ),Electronics Store,Hobby Shop,Hands (ハンズ),Furniture and Home Store,2,7,8,Saturday
2387,Airport,Terminal 2 (第2ターミナル),Airport Terminal,Airport,,,2,3,4,Friday
2388,Bar,Studio Cube 326,Night Club,Train Station,Ikuta Station (OH20) (生田駅),Rail Station,4,3,4,Saturday
2389,Train Station,Shin-Yurigaoka Station (OH23) (新百合ヶ丘駅),Rail Station,Coffee Shop,焙煎珈琲SEN,Café,3,9,10,Monday
2390,Convenience Store,Natural Lawson (ナチュラルローソン 日比谷メトロピア店),Convenience Store,Subway,Higashi-ginza Station (東銀座駅),Metro Station,2,9,10,Thursday
2391,Electronics Store,Bic Camera (ビックカメラ 池袋本店),Home Appliance Store,Bookstore,Junkudo (ジュンク堂書店),Bookstore,2,8,8,Tuesday
2392,Subway,Hibiya Line Hatchobori Station (H12) (日比谷線 八丁堀駅),Metro Station,Japanese Restaurant,Kinharu (きんはる),Japanese Restaurant,2,3,4,Wednesday
2393,Subway,Kayabacho Station (茅場町駅),Rail Station,Electronics Store,Yodobashi-Akiba (ヨドバシカメラ マルチメディアAkiba),Electronics Store,4,9,10,Thursday
2394,Electronics Store,Bic Camera (ビックカメラ),Electronics Store,Building,Sunshine City (サンシャインシティ),Shopping Mall,3,6,7,Saturday
2395,Electronics Store,Bic Camera (ビックカメラ),Electronics Store,Hobby Shop,animate (アニメイト),Hobby Store,1,5,7,Sunday
2396,Diner,Lunch House Mitoya (ランチハウス ミトヤ),Yoshoku Restaurant,Park,Ikebukuro Nishiguchi Park (池袋西口公園),Park,4,4,4,Saturday
2397,Subway,Honjo-azumabashi Station (A19) (本所吾妻橋駅),Metro Station,Subway,Ginza Line Kanda Station (G13) (銀座線 神田駅),Metro Station,4,11,12,Sunday
2398,Mall,Yanaka Ginza Shotengai (谷中銀座商店街),Shopping Mall,Subway,Sendagi Station (C15) (千駄木駅),Rail Station,3,9,10,Sunday
2399,Subway,Chiyoda Line Kita-senju Station (C18) (千代田線 北千住駅),Metro Station,Bus Station,,,3,5,5,Saturday
2400,Department Store,Seibu-Shinjuku PePe (西武新宿ペペ),Shopping Mall,Restaurant,Bikkuri Donkey (びっくりドンキー),Japanese Family Restaurant,4,9,11,Wednesday
2401,Bookstore,Mandarake (まんだらけ),Comic Book Store,Art Gallery,Nakano Ropeway (中野ロープウェイ),Miscellaneous Store,1,7,8,Thursday
2402,Convenience Store,Lawson (ローソン 川口青木三丁目店),Convenience Store,Medical Center,埼玉県済生会川口総合病院,Hospital,4,22,23,Monday
2403,Other Great Outdoors,,,Subway,Hibiya Line Akihabara Station (H16) (日比谷線 秋葉原駅),Metro Station,3,3,4,Saturday
2404,Outdoors & Recreation,,,Bridge,大丸跨線橋,Bridge,1,1,2,Wednesday
2405,Other Great Outdoors,,,Bridge,大丸跨線橋,Bridge,3,7,7,Sunday
2406,Sushi Restaurant,築地すし源本店 (すし源本店),Sushi Restaurant,Diner,The Granvania (ザ・グランヴァニア),Restaurant,1,12,14,Friday
2407,Coffee Shop,Starbucks (スターバックス),Coffee Shop,Chinese Restaurant,Gansen (雁川),Chinese Restaurant,2,7,9,Tuesday
2408,Home (private),傲慢ちゃんのおまた,,Fried Chicken Joint,大分中津からあげ専門店吉吾駒込店,Fried Chicken Joint,3,10,11,Tuesday
2409,Fried Chicken Joint,大分中津からあげ専門店吉吾駒込店,Fried Chicken Joint,Bowling Alley,Round1 (ラウンドワン 池袋店),Arcade,3,10,11,Friday
2410,Subway,Hanzomon Line Nagatacho Station (Z04) (半蔵門線 永田町駅),Metro Station,Subway,Shirokane-takanawa Station (白金高輪駅),Metro Station,4,3,3,Saturday
2411,Subway,Shirokane-takanawa Station (白金高輪駅),Metro Station,Government Building,清正公前交番,Police Station,3,3,4,Saturday
2412,Ramen /  Noodle House,乙麺造場,Ramen Restaurant,Road,Kumanocho JCT (熊野町JCT),Travel and Transportation,3,4,5,Saturday
2413,Ramen /  Noodle House,乙麺造場,Ramen Restaurant,Mall,Don Quijote (ドン・キホーテ 北池袋店),Discount Store,2,4,5,Saturday
2414,Food & Drink Shop,Nissin World Delicatessen (日進ワールドデリカテッセン),Grocery Store,Coffee Shop,Starbucks,Coffee Shop,3,7,9,Sunday
2415,Park,Yoyogi Park (代々木公園),Park,Dumpling Restaurant,Harajuku Gyoza Lou (原宿餃子楼),Chinese Restaurant,2,11,12,Thursday
2416,Clothing Store,ZENMALL International Gallery (ゼンモール),Clothing Store,Miscellaneous Shop,ハロー!プロジェクト オフィシャルショップ 渋谷109-2店,Miscellaneous Store,2,6,8,Wednesday
2417,Government Building,Tokyo Metropolitan Government Building (東京都庁),Government Building,Department Store,Odakyu Department Store (小田急百貨店 新宿店),Department Store,2,9,11,Monday
2418,Ramen /  Noodle House,油そば総本店,Ramen Restaurant,Video Store,新宿TSUTAYA,Video Store,2,12,12,Sunday
2419,Event Space,レインボータウンFM 木場スタジオ,Radio Station,Mall,Ito Yokado (イトーヨーカドー 木場店),Grocery Store,1,8,10,Saturday
2420,Gym / Fitness Center,中原ゴルフガーデン,Golf Driving Range,Music Venue,スミノ楽器店,Music Store,4,3,3,Sunday
2421,Food & Drink Shop,食卓生活館 ウィズ 高田店,Supermarket,Food & Drink Shop,マルエツ,Grocery Store,1,6,7,Tuesday
2422,Train Station,Keikyū Kamata Station (KK11) (京急蒲田駅),Rail Station,Arcade,Silk Hat (シルクハット),Arcade,3,7,7,Wednesday
2423,Train Station,Keikyū Kamata Station (KK11) (京急蒲田駅),Rail Station,Park,大師公園,Park,1,7,7,Thursday
2424,Train Station,Shin-Ōkubo Station (新大久保駅),Rail Station,Korean Restaurant,ハンヤン,Korean Restaurant,1,10,10,Thursday
2425,Electronics Store,Bic Camera (ビックカメラ 池袋本店),Home Appliance Store,Japanese Restaurant,Matsuya (松屋 赤羽店),Restaurant,3,10,11,Wednesday
2426,Electronics Store,Dospara (ドスパラ 秋葉原別館),Electronics Store,Electronics Store,JAN-GLE 3号店,Electronics Store,3,9,9,Sunday
2427,Bank,Sumitomo Mitsui Banking (三井住友銀行 浦和支店),Bank,Laundry Service,つるやクリーニング本店,Professional Cleaning Service,3,5,6,Monday
2428,Train Station,,,Hotel,Shinagawa Prince Hotel (品川プリンスホテル),Hotel,1,2,4,Saturday
2429,Ramen /  Noodle House,万世麺店 池袋サンシャイン店,Noodle Restaurant,Bowling Alley,スポルト池袋,Arcade,1,6,7,Sunday
2430,Train Station,Ueno Station (上野駅),Rail Station,Department Store,Marui (上野マルイ),Department Store,3,10,11,Tuesday
2431,Train Station,Ueno Station (上野駅),Rail Station,Train Station,Akihabara Station (秋葉原駅),Hospital,4,6,7,Saturday
2432,Park,,,Park,It's a Small World (イッツ・ア・スモールワールド),Amusement Park,4,3,4,Wednesday
2433,Park,,,Mexican Restaurant,Miguel's El Dorado Cantina (ミゲルズ・エルドラド・キャンティーナ),Café,2,3,5,Wednesday
2434,Professional & Other Places,,,Train Station,Kyodo Station (OH11) (経堂駅),Rail Station,3,10,12,Saturday
2435,Café,Doutor Coffee Shop (ドトールコーヒーショップ),Café,Office,アカリ,Office,2,2,3,Monday
2436,Dumpling Restaurant,Shokujin Gyozao (食神 餃子王),Chinese Restaurant,Military Base,,,4,13,14,Thursday
2437,Diner,東京チカラめし 国領店,Diner,Train Station,Shibasaki Station (KO15) (柴崎駅),Rail Station,2,6,7,Saturday
2438,Bar,HUB,Pub,Fast Food Restaurant,McDonald's (マクドナルド),Burger Joint,3,11,12,Saturday
2439,Arcade,Tokyo Leisure Land (東京レジャーランド 秋葉原店),Arcade,Toy / Game Store,Craftsmanship Kotobukiya (コトブキヤ 秋葉原館),Toy Store,3,6,8,Friday
2440,Subway,Hanzomon Line Nagatacho Station (Z04) (半蔵門線 永田町駅),Metro Station,Road,新宿柳通り,Road,3,8,9,Thursday
2441,Subway,,,Video Store,新宿TSUTAYA,Video Store,1,8,9,Friday
2442,Train Station,Niiza Station (新座駅),Rail Station,Train Station,Niiza Station (新座駅),Rail Station,2,5,6,Saturday
2443,Arcade,プロジェクトA池袋店,Arcade,Arcade,ディルレイ ひばりヶ丘北口店,Arcade,4,10,11,Friday
2444,Subway,Omote-sando Station (表参道駅),Rail Station,Mall,Omotesando Hills (表参道ヒルズ),Shopping Mall,4,11,11,Tuesday
2445,Subway,Omote-sando Station (表参道駅),Rail Station,Train Station,Chiyoda Line Meiji-jingumae 'Harajuku' Station (C03) (千代田線 明治神宮前<原宿>駅),Metro Station,4,11,12,Tuesday
2446,Subway,Asakusa Line Kuramae Station (A17) (都営浅草線 蔵前駅),Metro Station,Convenience Store,サンクス西神田三丁目店,Convenience Store,1,21,23,Wednesday
2447,Convenience Store,Lawson (ローソン 元浅草三丁目店),Convenience Store,Convention Center,East Exhibition Hall (東展示棟),Convention Center,1,3,5,Wednesday
2448,Bookstore,Mandarake Complex (まんだらけ コンプレックス),Retail,Electronics Store,Sofmap Akiba 1st Store (ソフマップAKIBA 1号店 サブカル・モバイル館),Retail,3,10,10,Wednesday
2449,Electronics Store,Sofmap Akiba 1st Store (ソフマップAKIBA 1号店 サブカル・モバイル館),Retail,Hobby Shop,GANKING 秋葉原店,Hobby Store,4,10,11,Monday
2450,Train Station,East Exit (池袋駅 東口),Hospital,Art Gallery,ノイタミナSHOP,Art Gallery,1,4,5,Saturday
2451,Subway,Ginza Line Asakusa Station (G19) (銀座線 浅草駅),Metro Station,Mall,Nakamise Shopping Street (仲見世商店街),Shopping Plaza,3,2,3,Sunday
2452,Convention Center,Tokyo Big Sight (東京ビッグサイト (東京国際展示場)),Italian Restaurant,Gift Shop,Precure Pretty Store (プリキュア プリティストア),Hobby Store,4,4,6,Saturday
2453,Light Rail,Tokyo Big Sight Station (U11) (東京ビッグサイト駅),Rail Station,Restaurant,Yanbaru (やんばる),Bar,2,7,8,Sunday
2454,College Academic Building,日本大学理工学部駿河台校舎 8号館,College Academic Building,Bar,KARATEZ (カラオケの鉄人 歌舞伎町一番街店),Karaoke Box,3,4,5,Tuesday
2455,Food & Drink Shop,Inageya (いなげや 調布仙川店),Candy Store,Furniture / Home Store,島忠ホームズ 仙川店,Furniture and Home Store,1,4,6,Wednesday
2456,Light Rail,Tokyo International Cruise Terminal Station (U08) (東京国際クルーズターミナル駅),Rail Station,Plaza,汐留シオサイト 地下歩道,Plaza,1,8,10,Wednesday
2457,Subway,Nishi-ojima Station (S14) (西大島駅),Rail Station,Electronics Store,Apple Ginza (Apple 銀座),Landmarks and Outdoors,3,0,1,Tuesday
2458,Subway,Tatsumi Station (Y23) (辰巳駅),Rail Station,Department Store,Seibu (西武池袋本店),Department Store,3,8,9,Sunday
2459,Train Station,Musashi-Urawa Station (武蔵浦和駅),Rail Station,Train Station,Musashi-Urawa Station (武蔵浦和駅),Rail Station,1,8,10,Saturday
2460,Road,,,Travel & Transport,,,2,8,8,Monday
2461,Park,大井水神公園,Park,Convenience Store,ローソン,Convenience Store,4,8,9,Saturday
2462,Electronics Store,Yodobashi-Akiba (ヨドバシカメラ マルチメディアAkiba),Electronics Store,Bar,HUB,Pub,2,5,5,Monday
2463,Post Office,Koto Eitai Post Office (江東永代郵便局),Post Office,Japanese Restaurant,一人しゃぶしゃぶ 信州屋,Japanese Restaurant,3,3,4,Monday
2464,University,Hosei University (法政大学 市ケ谷キャンパス),University,Subway,Kudanshita Station (九段下駅),Rail Station,2,6,7,Friday
2465,Convenience Store,7-Eleven (セブンイレブン),Convenience Store,Arts & Crafts Store,Hands (ハンズ),Furniture and Home Store,1,6,7,Saturday
2466,Mall,Ario (アリオ西新井),"Cafe, Coffee, and Tea House",Mall,Ario (アリオ西新井),"Cafe, Coffee, and Tea House",3,10,11,Friday
2467,Medical Center,Tokyo Women's Medical University Medical Center East (東京女子医科大学 東医療センター),Hospital,Video Store,ゲオ町屋店,Video Store,4,10,11,Tuesday
2468,Mobile Phone Shop,ドコモショップ 新宿東口店,Mobile Company,Train Station,Togoshi-ginza Station (IK03) (戸越銀座駅),Rail Station,1,10,10,Thursday
2469,Sandwich Place,サブウェイ 四谷店,Sandwich Spot,Government Building,Tokyo Family Court (東京家庭裁判所),Courthouse,1,2,4,Thursday
2470,Toy / Game Store,,,Chinese Restaurant,萬里本店,Chinese Restaurant,4,2,3,Tuesday
2471,Electronics Store,BICQLO (ビックロ),Electronics Store,Government Building,Tokyo Skytree (東京スカイツリー),Monument,4,2,3,Tuesday
2472,Subway,Hibiya Line Roppongi Station (H04) (日比谷線 六本木駅),Metro Station,Office,Midtown Tower (ミッドタウン・タワー),Business Center,2,9,10,Friday
2473,Mall,Northport Mall (ノースポート・モール),Shopping Mall,Subway,Center Kita Station (センター北駅),Rail Station,3,2,4,Saturday
2474,Food & Drink Shop,Ito Yokado (イトーヨーカドー 浦和店),Grocery Store,Train Station,Urawa Station (浦和駅),Rail Station,4,8,9,Saturday
2475,Bookstore,Mandarake Complex (まんだらけ コンプレックス),Retail,Arcade,Tokyo Leisure Land (東京レジャーランド 秋葉原2号店),Arcade,4,6,7,Sunday
2476,University,西8号館,College Academic Building,Post Office,郵便局,Post Office,3,0,1,Saturday
2477,Fast Food Restaurant,McDonald's (マクドナルド),Burger Joint,Dumpling Restaurant,Shokujin Gyozao (食神 餃子王),Chinese Restaurant,4,7,9,Thursday
2478,Subway,Korakuen Station (後楽園駅),Rail Station,Bar,Afilia Sherry's (アフィリア・シェリーズ),Cocktail Bar,4,9,11,Friday
2479,Subway,Korakuen Station (後楽園駅),Rail Station,Subway,Shiodome Station (汐留駅),Rail Station,2,2,2,Sunday
2480,Art Museum,Ueno Royal Museum (上野の森美術館),Art Museum,Fast Food Restaurant,McDonald's (マクドナルド),Burger Joint,1,5,6,Saturday
2481,Mall,Ameya Yokocho (アメヤ横丁),Shopping Mall,Fast Food Restaurant,McDonald's (マクドナルド),Burger Joint,1,5,6,Saturday
2482,Train Station,Meidaimae Station (KO06/IN08) (明大前駅),Rail Station,Convention Center,Central Building (センター棟),Convention Center,1,9,9,Friday
2483,Train Station,Meidaimae Station (KO06/IN08) (明大前駅),Rail Station,Train Station,Fujimigaoka Station (IN13) (富士見ヶ丘駅),Rail Station,1,7,8,Friday
2484,Arcade,Tokyo Leisure Land (東京レジャーランド 秋葉原店),Arcade,Electronics Store,アキバ特区,Electronics Store,4,6,7,Sunday
2485,Concert Hall,Astro Hall (原宿アストロホール),Rock Club,Subway,Meiji-jingumae 'Harajuku' Station (明治神宮前 駅),Metro Station,3,4,5,Saturday
2486,Subway,Akasaka-mitsuke Station (赤坂見附駅),Metro Station,Convenience Store,7-Eleven (セブンイレブン 川崎今井仲町店),Convenience Store,3,10,11,Thursday
2487,Subway,,,Furniture / Home Store,GINZA Francfranc,Furniture and Home Store,2,9,11,Tuesday
2488,Airport,Terminal 1 (第1ターミナル),Airport Terminal,Japanese Restaurant,Katsuya (かつや),Tonkatsu Restaurant,2,10,11,Friday
2489,Airport,Terminal 1 (第1ターミナル),Airport Terminal,Train Station,,,4,10,12,Friday
2490,Chinese Restaurant,Osaka Ohsho (大阪王将),Chinese Restaurant,Stadium,Nippon Budokan (日本武道館),Stadium,3,7,7,Tuesday
2491,Café,Caffe Veloce (カフェ・ベローチェ),Coffee Shop,Hobby Shop,Akihabara Gamers (AKIHABARAゲーマーズ),Hobby Store,3,10,11,Sunday
2492,Building,大豊建設,Construction,Restaurant,Kitchen ABC (キッチンABC),Yoshoku Restaurant,1,0,2,Wednesday
2493,Park,Horin Park (芳林公園),Park,Electronics Store,Yodobashi-Akiba (ヨドバシカメラ マルチメディアAkiba),Electronics Store,4,2,3,Friday
2494,Bank,SMBC (三井住友銀行 人形町支店),Bank,Bank,SMBC (三井住友銀行 人形町支店),Bank,4,4,5,Friday
2495,Indian Restaurant,バルチックカレー久松町店,Indian Restaurant,Convenience Store,7-Eleven (セブンイレブン 東日本橋3丁目店),Convenience Store,1,12,12,Wednesday
2496,Bowling Alley,Round1 (ラウンドワン 池袋店),Arcade,Arcade,プロジェクトA池袋店,Arcade,4,8,9,Saturday
2497,Park,Akihabara Park (秋葉原公園),Park,Arcade,Hey - Hirose Entertainment Yard (Hey ヒロセエンターテイメントヤード),Arcade,4,11,11,Saturday
2498,Convenience Store,セブン-イレブン,Convenience Store,Hobby Shop,Gamers (ゲーマーズ),Hobby Store,2,7,7,Wednesday
2499,Electronics Store,Bic Camera (ビックカメラ 池袋本店),Home Appliance Store,Café,王立アフィリア魔法学院,Café,3,6,8,Wednesday
2500,Stadium,Yoyogi 1st Gymnasium (国立代々木競技場 第一体育館),Stadium,Subway,Meiji-jingumae 'Harajuku' Station (明治神宮前 駅),Metro Station,4,8,9,Thursday
2501,Concert Hall,Astro Hall (原宿アストロホール),Rock Club,Ramen /  Noodle House,モッコリ豚,Ramen Restaurant,2,9,10,Saturday
2502,Clothing Store,東京靴流通センター 上石神井店,Shoe Store,Train Station,Ōizumi-gakuen Station (SI11) (大泉学園駅),Rail Station,3,2,2,Monday
2503,Coffee Shop,Ueshima Coffee House (上島珈琲店),Coffee Shop,Movie Theater,Shin-Bungeiza (新文芸坐),Movie Theater,1,6,8,Tuesday
2504,Arcade,Hey - Hirose Entertainment Yard (Hey ヒロセエンターテイメントヤード),Arcade,Mobile Phone Shop,テルルモバイル NEO秋葉原店,Mobile Phone Store,2,6,7,Sunday
2505,Mobile Phone Shop,テルルモバイル NEO秋葉原店,Mobile Phone Store,Electronics Store,Yodobashi-Akiba (ヨドバシカメラ マルチメディアAkiba),Electronics Store,2,7,7,Sunday
2506,Electronics Store,BICQLO (ビックロ),Electronics Store,Plaza,SL Plaza (SL広場),Plaza,3,7,8,Friday
2507,Arcade,Taito Station (タイトーステーション 新宿南口ゲームワールド店),Arcade,Café,GRILL&SWEETS CAFE SQUALL,Café,1,10,12,Sunday
2508,Hobby Shop,animate (アニメイト),Retail,Fast Food Restaurant,McDonald's (マクドナルド),Burger Joint,2,2,3,Tuesday
2509,Office,Yodobashi Assembly Center (YAC) (ヨドバシカメラ アッセンブリーセンター川崎),Warehouse,Bus Station,川崎駅東口バスターミナル,Bus Station,4,11,11,Sunday
2510,University,,,Bookstore,Sanseido Bookstore (三省堂書店 新宿店),Bookstore,4,7,9,Friday
2511,Arcade,Game Center Mikado (高田馬場ゲーセン ミカド),Arcade,Event Space,Koganei Miyajigakki Hall (小金井 宮地楽器ホール),Event Space,4,9,10,Thursday
2512,Record Shop,TOWER RECORDS,Retail,Office,東急桜丘町ビル,Office Building,1,8,9,Saturday
2513,Subway,Kyobashi Station (G10) (京橋駅),Rail Station,Miscellaneous Shop,ハロー!プロジェクト オフィシャルショップ 渋谷109-2店,Miscellaneous Store,2,7,8,Saturday
2514,Mall,Ario (アリオ亀有),Shopping Mall,Fast Food Restaurant,McDonald's (マクドナルド),Burger Joint,4,10,11,Thursday
2515,Plaza,汐留シオサイト 地下歩道,Plaza,Light Rail,Tokyo Big Sight Station (U11) (東京ビッグサイト駅),Rail Station,1,22,23,Saturday
2516,Temple,東禅寺,Temple,Bar,Asahi (あさひ),Sake Bar,4,8,9,Saturday
2517,Arcade,タイトーステーション 溝の口店,Arcade,Train Station,Musashi-Mizonokuchi Station (武蔵溝ノ口駅),Rail Station,3,8,8,Tuesday
2518,Mall,DiverCity Tokyo Plaza (ダイバーシティ東京 プラザ),Shopping Mall,Electronics Store,Bic Camera (ビックカメラ),Electronics Store,2,9,10,Tuesday
2519,Electronics Store,Bic Camera (ビックカメラ),Electronics Store,Electronics Store,Bic Camera (ビックカメラ),Electronics Store,2,3,3,Saturday
2520,Electronics Store,Yodobashi-Akiba (ヨドバシカメラ マルチメディアAkiba),Electronics Store,Hobby Shop,ソフマップ AKIBA2号店 パソコン総合館,Electronics Store,1,6,8,Saturday
2521,Bar,OAK BAR,Cocktail Bar,Subway,Akasaka-mitsuke Station (赤坂見附駅),Metro Station,1,13,14,Wednesday
2522,Video Store,新宿TSUTAYA,Video Store,Train Station,JR New South Gate (JR 新南改札),Rail Station,2,7,7,Monday
2523,Train Station,Gotanda Station (五反田駅),Rail Station,Bar,Abbot's Choice (アボットチョイス),Beer Bar,4,12,13,Thursday
2524,Sandwich Place,サブウェイ 銀座松屋通り店,Sandwich Spot,Train Station,Yaesu South Exit (八重洲南口),Rail Station,4,5,6,Thursday
2525,Bar,d collection,Bar,Chinese Restaurant,谷記錦糸町南口店,Chinese Restaurant,3,17,19,Wednesday
2526,Parking,Akihabara UDX Parking (秋葉原UDXパーキング),Parking,General Entertainment,AKIHABARA Backstage Pass (AKIHABARAバックステージpass),Café,4,11,12,Monday
2527,Bar,Afilia Sherry's (アフィリア・シェリーズ),Cocktail Bar,Bookstore,K-BOOKS,Bookstore,1,8,9,Saturday
2528,Drugstore / Pharmacy,Fit Care DEPOT 初山店,Drugstore,Movie Theater,F Theater (Fシアター),Movie Theater,1,5,6,Sunday
2529,College Academic Building,6号館,College Science Building,Convention Center,Glass Building (ガラス棟),Convention Center,4,3,4,Tuesday
2530,Mall,Tokyo Midtown (東京ミッドタウン),Retail,Ramen /  Noodle House,Menya Musashi Kosho (麺屋武蔵 虎嘯),Ramen Restaurant,1,6,6,Saturday
2531,Subway,Roppongi Station (六本木駅),Metro Station,Ramen /  Noodle House,Menya Musashi Kosho (麺屋武蔵 虎嘯),Ramen Restaurant,2,6,6,Saturday
2532,Ramen /  Noodle House,Komoro Soba (小諸そば),Soba Restaurant,Smoke Shop,,,2,8,10,Tuesday
2533,Office,Akihabara UDX (秋葉原UDX),Business Center,Hobby Shop,animate (アニメイト),Retail,4,7,9,Tuesday
2534,Hobby Shop,Hobbyland Pochi (ホビーランドぽち 新宿店),Retail,Furniture / Home Store,Francfranc 新宿サザンテラス店,Furniture and Home Store,2,9,10,Saturday
2535,Mall,Nakano Broadway (中野ブロードウェイ),Shopping Plaza,Hobby Shop,Hobbyland Pochi (ホビーランドぽち 新宿店),Retail,2,8,9,Saturday
2536,Light Rail,,,Light Rail,Yamashita Station (SG08) (山下駅),Rail Station,3,5,7,Friday
2537,Food & Drink Shop,Seiyu (西友 三軒茶屋店),Grocery Store,Train Station,Keio Shimo-takaido Station (KO07) (京王 下高井戸駅),Rail Station,3,9,11,Tuesday
2538,Electronics Store,Yodobashi-Akiba (ヨドバシカメラ マルチメディアAkiba),Electronics Store,Other Nightlife,,,2,6,7,Sunday
2539,Electronics Store,Yodobashi-Akiba (ヨドバシカメラ マルチメディアAkiba),Electronics Store,Office,Akihabara UDX (秋葉原UDX),Business Center,4,6,6,Tuesday
2540,Bank,スルガ銀行渋谷支店,Bank,Music Venue,O−EAST,Music Venue,3,6,6,Sunday
2541,Mall,Aqua City Odaiba (アクアシティお台場),Shopping Mall,Office,,,1,7,8,Saturday
2542,Plaza,Akihabara Pedestrian Paradise (秋葉原 歩行者天国),Landmarks and Outdoors,Toy / Game Store,Pop Life Department M's (大人のデパート エムズ),Adult Store,1,7,8,Sunday
2543,Hobby Shop,animate (アニメイト),Retail,Ramen /  Noodle House,刀削麺荘唐家,Szechuan Restaurant,1,4,5,Monday
2544,Road,Kasumigaseki Exit (霞が関出入口),Toll Booth,Train Station,Oshiage Station 'SKYTREE' (押上 駅),Rail Station,4,0,1,Friday
2545,Subway,Omote-sando Station (表参道駅),Rail Station,Mall,Tokyo Solamachi (東京ソラマチ),Shopping Mall,2,6,6,Monday
2546,Arcade,Tokyo Leisure Land (東京レジャーランド 秋葉原2号店),Arcade,Office,Akihabara UDX (秋葉原UDX),Business Center,1,5,7,Sunday
2547,Arcade,Tokyo Leisure Land (東京レジャーランド 秋葉原2号店),Arcade,Coffee Shop,Tully's Coffee,Coffee Shop,4,4,6,Saturday
2548,Department Store,Mitsukoshi (日本橋三越本店),Department Store,Subway,Akasaka-mitsuke Station (赤坂見附駅),Metro Station,3,8,9,Tuesday
2549,Medical Center,University of Tokyo Hospital (東京大学医学部附属病院),Hospital,University,University of Tokyo Hongo Campus (東京大学 本郷キャンパス),College and University,2,7,8,Friday
2550,Mall,DiverCity Tokyo Plaza (ダイバーシティ東京 プラザ),Shopping Mall,Electronics Store,Yodobashi Camera Multimedia Pavilion (ヨドバシカメラ マルチメディア館),Home Appliance Store,3,5,6,Saturday
2551,Mall,DiverCity Tokyo Plaza (ダイバーシティ東京 プラザ),Shopping Mall,Bookstore,COMIC ZIN,Comic Book Store,4,5,7,Saturday
2552,Restaurant,ライブレストラン青山,Restaurant,Moroccan Restaurant,モロッコ タジンや,Mediterranean Restaurant,1,4,4,Wednesday
2553,Subway,,,Restaurant,ライブレストラン青山,Restaurant,1,4,4,Tuesday
2554,Mall,Ito Yokado (イトーヨーカドー 木場店),Grocery Store,Mall,Ito Yokado (イトーヨーカドー 木場店),Grocery Store,4,11,11,Saturday
2555,Concert Hall,Stellar Ball (品川ステラボール),Concert Hall,Concert Hall,Stellar Ball (品川ステラボール),Concert Hall,1,10,12,Monday
2556,Ramen /  Noodle House,Menya Musashi Bujin (麺屋武蔵 武仁),Ramen Restaurant,Subway,Otemachi Station (大手町駅),Rail Station,2,4,4,Tuesday
2557,Subway,Otemachi Station (大手町駅),Rail Station,College Academic Building,Waseda Univ. 14 Bldg. (14号館),College Academic Building,4,3,4,Tuesday
2558,Mall,DiverCity Tokyo Plaza (ダイバーシティ東京 プラザ),Shopping Mall,Mall,DiverCity Tokyo Plaza (ダイバーシティ東京 プラザ),Shopping Mall,3,11,12,Sunday
2559,Japanese Restaurant,Matsuya (松屋),Restaurant,Clothing Store,UNIQLO (ユニクロ),Clothing Store,4,6,6,Sunday
2560,Chinese Restaurant,陳記,Chinese Restaurant,Chinese Restaurant,陳記,Chinese Restaurant,2,3,3,Thursday
2561,Train Station,新宿駅のちょっと手前,Rail Station,Café,Tas Yard,Café,2,7,8,Saturday
2562,Electronics Store,Yodobashi Camera (ヨドバシカメラ マルチメディア川崎ルフロン),Home Appliance Store,Gas Station / Garage,エネオスDr.Driveセルフ御幸店,Fuel Station,4,7,8,Saturday
2563,Government Building,Prime Minister's Official Residence (首相官邸),Government Department,Hotel,HOTEL MYSTAYS Kamata (ホテルマイステイズ蒲田),Hotel,4,6,7,Sunday
2564,Drugstore / Pharmacy,ハイフキヤドラッグ 高津本店,Pharmacy,Mall,Futako Tamagawa Rise Shopping Center (二子玉川ライズ ショッピングセンター),Shopping Mall,1,7,7,Monday
2565,River,,,Train Station,Futako-tamagawa Station (二子玉川駅),Rail Station,2,7,8,Monday
2566,Mall,マキアージュ 東久留米ショッピングセンタークルネ,Shopping Mall,Furniture / Home Store,ドイト東久留米店,Home Improvement Service,4,9,10,Sunday
2567,Park,Ikebukuro Nishiguchi Park (池袋西口公園),Park,Building,Honda R&D (本田技術研究所),"Shipping, Freight, and Material Transportation Service",4,0,1,Sunday
2568,Japanese Restaurant,とりでん 西武新宿駅前店,Japanese Restaurant,Bar,Sushi Izakaya Alps (すし居酒屋 アルプス),Sake Bar,2,8,10,Sunday
2569,Subway,Hibiya Line Roppongi Station (H04) (日比谷線 六本木駅),Metro Station,Movie Theater,TOHO Cinemas (TOHOシネマズ 六本木ヒルズ),Movie Theater,4,13,13,Saturday
2570,Subway,Sengakuji Station (泉岳寺駅),Rail Station,Temple,Kaminarimon Gate (雷門),Shrine,1,1,2,Sunday
2571,Subway,Sengakuji Station (泉岳寺駅),Rail Station,Mall,Nakamise Shopping Street (仲見世商店街),Shopping Plaza,2,1,2,Sunday
2572,College Academic Building,東9号館 ,College Academic Building,Dumpling Restaurant,Shokujin Gyozao (食神 餃子王),Chinese Restaurant,1,7,9,Monday
2573,Light Rail,調布5号踏切,Rail Station,Department Store,Parco (調布PARCO),Shopping Mall,1,2,3,Sunday
2574,Restaurant,Jonathan's (ジョナサン),Japanese Family Restaurant,Ramen /  Noodle House,Tokyo Mentsudan (東京麺通団),Japanese Curry Restaurant,1,11,12,Thursday
2575,Hobby Shop,Hobbyland Pochi (ホビーランドぽち 新宿店),Retail,Bookstore,Book 1st (ブックファースト),Bookstore,1,9,9,Sunday
2576,Subway,Meiji-jingumae 'Harajuku' Station (明治神宮前 駅),Metro Station,Arcade,Taito Station (タイトーステーション 新宿南口ゲームワールド店),Arcade,2,8,9,Sunday
2577,Subway,Meiji-jingumae 'Harajuku' Station (明治神宮前 駅),Metro Station,Electronics Store,Yodobashi Camera (ヨドバシカメラ 新宿西口本店),Computers and Electronics Retail,1,8,8,Thursday
2578,Train Station,Minami-Senju Station (南千住駅),Rail Station,Trade School,,,1,21,22,Monday
2579,Food & Drink Shop,コーノ 中野店,Grocery Store,Food & Drink Shop,コーノ 中野店,Grocery Store,4,7,7,Wednesday
2580,Subway,Hibiya Line Ebisu Station (H02) (日比谷線 恵比寿駅),Metro Station,Train Station,JR Kamata Station (JR 蒲田駅),Rail Station,2,5,6,Sunday
2581,Miscellaneous Shop,Kura Chika Yoshida,Luggage Store,Furniture / Home Store,The Conran Shop (ザ・コンランショップ),Furniture and Home Store,2,7,7,Sunday
2582,Bookstore,K-BOOKS,Bookstore,Café,AKB48 CAFE & SHOP AKIHABARA,Café,3,9,9,Saturday
2583,Sporting Goods Shop,Victoria (ヴィクトリア 本店),Sporting Goods Retail,Electronics Store,Yodobashi-Akiba (ヨドバシカメラ マルチメディアAkiba),Electronics Store,2,6,7,Sunday
2584,Gift Shop,SKE48 OFFICIAL GOODS SHOP SHIBUYA,Gift Store,Electronics Store,Apple Shibuya (Apple 渋谷),Electronics Store,2,4,6,Sunday
2585,Convenience Store,Lawson (ローソン 三田三丁目店),Convenience Store,Convenience Store,Lawson (ローソン 三田三丁目店),Convenience Store,3,7,7,Tuesday
2586,Electronics Store,Apple Shibuya (Apple 渋谷),Electronics Store,Movie Theater,TOHO Cinemas (TOHOシネマズ 渋谷),Movie Theater,2,1,2,Sunday
2587,Ramen /  Noodle House,Hope-ken Honpo (ホープ軒本舗),Ramen Restaurant,Hobby Shop,Rilakkuma Store (リラックマストア),Hobby Store,2,4,5,Sunday
2588,Office,Akihabara UDX (秋葉原UDX),Business Center,Café,AKB48 CAFE & SHOP AKIHABARA,Café,2,7,8,Saturday
2589,High School,東京科学大学附属科学技術高等学校,High School,College Theater,G-SEC Lab,College Theater,2,8,8,Tuesday
2590,Mall,Northport Mall (ノースポート・モール),Shopping Mall,Mall,Northport Mall (ノースポート・モール),Shopping Mall,3,8,10,Tuesday
2591,Road,,,Home (private),,,2,10,12,Wednesday
2592,Train Station,Musashi-Mizonokuchi Station (武蔵溝ノ口駅),Rail Station,Salon / Barbershop,Luce,Hair Salon,2,3,5,Wednesday
2593,Electronics Store,Yamada Denki LABI (ヤマダデンキ LABI 渋谷),Home Appliance Store,Record Shop,TOWER RECORDS,Retail,3,7,8,Wednesday
2594,Hardware Store,Lemonsha (レモン社 銀座教会店),Camera Store,Coffee Shop,Starbucks (スターバックス),Coffee Shop,4,5,6,Monday
2595,Electronics Store,Yodobashi Camera (ヨドバシカメラ マルチメディア錦糸町),Home Appliance Store,Coffee Shop,Starbucks (スターバックス),Coffee Shop,1,9,10,Sunday
2596,Mall,Roppongi Hills (六本木ヒルズ),Shopping Mall,Mall,Roppongi Hills (六本木ヒルズ),Shopping Mall,4,8,8,Friday
2597,Art Gallery,,,Mall,Shibuya Hikarie (渋谷ヒカリエ),Business Center,3,7,8,Monday
2598,Subway,Asakusa Line Shimbashi Station (A10) (都営浅草線 新橋駅),Metro Station,Government Building,Tokyo Wangan Police Station (東京湾岸警察署),Police Station,1,9,10,Tuesday
2599,Subway,Platform 1 (1番線ホーム),Platform,Fast Food Restaurant,McDonald's (マクドナルド),Burger Joint,3,23,23,Thursday
2600,Subway,Hibiya Station (日比谷駅),Metro Station,Italian Restaurant,Stellato,American Restaurant,3,8,10,Saturday
2601,Food & Drink Shop,Hanamasa (肉のハナマサ),Butcher,Miscellaneous Shop,かなや刷子浅草支店,Miscellaneous Store,2,3,3,Thursday
2602,Bus Station,センター北駅バス停,Bus Stop,Train Station,Musashi-Kosugi Station (武蔵小杉駅),Hair Salon,1,22,0,Sunday
2603,Subway,Center Kita Station (センター北駅),Rail Station,Mall,Yotsubako,Retail,2,21,23,Wednesday
2604,Post Office,郵便局,Post Office,Subway,Kudanshita Station (九段下駅),Rail Station,1,9,11,Wednesday
2605,Convenience Store,7-Eleven (セブンイレブン 北の丸スクエア店),Convenience Store,Subway,Kudanshita Station (九段下駅),Rail Station,3,9,11,Wednesday
2606,Cosmetics Shop,ショップインお茶の水店,Cosmetics Store,Subway,Marunouchi Line Otemachi Station (M18) (丸ノ内線 大手町駅),Metro Station,3,5,5,Saturday
2607,Ramen /  Noodle House,Mouko Tanmen Nakamoto (蒙古タンメン中本),Ramen Restaurant,Embassy / Consulate,Embassy of Papua New Guinea (パプアニューギニア大使館),Embassy or Consulate,4,8,9,Thursday
2608,Food & Drink Shop,Osaki Forest Building Cafeteria (日本総合研究所 社員食堂),Food Court,Dessert Shop,pâtisserie Sadaharu AOKI paris,Pastry Shop,1,7,9,Tuesday
2609,Bus Station,Omori Sta. (East Exit) Bus Stop (大森駅(東口)バス停),Bus Stop,Movie Theater,Toho Cinemas (TOHOシネマズ日劇),Movie Theater,2,6,8,Saturday
2610,Electronics Store,Yodobashi Camera (ヨドバシカメラ マルチメディア新宿東口),Home Appliance Store,Clothing Store,GU,Clothing Store,4,7,8,Sunday
2611,Clothing Store,GU,Clothing Store,Train Station,Nerima Station (練馬駅),Convenience Store,4,7,8,Saturday
2612,Office,KDX豊洲グランスクエア,Office,Subway,Hibiya Station (日比谷駅),Metro Station,4,9,9,Friday
2613,Train Station,Koiwa Station (小岩駅),Rail Station,Subway,Kudanshita Station (九段下駅),Rail Station,2,4,4,Sunday
2614,Subway,Kagurazaka Station (T05) (神楽坂駅),Rail Station,Fast Food Restaurant,Matsuya (松屋),Donburi Restaurant,4,4,6,Wednesday
2615,Park,Shinjuku Chuo Park (新宿中央公園),Playground,Bookstore,Books Kinokuniya (紀伊國屋書店),Bookstore,2,7,8,Sunday
2616,Bookstore,Tsutaya Books (代官山 蔦屋書店),Bookstore,Train Station,Hachiko Exit (渋谷駅 ハチ公口),Travel and Transportation,4,11,11,Thursday
2617,Office,Ikejiri Institute of Design (IID 世田谷ものづくり学校),Coworking Space,Airport,Terminal 3 (第3ターミナル),Airport Terminal,2,13,14,Friday
2618,Government Building,川崎市 川崎区役所 大師支所,City Hall,Train Station,Kojimashinden Station (KK26) (小島新田駅),Rail Station,3,4,6,Monday
2619,Japanese Restaurant,鉄板焼・お好み焼き すずらん,Okonomiyaki Restaurant,Train Station,Daishibashi Station (KK25) (大師橋駅),Rail Station,3,3,3,Thursday
2620,Train Station,Higashi-Nagasaki Station (SI03) (東長崎駅),Rail Station,Drugstore / Pharmacy,Welcia (ウエルシア 豊玉目白通り店),Drugstore,3,7,9,Saturday
2621,Laundry Service,DOMANI,Laundry Service,Food,,,3,8,8,Saturday
2622,Mall,Tokyo Midtown (東京ミッドタウン),Retail,Japanese Restaurant,卯の刻,Bar,3,10,11,Friday
2623,Ferry,Tokyo Cruise Asakusa Terminal (浅草水上バス乗り場),Harbor or Marina,Toy / Game Store,,,4,3,5,Sunday
2624,Japanese Restaurant,Yuyuya (愉々家),Bar,Event Space,Kawasaki City Industrial Promotion Hall (川崎市産業振興会館),Convention Center,4,3,5,Saturday
2625,Mall,,,Mall,,,4,5,5,Tuesday
2626,Record Shop,TOWER RECORDS,Record Store,Plaza,新宿ステーションスクエア,Business and Professional Services,2,9,9,Wednesday
2627,Arcade,Taito Station (タイトーステーション 新宿南口ゲームワールド店),Arcade,Hobby Shop,animate (アニメイト),Hobby Store,2,7,9,Thursday
2628,Train Station,Ōkurayama Station (TY15) (大倉山駅),Rail Station,Bar,焼鳥ムック 大倉山店,Kushikatsu Restaurant,2,10,10,Monday
2629,Hobby Shop,Gamers (ゲーマーズ),Retail,Bar,焼鳥ムック 大倉山店,Kushikatsu Restaurant,2,8,9,Thursday
2630,Ramen /  Noodle House,油そば総本店,Ramen Restaurant,Music Venue,,,3,8,9,Sunday
2631,Parking,Akihabara UDX Parking (秋葉原UDXパーキング),Parking,Subway,Shin-koenji Station (M03) (新高円寺駅),Rail Station,3,10,12,Sunday
2632,Office,"Mitsubishi Research Institute, Inc. HQ (三菱総合研究所)",Office,Building,Otemachi Building (大手町ビル),Shopping Mall,3,3,3,Monday
2633,Subway,Akasaka-mitsuke Station (赤坂見附駅),Metro Station,Subway,Akasaka-mitsuke Station (赤坂見附駅),Metro Station,1,13,14,Sunday
2634,Brewery,Marushige Muyoya (赤坂 まるしげ 夢葉家),Sake Bar,Ramen /  Noodle House,Hide Chan Ramen (秀ちゃんラーメン),Ramen Restaurant,4,9,11,Friday
2635,Food & Drink Shop,AEON (イオン 練馬店),Grocery Store,Record Shop,TOWER RECORDS,Record Store,2,4,5,Monday
2636,Food & Drink Shop,はら酒店,Bar,Gas Station / Garage,Shell (昭和シェル石油セルフのがわ),Fuel Station,2,1,2,Monday
2637,Video Game Store,トイダック新城店,Retail,Food & Drink Shop,クリシマ サンモール店,Grocery Store,3,7,7,Wednesday
2638,Fast Food Restaurant,MOS Burger (モスバーガー),Burger Joint,Hobby Shop,宝さがし,Hobby Store,2,6,6,Saturday
2639,Diner,The Granvania (ザ・グランヴァニア),Restaurant,Subway,Marunouchi Line Shinjuku Station (M08) (丸ノ内線 新宿駅),Metro Station,2,10,12,Saturday
2640,Bookstore,Mandarake Complex (まんだらけ コンプレックス),Retail,Subway,Ichinoe Station (S18) (一之江駅),Rail Station,4,3,5,Wednesday
2641,Subway,Kudanshita Station (九段下駅),Rail Station,Stadium,Nippon Budokan (日本武道館),Stadium,3,5,5,Sunday
2642,Train Station,Tobu Ikebukuro Station (TJ01) (東武 池袋駅),Rail Station,Electronics Store,Yamada Denki LABI 1 (ヤマダデンキ LABI1 LIFE SELECT 池袋),Home Appliance Store,4,9,10,Saturday
2643,Electronics Store,Yodobashi-Akiba (ヨドバシカメラ マルチメディアAkiba),Electronics Store,Train Station,Ōtsuka Station (大塚駅),Rail Station,1,5,6,Friday
2644,Subway,Mita Line Mita Station (I04) (都営三田線 三田駅),Metro Station,Bookstore,あゆみBooks田町店,Bookstore,1,7,8,Monday
2645,Bookstore,Tenichi Books (天一書房),Bookstore,University,Keio University Yagami Campus (慶應義塾大学 矢上キャンパス),College and University,1,5,5,Wednesday
2646,Coffee Shop,,,Arcade,Tokyo Leisure Land (東京レジャーランド 秋葉原2号店),Arcade,3,6,6,Saturday
2647,Building,Shinjuku Nomura Building (新宿野村ビル),Business Center,Record Shop,TOWER RECORDS,Record Store,2,8,9,Sunday
2648,Paper / Office Supplies Store,Itoya (伊東屋 渋谷店),Stationery Store,Subway,Oedo Line Shinjuku Station (E27) (都営大江戸線 新宿駅),Metro Station,3,8,9,Wednesday
2649,Gym / Fitness Center,Sports Club & Spa RENAISSANCE (スポーツクラブ&スパ ルネサンス 経堂),Gym and Studio,Library,世田谷区立中央図書館,Library,3,5,7,Sunday
2650,Electronics Store,Apple Shibuya (Apple 渋谷),Electronics Store,Italian Restaurant,Yomenya Goemon (洋麺屋 五右衛門),Italian Restaurant,2,9,10,Sunday
2651,Japanese Restaurant,Yayoi (やよい軒),Teishoku Restaurant,Bike Shop,サイクルスポット三軒茶屋2号店,Bicycle Store,4,9,10,Sunday
2652,Bookstore,COMIC ZIN,Comic Book Store,Chinese Restaurant,食べ放題 中華料理  唐瓊家 秋葉原店,Chinese Restaurant,1,10,11,Sunday
2653,Automotive Shop,Super Autobacs (スーパーオートバックス 246江田店),Car Parts and Accessories,Medical Center,JINS MEME Flagship Store 原宿,Eyecare Store,4,3,4,Friday
2654,Train Station,Keisei Takasago Station (KS10) (京成高砂駅),Rail Station,Train Station,Gotanda Station (五反田駅),Rail Station,1,1,2,Sunday
2655,Subway,Asakusa Line Mita Station (A08) (都営浅草線 三田駅),Metro Station,Train Station,Keisei Takasago Station (KS10) (京成高砂駅),Rail Station,3,10,11,Tuesday
2656,Bike Shop,サイクルハウスしぶや 二子玉川,Bicycle Store,Furniture / Home Store,MUJI (無印良品),Furniture and Home Store,1,10,11,Sunday
2657,Miscellaneous Shop,Don Quijote (ドン・キホーテ 溝ノ口駅前店),Discount Store,Furniture / Home Store,MUJI (無印良品),Furniture and Home Store,3,9,10,Sunday
2658,Bookstore,ルーエ,Bookstore,Bus Station,Kichijoji Sta. (South Exit) Bus Stop (吉祥寺駅(南口)バス停),Bus Stop,4,10,11,Tuesday
2659,Department Store,,,Bookstore,ルーエ,Bookstore,3,7,8,Thursday
2660,Parking,Haneda Airport Parking (P4) (羽田空港第4駐車場 (P4)),Parking,Airport,Terminal 1 (第1ターミナル),Airport Terminal,4,4,4,Sunday
2661,Nail Salon,マウナケア池袋東口店,Nail Salon,Convenience Store,7-Eleven (セブンイレブン 世田谷桜新町1丁目店),Convenience Store,2,5,6,Sunday
2662,Subway,Namboku Line Ichigaya Station (N09) (南北線 市ケ谷駅),Metro Station,Subway,Omote-sando Station (表参道駅),Rail Station,2,11,12,Wednesday
2663,Subway,,,Ramen /  Noodle House,Ramen Jiro (ラーメン二郎 新橋店),Ramen Restaurant,2,6,6,Friday
2664,Building,Shinjuku Mitsui Building (新宿三井ビルディング),Business Center,Chinese Restaurant,台北夜市,Taiwanese Restaurant,3,4,4,Saturday
2665,Home (private),,,Bus Station,Oji Sta. Bus Stop (王子駅前バス停),Bus Stop,2,9,10,Sunday
2666,Electronics Store,ヤマダデンキ Tecc LIFE SELECT 港北センター店,Home Appliance Store,Electronics Store,ヤマダデンキ Tecc LIFE SELECT 港北センター店,Home Appliance Store,1,7,8,Friday
2667,Food & Drink Shop,食品館あおばセンター 南店,Supermarket,Convenience Store,デイリーヤマザキ,Convenience Store,4,6,7,Sunday
2668,Theater,アトリエ春風舎,Equipment Rental Service,Bar,夢,Bar,4,8,9,Sunday
2669,Subway,Namboku Line Oji Station (N16) (南北線 王子駅),Metro Station,BBQ Joint,一頭買焼肉醍醐王子本店,BBQ Joint,1,8,9,Wednesday
2670,Train Station,Toyoko Line Shibuya Station (TY01) (東急東横線 渋谷駅),Rail Station,Bar,月の宴渋谷宮益坂店,Sake Bar,3,4,5,Thursday
2671,Subway,Fukutoshin Line Shibuya Station (F16) (副都心線 渋谷駅),Metro Station,Mall,Shibuya Hikarie (渋谷ヒカリエ),Business Center,3,4,5,Wednesday
2672,Train Station,Oshiage Station 'SKYTREE' (押上 駅),Rail Station,Park,Kinuta Park (砧公園),Park,4,1,2,Sunday
2673,Food & Drink Shop,瑞山物産,Food and Beverage Retail,Subway,Asakusa Line Shimbashi Station (A10) (都営浅草線 新橋駅),Metro Station,2,11,12,Wednesday
2674,Subway,Roppongi Station (六本木駅),Metro Station,Japanese Restaurant,Butagumi Shabuan (豚組 しゃぶ庵),Shabu-Shabu Restaurant,3,8,9,Tuesday
2675,Subway,Daimon Station (大門駅),Metro Station,Mall,Tokyo Midtown (東京ミッドタウン),Retail,3,8,9,Tuesday
2676,Video Store,TSUTAYA調布国領店,Video Store,Diner,東京チカラめし 国領店,Diner,1,7,8,Tuesday
2677,Diner,東京チカラめし 国領店,Diner,Ramen /  Noodle House,武蔵家国領店,Ramen Restaurant,1,9,10,Saturday
2678,Sushi Restaurant,Roppo Sushi (六法すし),Sushi Restaurant,Bar,BERG,Pub,2,10,12,Tuesday
2679,Arcade,Silk Hat (シルクハット),Arcade,Arcade,Silk Hat (シルクハット),Arcade,3,10,10,Monday
2680,Bowling Alley,Round1 (ラウンドワン 池袋店),Arcade,Mall,Metro Promenade (メトロプロムナード),Road,3,8,8,Friday
2681,Subway,Toyosu Station (豊洲駅),Metro Station,Movie Theater,United Cinemas (ユナイテッド・シネマ豊洲),Movie Theater,1,10,11,Sunday
2682,Automotive Shop,NISSAN GALLERY GINZA (日産銀座ギャラリー),Automotive Repair Shop,Music Venue,Blue Note Tokyo,Concert Hall,3,5,7,Friday
2683,Train Station,Shin-Yurigaoka Station (OH23) (新百合ヶ丘駅),Rail Station,Train Station,Shin-Yurigaoka Station (OH23) (新百合ヶ丘駅),Rail Station,4,9,10,Wednesday
2684,French Restaurant,石川亭・酒場,Bar,Bridge,あかね橋,Bridge,1,2,2,Saturday
2685,Clothing Store,Kamawanu (かまわぬ),Retail,Video Store,SHIBUYA TSUTAYA,Retail,2,8,10,Thursday
2686,Clothing Store,HOLLYWOOD RANCH MARKET,Retail,Video Store,SHIBUYA TSUTAYA,Retail,1,9,10,Thursday
2687,Subway,,,Mall,EXITMELSA,Department Store,3,5,5,Sunday
2688,Train Station,Kokusai-tenjijō Station (R03) (国際展示場駅),Travel and Transportation,Convention Center,Tokyo Big Sight (東京ビッグサイト (東京国際展示場)),Italian Restaurant,2,23,23,Saturday
2689,Fast Food Restaurant,McDonald's (マクドナルド),Burger Joint,Scenic Lookout,Tokyo City View (東京シティビュー),Scenic Lookout,1,8,8,Tuesday
2690,Café,Cure Maid Café,Café,Ramen /  Noodle House,Komoro Soba (小諸そば),Soba Restaurant,4,4,5,Wednesday
2691,Subway,Omote-sando Station (表参道駅),Rail Station,Office,ナレッジスイート,Office,4,6,6,Friday
2692,School,さが美きもの文化学苑銀座校,Education,Music Store,YAMAHA Ginza Store (ヤマハミュージックリテイリング 銀座店),Concert Hall,1,6,7,Saturday
2693,College Academic Building,School of Engineering Building No.1 (工学部1号館),College Engineering Building,University,University of Tokyo Hongo Campus (東京大学 本郷キャンパス),College and University,4,4,4,Saturday
2694,Subway,Shinjuku-nishiguchi Station (E01) (新宿西口駅),Metro Station,University,University of Tokyo Hongo Campus (東京大学 本郷キャンパス),College and University,4,0,1,Saturday
2695,Arcade,Silk Hat (シルクハット),Arcade,Mall,Lazona Kawasaki Plaza (ラゾーナ川崎プラザ),Shopping Mall,4,8,8,Sunday
2696,Arcade,Silk Hat (シルクハット),Arcade,Electronics Store,Bic Camera (ビックカメラ),Home Appliance Store,2,8,8,Sunday
2697,Airport,Terminal 2 (第2ターミナル),Airport Terminal,Airport,Terminal 3 (第3ターミナル),Airport Terminal,4,8,10,Sunday
2698,Plaza,,,Italian Restaurant,ファボーレ,Italian Restaurant,4,3,4,Sunday
2699,Department Store,Marui (吉祥寺マルイ),Department Store,Bank,,,4,3,3,Tuesday
2700,Convenience Store,Lawson (ローソン 文京春日一丁目店),Convenience Store,Electronics Store,Bic Camera (ビックカメラ 池袋カメラ・パソコン館),Home Appliance Store,2,7,8,Thursday
2701,Train Station,Keio Shinjuku Station (KO01) (京王 新宿駅),Rail Station,Train Station,Tsutsujigaoka Station (KO14) (つつじヶ丘駅),Rail Station,1,8,9,Friday
2702,Train Station,Tsutsujigaoka Station (KO14) (つつじヶ丘駅),Rail Station,Park,きたみふれあい広場,Park,3,7,8,Saturday
2703,Convenience Store,7-Eleven (セブンイレブン 文京本郷1丁目店),Convenience Store,General Entertainment,Korakuen Hall (後楽園ホール),Theater,4,6,6,Wednesday
2704,Record Shop,TOWER RECORDS,Retail,Mall,Shibuya Hikarie (渋谷ヒカリエ),Business Center,1,7,7,Friday
2705,Bar,Ohashi (大はし),Sake Bar,Subway,Hibiya Line Kita-senju Station (H22) (日比谷線 北千住駅),Metro Station,4,11,12,Friday
2706,Japanese Restaurant,Matsuya (松屋 千石店),Restaurant,Drugstore / Pharmacy,Drug Papasu (どらっぐぱぱす),Drugstore,2,11,11,Monday
2707,Train Station,Odakyu Shinjuku Station (OH01) (小田急 新宿駅),Rail Station,Electronics Store,BICQLO (ビックロ),Electronics Store,1,10,11,Saturday
2708,Ramen /  Noodle House,Komoro Soba (小諸そば),Soba Restaurant,Arcade,Tokyo Leisure Land (東京レジャーランド 秋葉原2号店),Arcade,2,8,9,Sunday
2709,Ramen /  Noodle House,乙麺造場,Ramen Restaurant,Factory,いすゞ自動車首都圏板橋営業所,Factory,4,5,6,Tuesday
2710,Fast Food Restaurant,McDonald's (マクドナルド ハタプラザ店),Burger Joint,Food & Drink Shop,7-Eleven (セブンイレブン 川口本町1丁目店),Convenience Store,4,23,0,Wednesday
2711,Bookstore,Comic Toranoana A (コミックとらのあな 秋葉原店A),Comic Book Store,Bookstore,Comic Toranoana A (コミックとらのあな 秋葉原店A),Comic Book Store,2,10,11,Friday
2712,Ramen /  Noodle House,Komoro Soba (小諸そば),Soba Restaurant,Electronics Store,Yodobashi-Akiba (ヨドバシカメラ マルチメディアAkiba),Electronics Store,3,9,11,Sunday
2713,Mall,Roppongi Hills (六本木ヒルズ),Shopping Mall,Candy Store,Mマート虎ノ門2丁目タワー店,Convenience Store,2,0,2,Monday
2714,Subway,Magome Station (A02) (馬込駅),Rail Station,Office,日本交通株式会社整備工場千住,Transportation Service,4,18,19,Saturday
2715,Sporting Goods Shop,Calafate (カラファテ),Golf Store,Mall,Futako Tamagawa Rise Shopping Center (二子玉川ライズ ショッピングセンター),Shopping Mall,2,9,10,Thursday
2716,Subway,Mitsukoshimae Station (三越前駅),Rail Station,Building,Shinjuku NS Building (新宿NSビル),Business Center,3,23,0,Monday
2717,Road,Tameike Intersection (溜池交差点),Travel and Transportation,Bridge,Takebashi Bridge (竹橋),Bridge,2,4,6,Saturday
2718,Event Space,Tokyo Kaikan (東京會舘),French Restaurant,Train Station,Yaesu South Exit (八重洲南口),Rail Station,3,7,8,Saturday
2719,Electronics Store,Bic Camera (ビックカメラ 池袋本店),Home Appliance Store,Pool,北区役所元気ぷらざ,Bathing Area,3,8,9,Saturday
2720,Ramen /  Noodle House,刀削麺荘唐家,Szechuan Restaurant,Bar,MOGRA (MOGRA 秋葉原),Night Club,2,8,8,Sunday
2721,Train Station,Ukimafunado Station (浮間舟渡駅),Rail Station,River,岩淵水門,Canal Lock,2,23,0,Saturday
2722,Mall,Lazona Kawasaki Plaza (ラゾーナ川崎プラザ),Shopping Mall,Train Station,Kawasaki Station (川崎駅),Rail Station,1,8,10,Friday
2723,Arcade,Tokyo Leisure Land (東京レジャーランド 秋葉原2号店),Arcade,Music Venue,SOUND CREW (サウンドクルー),Music Venue,4,9,10,Wednesday
2724,Bridge,Shin-Arakawa-ohashi Bridge (新荒川大橋),Landmarks and Outdoors,Train Station,Nakano Station (中野駅),Rail Station,3,9,11,Monday
2725,Train Station,Shin-maruko Station (TY10/MG10) (新丸子駅),Rail Station,Subway,Fukutoshin Line Shibuya Station (F16) (副都心線 渋谷駅),Metro Station,1,22,22,Thursday
2726,Train Station,Shin-maruko Station (TY10/MG10) (新丸子駅),Rail Station,Subway,,,2,22,23,Thursday
2727,Sporting Goods Shop,GALLERY・2新宿アドホック 5F店,Sporting Goods Retail,Event Space,LOFT PLUS ONE,Event Space,4,8,9,Saturday
2728,Department Store,アピタ 日吉店,Department Store,Ramen /  Noodle House,らすた,Ramen Restaurant,1,6,6,Saturday
2729,Mall,Roppongi Hills (六本木ヒルズ),Shopping Mall,Subway,Mita Line Hibiya Station (I08) (都営三田線 日比谷駅),Metro Station,3,11,12,Wednesday
2730,Mall,Omotesando Hills (表参道ヒルズ),Shopping Mall,Hobby Shop,SCANDAL SHOP,Hobby Store,1,7,7,Monday
2731,Subway,Oedo Line Roppongi Station (E23) (都営大江戸線 六本木駅),Metro Station,Light Rail,Ōikeibajō-mae Station (MO03) (大井競馬場前駅),Rail Station,3,8,8,Wednesday
2732,Subway,Oedo Line Roppongi Station (E23) (都営大江戸線 六本木駅),Metro Station,Electronics Store,Yodobashi Camera (ヨドバシカメラ マルチメディア上野),Home Appliance Store,2,8,9,Tuesday
2733,Bookstore,Maruzen & Junkudo (MARUZEN & ジュンク堂書店),Bookstore,Park,Sangubashi Gate (参宮橋門),Landmarks and Outdoors,4,3,4,Sunday
2734,Train Station,Mitaka Station (三鷹駅),Rail Station,Steakhouse,COCO'S (ココス),Japanese Family Restaurant,4,8,8,Friday
2735,Playground,明星前公園,Park,Train Station,Kokubunji Station (国分寺駅),Rail Station,4,9,9,Wednesday
2736,Playground,明星前公園,Park,Train Station,Kokubunji Station (国分寺駅),Rail Station,2,8,9,Wednesday
2737,Mall,Futako Tamagawa Rise Shopping Center (二子玉川ライズ ショッピングセンター),Shopping Mall,Furniture / Home Store,MUJI (無印良品),Furniture and Home Store,3,9,10,Sunday
2738,Other Great Outdoors,東横線渋谷駅下喫煙所,Other Great Outdoors,Coffee Shop,ANTICO CAFFE AL AVIS 二子玉川店,Café,2,12,12,Monday
2739,Mall,Ogikubo Town Seven (荻窪タウンセブン),Shopping Mall,Home (private),さんぜんのおうち,,4,9,11,Wednesday
2740,Train Station,Kichijōji Station (吉祥寺駅),Rail Station,Home (private),さんぜんのおうち,,2,11,12,Tuesday
2741,Department Store,Printemps Ginza (プランタン銀座),Retail,Indian Restaurant,mantra 上野店,Indian Restaurant,2,2,3,Thursday
2742,Park,Tokyo DisneySea (東京ディズニーシー),Amusement Park,Mexican Restaurant,Miguel's El Dorado Cantina (ミゲルズ・エルドラド・キャンティーナ),Café,2,23,0,Thursday
2743,Park,Tokyo DisneySea (東京ディズニーシー),Amusement Park,Mexican Restaurant,Miguel's El Dorado Cantina (ミゲルズ・エルドラド・キャンティーナ),Café,3,23,0,Thursday
2744,Bridge,紅葉橋,Bridge,Road,,,1,13,13,Thursday
2745,Hotel,Comfort Hotel Tokyo Kiyosumi Shirakawa (コンフォートホテル東京清澄白河),Hotel,Road,,,1,12,14,Wednesday
2746,Subway,Tawaramachi Station (G18) (田原町駅),Rail Station,Train Station,Nakano Station (中野駅),Rail Station,2,2,3,Sunday
2747,Bookstore,COMIC ZIN,Comic Book Store,Bar,HUB,Pub,1,8,9,Saturday
2748,Camera Store,ヨドバシカメラ カメラ総合館,Camera Store,General Travel,Keiyo Line Underground Passage (京葉線連絡通路 動く歩道),Travel and Transportation,1,12,12,Friday
2749,Camera Store,ヨドバシカメラ カメラ総合館,Camera Store,Subway,Oedo Line Shinjuku Station (E27) (都営大江戸線 新宿駅),Metro Station,2,11,11,Tuesday
2750,Ramen /  Noodle House,ajito ism,Ramen Restaurant,Building,住友不動産住友大井町ビル南館,Office Building,2,3,3,Thursday
2751,Light Rail,Yurikamome Shimbashi Station (U01) (ゆりかもめ 新橋駅),Rail Station,Mall,DiverCity Tokyo Plaza (ダイバーシティ東京 プラザ),Shopping Mall,4,3,3,Sunday
2752,Coffee Shop,Starbucks (スターバックス),Coffee Shop,Train Station,Jiyūgaoka Station (自由が丘駅),Rail Station,1,7,7,Wednesday
2753,Dessert Shop,Jiyugaoka Sweets Forest (自由が丘 スイーツフォレスト),Dessert Shop,Coffee Shop,Doutor Coffee Shop (ドトールコーヒーショップ),Café,3,7,9,Sunday
2754,Train Station,Komazawa-daigaku Station (DT04) (駒沢大学駅),Rail Station,Train Station,Komazawa-daigaku Station (DT04) (駒沢大学駅),Rail Station,2,8,10,Tuesday
2755,Train Station,,,Chinese Restaurant,台北夜市,Taiwanese Restaurant,4,4,4,Sunday
2756,Subway,Hanzomon Station (Z05) (半蔵門駅),Rail Station,Train Station,Izumi-Tamagawa Station (OH17) (和泉多摩川駅),Rail Station,3,10,11,Monday
2757,Bank,東京中央農協本店,Financial Service,Park,Soshigaya Park (祖師谷公園),Park,1,11,11,Wednesday
2758,Department Store,Matsuya Ginza (松屋銀座),Department Store,Train Station,Yoyogi-Uehara Station (代々木上原駅),Rail Station,4,8,9,Saturday
2759,Train Station,Yoyogi-Uehara Station (代々木上原駅),Rail Station,Electronics Store,Bic Camera (ビックカメラ 有楽町店),Home Appliance Store,2,1,1,Friday
2760,Train Station,Yaesu South Exit (八重洲南口),Rail Station,Subway,東京メトロ 大手町駅,Metro Station,3,3,4,Saturday
2761,Café,cafe asan,Café,Fast Food Restaurant,MOS Burger (モスバーガー),Burger Joint,2,3,4,Sunday
2762,Medical Center,The Jikei University Katsushika Medical Center (東京慈恵会医科大学付属葛飾医療センター),Hospital,Subway,Daimon Station (大門駅),Metro Station,1,9,10,Saturday
2763,Subway,Ueno-hirokoji Station (G15) (上野広小路駅),Metro Station,Subway,Mitsukoshimae Station (三越前駅),Rail Station,3,10,11,Thursday
2764,Bakery,St. Marc Café (サンマルクカフェ),Café,Clothing Store,THE SUIT COMPANY飯田橋店,Clothing Store,1,5,7,Sunday
2765,Train Station,Akabane Station (赤羽駅),Rail Station,Other Great Outdoors,稲付遊歩道,Hiking Trail,1,10,10,Monday
2766,Ferry,Harumi Wharf (晴海埠頭),Travel and Transportation,Electronics Store,Apple Ginza (Apple 銀座),Landmarks and Outdoors,4,6,7,Sunday
2767,Mall,KOHOKU minamo (港北みなも),Shopping Mall,Mall,KOHOKU minamo (港北みなも),Shopping Mall,2,1,2,Saturday
2768,Arcade,Silk Hat (シルクハット),Arcade,Arcade,Silk Hat (シルクハット),Arcade,3,5,6,Wednesday
2769,Movie Theater,CINECITTA' (チネチッタ),Movie Theater,Mall,LA CITTADELLA,Shopping Mall,1,4,4,Saturday
2770,Park,Inokashira Park (井の頭恩賜公園),Park,Train Station,Kichijōji Station (吉祥寺駅),Rail Station,1,6,8,Saturday
2771,Train Station,Narimasu Station (TJ10) (成増駅),Rail Station,Shrine,Meiji Jingu Shrine (明治神宮),Historic and Protected Site,3,5,6,Saturday
2772,Ramen /  Noodle House,Hanamaru Udon (はなまるうどん),Udon Restaurant,Movie Theater,Waseda Shochiku (早稲田松竹),Movie Theater,1,7,8,Sunday
2773,American Restaurant,American Diner Bar&Grill 秋葉原UDX店,American Restaurant,Other Great Outdoors,神田アクアハウス 江戸遊,Spa,4,9,11,Saturday
2774,Movie Theater,United Cinemas (ユナイテッド・シネマとしまえん),Movie Theater,Salon / Barbershop,江東理容室,Barbershop,4,7,8,Saturday
2775,Dessert Shop,Umemura (梅むら),"Cafe, Coffee, and Tea House",Dessert Shop,Umemura (梅むら),"Cafe, Coffee, and Tea House",4,4,5,Saturday
2776,Bridge,南高橋,Landmarks and Outdoors,Medical Center,St. Luke's Hospital (聖路加国際病院),Hospital,4,6,7,Sunday
2777,Subway,Kachidoki Station (E17) (勝どき駅),Rail Station,Subway,Asakusa Line Mita Station (A08) (都営浅草線 三田駅),Metro Station,1,2,2,Sunday
2778,Video Store,TSUTAYA江戸川中央店,Video Store,Food & Drink Shop,PUDOステーション サミットストア 江戸川区役所前店,Grocery Store,3,4,5,Saturday
2779,Train Station,Tamachi Station (田町駅),Rail Station,Coffee Shop,Tully's Coffee,Coffee Shop,3,23,0,Thursday
2780,Train Station,JR Ikebukuro Station (JR 池袋駅),Rail Station,Road,,,3,9,9,Friday
2781,Building,Sunshine City (サンシャインシティ),Shopping Mall,Arcade,HAPPY AMUSEMENT,Arcade,3,3,4,Sunday
2782,Trade School,Tokyo Hospitality Academy (東京ホスピタリティ・アカデミー),Trade School,Convenience Store,ポプラ ドンチッチ市ヶ谷店,Convenience Store,2,3,5,Wednesday
2783,Airport,Terminal 3 (第3ターミナル),Airport Terminal,Airport,Terminal 2 (第2ターミナル),Airport Terminal,3,4,5,Thursday
2784,Office,Akihabara UDX (秋葉原UDX),Business Center,Arcade,Tokyo Leisure Land (東京レジャーランド 秋葉原2号店),Arcade,2,8,8,Thursday
2785,Arcade,Tokyo Leisure Land (東京レジャーランド 秋葉原2号店),Arcade,University,Keio University (慶應義塾大学 三田キャンパス),University,2,8,8,Friday
2786,Subway,,,Bar,某二階,Bar,4,9,10,Thursday
2787,Ramen /  Noodle House,小諸そば 蔵前橋通り店,Soba Restaurant,Ramen /  Noodle House,Mouko Tanmen Nakamoto (蒙古タンメン中本),Ramen Restaurant,2,7,8,Wednesday
2788,Bar,酒ぐら 鳥酎,Yakitori Restaurant,Subway,Akasaka Station (C06) (赤坂駅),Rail Station,1,3,4,Wednesday
2789,Office,Microsoft Japan (日本マイクロソフト),Office,Coffee Shop,Tully's Coffee,Coffee Shop,2,1,2,Wednesday
2790,History Museum,Edo-Tokyo Museum (江戸東京博物館),Museum,Ramen /  Noodle House,Komoro Soba (小諸そば 昌平橋店),Soba Restaurant,4,4,6,Wednesday
2791,Subway,Oedo Line Shinjuku Station (E27) (都営大江戸線 新宿駅),Metro Station,Building,,,2,10,11,Thursday
2792,Arcade,Taito Station (タイトーステーション 新宿南口ゲームワールド店),Arcade,Train Station,JR New South Gate (JR 新南改札),Rail Station,1,9,9,Tuesday
2793,Scandinavian Restaurant,FUGLEN TOKYO,Café,Airport,Terminal 1 (第1ターミナル),Airport Terminal,1,8,10,Monday
2794,Spa / Massage,おふろの王様 東久留米店,Spa,Restaurant,Jonathan's (ジョナサン),Japanese Family Restaurant,1,15,16,Wednesday
2795,Japanese Restaurant,さと清瀬店,Japanese Family Restaurant,Convenience Store,FamilyMart (ファミリーマート 板橋舟渡三丁目店),Convenience Store,4,9,10,Friday
2796,Japanese Restaurant,Ootoya (大戸屋),Teishoku Restaurant,Park,Soshigaya Park (祖師谷公園),Park,4,11,12,Sunday
2797,Convenience Store,7-Eleven (セブンイレブン 調布入間町1丁目店),Convenience Store,Spa / Massage,Yukemuri no Sato (仙川 湯けむりの里),Bathing Area,3,7,9,Sunday
2798,Laundry Service,三幸舎クリーニング 浜田山店,Professional Cleaning Service,Ramen /  Noodle House,ろくとん軒世田谷店,Ramen Restaurant,4,5,7,Sunday
2799,Park,善福寺川緑地センター広場,Park,Other Great Outdoors,和田堀池,Lake,1,3,3,Sunday
2800,Light Rail,Machiya-ekimae Station (町屋駅前停留場),Tram Station,Convenience Store,7-Eleven (セブンイレブン 東池袋2丁目店),Convenience Store,1,12,13,Tuesday
2801,Bank,Sumitomo Mitsui Banking Corporation (SMBC) (三井住友銀行 大塚支店),Bank,Scenic Lookout,Sky View Lounge (展望ラウンジ),Scenic Lookout,4,3,3,Wednesday
2802,Ramen /  Noodle House,Ginza Oborozuki (銀座 朧月),Ramen Restaurant,Subway,Marunouchi Line Ginza Station (M16) (丸ノ内線 銀座駅),Metro Station,2,6,7,Saturday
2803,Electronics Store,BICQLO (ビックロ),Electronics Store,Ramen /  Noodle House,Nagasaka Sarashina Nunoya Tahei (永坂更科 布屋太兵衛),Soba Restaurant,4,10,10,Thursday
2804,Gym / Fitness Center,ティップネス瑞江店,Gym and Studio,Park,Shinozaki Park (篠崎公園),Park,4,11,12,Monday
2805,Gym / Fitness Center,ティップネス瑞江店,Gym and Studio,Subway,Shinozaki Station (S20) (篠崎駅),Metro Station,1,10,11,Friday
2806,Mall,DiverCity Tokyo Plaza (ダイバーシティ東京 プラザ),Shopping Mall,Mall,DiverCity Tokyo Plaza (ダイバーシティ東京 プラザ),Shopping Mall,3,5,7,Sunday
2807,Clothing Store,MUJI (無印良品),Retail,Clothing Store,MUJI (無印良品),Retail,1,9,10,Sunday
2808,Subway,Oedo Line Yoyogi Station (E26) (都営大江戸線 代々木駅),Metro Station,Bar,82 ALE HOUSE,Pub,3,11,11,Friday
2809,Building,新宿モノリス,Business Center,Food & Drink Shop,Tokyo Metropolitan Government Building No. 1 Main Building Staff Cafeteria (都庁第一本庁舎職員食堂),Corporate Cafeteria,1,0,2,Wednesday
2810,Subway,,,Office,永和ビル,Structure,4,6,6,Saturday
2811,Road,Kumanocho JCT (熊野町JCT),Travel and Transportation,Bookstore,Book 1st (ブックファースト),Bookstore,1,6,6,Saturday
2812,Miscellaneous Shop,Akachan Honpo (アカチャンホンポ),Baby Store,Coffee Shop,Starbucks (スターバックス),Coffee Shop,1,1,2,Sunday
2813,Coffee Shop,Tully's Coffee,Coffee Shop,Coffee Shop,Doutor Coffee Shop (ドトールコーヒーショップ),Coffee Shop,1,10,11,Wednesday
2814,Convenience Store,7-Eleven (セブンイレブン 朝日橋店),Convenience Store,Bridge,一之橋,Bridge,4,18,18,Thursday
2815,Road,,,Subway,Takaracho Station (A12) (宝町駅),Metro Station,4,8,9,Friday
2816,Department Store,Mitsukoshi (日本橋三越本店),Department Store,Convenience Store,FamilyMart (ファミリーマート 小伝馬町駅前店),Convenience Store,4,9,9,Tuesday
2817,Subway,Oedo Line Ryogoku Station (E12) (都営大江戸線 両国駅),Metro Station,Arcade,Tokyo Leisure Land (東京レジャーランド 秋葉原2号店),Arcade,4,2,4,Sunday
2818,Other Great Outdoors,朝霞水門,Canal Lock,River,岩淵水門,Canal Lock,3,5,5,Sunday
2819,Office,Kishimoto Building (岸本ビルヂング),Office,Ramen /  Noodle House,Ramen Fujimaru (ラーメン富士丸),Ramen Restaurant,3,9,11,Thursday
2820,Bar,Yakitori Ebisu (やきとり戎),Bar,Food & Drink Shop,柳瀬屋,Liquor Store,2,9,10,Sunday
2821,Bridge,Rainbow Bridge Loop (レインボーブリッジ ループ橋),Bridge,Restaurant,ハンバーグ&ステーキ TAPA,Restaurant,4,0,0,Tuesday
2822,Government Building,Tokyo Skytree (東京スカイツリー),Monument,Mall,Shibuya Hikarie (渋谷ヒカリエ),Business Center,3,8,10,Saturday
2823,Subway,Nakano-fujimicho Station (Mb04) (中野富士見町駅),Metro Station,Convenience Store,7-Eleven (セブンイレブン 世田谷成城1丁目店),Convenience Store,1,23,0,Friday
2824,Electronics Store,Yamada Denki LABI 1 (ヤマダデンキ LABI1 LIFE SELECT 池袋),Home Appliance Store,Train Station,JR Ikebukuro Station (JR 池袋駅),Rail Station,4,7,8,Saturday
2825,Electronics Store,Yamada Denki LABI 1 (ヤマダデンキ LABI1 LIFE SELECT 池袋),Home Appliance Store,Hobby Shop,animate (アニメイト),Comic Book Store,2,7,7,Thursday
2826,Mall,Yaechika (ヤエチカ),Shopping Mall,Food & Drink Shop,,,2,9,9,Monday
2827,Convenience Store,ローソン,Convenience Store,Train Station,Kawasaki Station (川崎駅),Rail Station,2,5,6,Sunday
2828,Train Station,Konan Exit (港南口),Plaza,Clothing Store,Maker's Shirt Kamakura (メーカーズシャツ鎌倉),Men's Store,1,1,2,Thursday
2829,Mall,Tokyu Plaza Omotesando Harajuku (東急プラザ表参道原宿),Café,Subway,Mitsukoshimae Station (三越前駅),Rail Station,3,7,8,Sunday
2830,Indian Restaurant,パク森市ヶ谷本店,Indian Restaurant,Ferry,日の出桟橋水上バス乗り場,Bridge,1,8,9,Friday
2831,Food & Drink Shop,Comodi Iida (コモディイイダ 池袋立教通り店),Grocery Store,Restaurant,Gyoza Ohsho (餃子の王将),Chinese Restaurant,4,7,8,Saturday
2832,Airport,Terminal 2 (第2ターミナル),Airport Terminal,Train Station,Hamamatsucho Station (浜松町駅),Rail Station,2,4,5,Saturday
2833,Ramen /  Noodle House,Tsujita (つじ田),Ramen Restaurant,Airport,Terminal 2 (第2ターミナル),Airport Terminal,1,8,9,Sunday
2834,Bookstore,Matsumaru-Hompo (松丸本舗),Bookstore,Subway,Marunouchi Line Tokyo Station (M17) (丸ノ内線 東京駅),Metro Station,1,5,6,Saturday
2835,Sporting Goods Shop,New Balance 東京,Sporting Goods Retail,Hobby Shop,フィッシングジャンボ上州屋渋谷店,Fishing Store,3,8,10,Saturday
2836,Department Store,SOGO (そごう 川口店),Department Store,Train Station,Kawaguchi Station (川口駅),Rail Station,3,10,10,Tuesday
2837,Electronics Store,Bic Camera (ビックカメラ 池袋本店),Home Appliance Store,Bar,vivo! BEER+DINING BAR,Beer Bar,2,9,9,Sunday
2838,Food & Drink Shop,Seiyu (西友 下高井戸店),Grocery Store,Government Building,Tokyo Metropolitan Government Building (東京都庁),Government Building,1,9,10,Saturday
2839,Train Station,Shin-Yurigaoka Station (OH23) (新百合ヶ丘駅),Rail Station,Train Station,Shin-Yurigaoka Station (OH23) (新百合ヶ丘駅),Rail Station,1,12,13,Sunday
2840,Drugstore / Pharmacy,日本調剤川崎駅前薬局,Drugstore,Train Station,Kawasaki Station (川崎駅),Rail Station,3,4,5,Monday
2841,Train Station,Kawasaki Station (川崎駅),Rail Station,Electronics Store,Yodobashi Camera (ヨドバシカメラ マルチメディア川崎ルフロン),Home Appliance Store,1,8,9,Saturday
2842,Video Store,SHIBUYA TSUTAYA,Retail,Bar,型無,Bar,1,14,15,Wednesday
2843,Japanese Restaurant,ほとり 渋谷,Japanese Restaurant,Post Office,Meguro Post Office (目黒郵便局),Post Office,1,14,15,Wednesday
2844,Ramen /  Noodle House,Sumita (手打うどん すみた),Udon Restaurant,Chinese Restaurant,大番軒,Chinese Restaurant,3,4,5,Saturday
2845,Bus Station,野沢龍雲寺バス停,Bus Stop,Park,Komazawa Olympic Park (駒沢オリンピック公園),Park,2,3,4,Sunday
2846,Subway,Oedo Line Higashi-shinjuku Station (E02) (都営大江戸線 東新宿駅),Metro Station,Miscellaneous Shop,Don Quijote (ドン・キホーテ 新宿店),Discount Store,4,5,5,Sunday
2847,Subway,,,Korean Restaurant,カントンの思い出新宿本店,Korean Restaurant,2,5,5,Sunday
2848,Bridge,旧八反目上橋,Historic and Protected Site,Convenience Store,7-Eleven (セブンイレブン 高円寺純情商店街店),Convenience Store,4,10,11,Tuesday
2849,Arcade,ゲームスタジオ キューブ高円寺,Arcade,Stadium,Yoyogi 1st Gymnasium (国立代々木競技場 第一体育館),Stadium,1,5,5,Wednesday
2850,Japanese Restaurant,Big-Pig (広島お好み焼き Big-Pig 神田カープ本店),Okonomiyaki Restaurant,Gym / Fitness Center,Tipness (ティップネス 木場),Gym and Studio,2,10,11,Friday
2851,Mall,Tokyo Solamachi (東京ソラマチ),Shopping Mall,Mall,Tokyo Solamachi (東京ソラマチ),Shopping Mall,4,6,6,Saturday
2852,Gym / Fitness Center,Sports Club & Spa RENAISSANCE (スポーツクラブ&スパ ルネサンス 経堂),Gym and Studio,Train Station,Kyodo Station (OH11) (経堂駅),Rail Station,3,10,12,Thursday
2853,BBQ Joint,五臓六腑麻布十番店,BBQ Joint,Chinese Restaurant,麻布楓林,Chinese Restaurant,3,10,12,Tuesday
2854,Convenience Store,7-Eleven (セブンイレブン 草加栄町1丁目店),Convenience Store,River,岩淵水門,Canal Lock,2,2,3,Thursday
2855,Harbor / Marina,Shinsuna River Station (新砂リバーステーション),Boat Launch,Bridge,鹿浜橋,Bridge,2,21,23,Thursday
2856,Sandwich Place,サブウェイ,Deli,Gym / Fitness Center,TIPNESS MARUNOUCHI STYLE (ティップネス 丸ノ内スタイル),"Cafe, Coffee, and Tea House",1,11,12,Monday
2857,Bookstore,Maruzen (丸善),Bookstore,Bookstore,Maruzen (丸善),Bookstore,2,9,9,Wednesday
2858,Subway,Urayasu Station (T18) (浦安駅),Rail Station,Building,Imperial Tower (帝国ホテルタワー),Office Building,1,21,22,Tuesday
2859,Building,Imperial Tower (帝国ホテルタワー),Office Building,Subway,Urayasu Station (T18) (浦安駅),Rail Station,1,9,10,Tuesday
2860,Arts & Crafts Store,香老舗松栄堂,Retail,Other Nightlife,Kabukicho Ichiban-gai (歌舞伎町一番街),Neighborhood,3,3,4,Monday
2861,Mobile Phone Shop,,,Electronics Store,Yamada Denki (ヤマダ電機 LABI新宿東口館),Electronics Store,3,3,3,Wednesday
2862,Airport,Terminal 2 (第2ターミナル),Airport Terminal,Hotel,Hotel Amista Ohi (ホテル アミスタ 大井),Hotel,4,1,1,Sunday
2863,Park,なぎさ広場,Park,Airport,Terminal 2 (第2ターミナル),Airport Terminal,3,2,3,Sunday
2864,Food & Drink Shop,PUDOステーション サミットストア 小平上水本町店,Grocery Store,Arcade,プレイランド、チェリー,Arcade,3,12,13,Friday
2865,Bridge,桜橋,Bridge,Japanese Restaurant,とんかつ藤乃木,Tonkatsu Restaurant,2,8,9,Wednesday
2866,Arcade,アドアーズ調布南口店,Arcade,Ramen /  Noodle House,Mitsuyado Sei-men (三ツ矢堂製麺),Ramen Restaurant,3,9,11,Thursday
2867,Medical Center,スリープクリニック銀座,Hospital,Miscellaneous Shop,Loft (有楽町ロフト),Grocery Store,4,4,5,Saturday
2868,Other Great Outdoors,Shinobazu Pond (不忍池),Landmarks and Outdoors,Arcade,,,2,8,10,Wednesday
2869,Food & Drink Shop,Hanamasa (肉のハナマサ),Butcher,Arcade,,,4,10,11,Monday
2870,Subway,Iwamotocho Station (S08) (岩本町駅),Rail Station,Movie Theater,Shinjuku Wald 9 (新宿バルト9),Movie Theater,3,11,11,Saturday
2871,Japanese Restaurant,新橋シャモロック酒場西新宿鶏舎,Bar,Electronics Store,Yodobashi Camera (ヨドバシカメラ 新宿西口本店),Computers and Electronics Retail,4,12,13,Tuesday
2872,Event Space,レインボータウンFM 木場スタジオ,Radio Station,Deli / Bodega,オリジン弁当東陽町店,Deli,2,12,14,Monday
2873,Department Store,アヴィレックス マルイシティ渋谷店 - AVIREX,Department Store,Record Shop,TOWER RECORDS,Retail,1,7,8,Thursday
2874,Food & Drink Shop,文化堂戸越銀座店,Grocery Store,Road,Togoshi Exit (戸越出入口),Toll Booth,4,11,12,Sunday
2875,Train Station,Ebisu Station (恵比寿駅),Rail Station,Ramen /  Noodle House,AFURI,Ramen Restaurant,4,13,13,Tuesday
2876,Mall,Lazona Kawasaki Plaza (ラゾーナ川崎プラザ),Shopping Mall,Electronics Store,Yodobashi Camera (ヨドバシカメラ マルチメディア川崎ルフロン),Home Appliance Store,2,10,11,Monday
2877,Train Station,Yako Station (矢向駅),Rail Station,Mall,LA CITTADELLA,Shopping Mall,2,3,4,Sunday
2878,Video Store,TSUTAYA (TSUTAYA 光が丘店),Video Store,Train Station,Shimo-akatsuka Station (TJ09) (下赤塚駅),Rail Station,4,11,11,Monday
2879,Electronics Store,Bic Camera (ビックカメラ),Electronics Store,Department Store,小田急百貨店催物場,Event Space,3,8,9,Friday
2880,Building,PASONA SQUARE (パソナスクエア),Business Center,BBQ Joint,Wagyu Yakiniku Black Hole (和牛焼肉ブラックホール),BBQ Joint,4,7,8,Sunday
2881,Bar,eleven,Night Club,Train Station,Inokashira Line Shibuya Station (IN01) (京王井の頭線 渋谷駅),Rail Station,2,13,14,Sunday
2882,Department Store,Isetan (伊勢丹 新宿店),Department Store,Hobby Shop,animate (アニメイト),Hobby Store,1,3,3,Saturday
2883,Government Building,Ikefukuro (いけふくろう),Monument,Hobby Shop,Akihabara Gamers (AKIHABARAゲーマーズ),Hobby Store,1,1,2,Saturday
2884,Ramen /  Noodle House,麺場田所商店中原店,Ramen Restaurant,Furniture / Home Store,島忠 ホームズ新川崎店,Furniture and Home Store,3,9,11,Sunday
2885,Train Station,Ōizumi-gakuen Station (SI11) (大泉学園駅),Rail Station,Food & Drink Shop,Life (ライフエクストラ 大泉学園駅前店),Grocery Store,4,7,8,Sunday
2886,Road,Keyakizaka (けやき坂),Road,Train Station,Rinkai Line Tennōzu Isle Station (R05) (りんかい線 天王洲アイル駅),Rail Station,1,1,3,Friday
2887,Food & Drink Shop,東京あおば農業協同組合 ファーマーズショップにりん草,Farmers Market,General Entertainment,ザ・ゴルフガーデン高島平,Golf Driving Range,4,6,7,Monday
2888,Subway,Kamiyacho Station (H05) (神谷町駅),Rail Station,Government Building,Tokyo Tower (東京タワー),Structure,2,1,2,Saturday
2889,BBQ Joint,Yakiniku Toraji PARAM (焼肉トラジ PARAM),BBQ Joint,Subway,Omote-sando Station (表参道駅),Rail Station,1,4,6,Saturday
2890,Train Station,Sakura-shimmachi Station (DT05) (桜新町駅),Rail Station,Train Station,Haneda Airport Terminal 2 Station (MO11) (羽田空港第2ターミナル駅),Rail Station,3,7,9,Wednesday
2891,Train Station,Hana-Koganei Station (SS18) (花小金井駅),Rail Station,Train Station,Hana-Koganei Station (SS18) (花小金井駅),Rail Station,2,5,7,Sunday
2892,Restaurant,Denny's (デニーズ),Japanese Family Restaurant,Toy / Game Store,ボークス秋葉原ホビー天国,Toy Store,3,9,10,Sunday
2893,Bookstore,Yurindo (有隣堂),Bookstore,Burger Joint,MOS Burger (モスバーガー),Burger Joint,2,5,5,Thursday
2894,Airport,Terminal 1 (第1ターミナル),Airport Terminal,Airport,Terminal 1 (第1ターミナル),Airport Terminal,1,2,2,Sunday
2895,Asian Restaurant,Restaurant Saigon (レストラン サイゴン),Vietnamese Restaurant,Electronics Store,Bic Camera (ビックカメラ 有楽町店),Home Appliance Store,3,5,6,Sunday
2896,Convenience Store,ローソン,Convenience Store,Train Station,Shiki Station (TJ14) (志木駅),Rail Station,3,6,6,Saturday
2897,Miscellaneous Shop,Don Quijote (ドン・キホーテ 新座野火止店),Discount Store,Convenience Store,ローソン,Convenience Store,2,14,14,Saturday
2898,Bank,,,Airport,Terminal 2 (第2ターミナル),Airport Terminal,3,1,2,Tuesday
2899,Subway,Roppongi Station (六本木駅),Metro Station,Electronics Store,Yodobashi-Akiba (ヨドバシカメラ マルチメディアAkiba),Electronics Store,2,6,7,Thursday
2900,Miscellaneous Shop,7-Eleven (セブンイレブン),Convenience Store,Train Station,Ōmori Station (大森駅),Rail Station,2,11,12,Friday
2901,Ramen /  Noodle House,らーめん天神下大喜,Ramen Restaurant,Bar,まきしま酒店,Bar,2,10,10,Tuesday
2902,Subway,Ueno-okachimachi Station (E09) (上野御徒町駅),Metro Station,Light Rail,Yurikamome Shimbashi Station (U01) (ゆりかもめ 新橋駅),Rail Station,2,0,1,Saturday
2903,Thai Restaurant,Sukhumvit Soi Thong Lo (バンコク屋台料理 スクンビット・ソイ・トンロー),Thai Restaurant,Seafood Restaurant,魚錠,Sushi Restaurant,1,3,4,Wednesday
2904,Parking,,,Park,宇奈根三角公園,Park,2,4,6,Monday
2905,Parking,,,Other Great Outdoors,,,4,4,5,Monday
2906,Ramen /  Noodle House,日本そば 角屋,Soba Restaurant,Building,Tokyu Bancho Building (東急番町ビル),Office Building,3,5,6,Tuesday
2907,Ramen /  Noodle House,Soranoiro (ソラノイロ),Ramen Restaurant,Building,Tokyu Bancho Building (東急番町ビル),Office Building,4,5,7,Tuesday
2908,Department Store,Parco (池袋PARCO),Retail,Subway,Fukutoshin Line Ikebukuro Station (F09) (副都心線 池袋駅),Arts and Entertainment,1,6,7,Sunday
2909,Ramen /  Noodle House,らーめんしょっぷ 中吉,Ramen Restaurant,Ramen /  Noodle House,らーめんしょっぷ 中吉,Ramen Restaurant,4,9,10,Sunday
2910,Japanese Restaurant,味噌汁家AKIBA‐ICHI店,Japanese Restaurant,Ramen /  Noodle House,Komoro Soba (小諸そば),Soba Restaurant,3,9,10,Sunday
2911,Bookstore,Melonbooks (メロンブックス 秋葉原1号店),Comic Book Store,Electronics Store,Yodobashi-Akiba (ヨドバシカメラ マルチメディアAkiba),Electronics Store,4,11,11,Friday
2912,Bank,Mizuho Bank (みずほ銀行 東京営業部),Bank,Bar,Tachinomi Kadokura (立飲み カドクラ),Sake Bar,1,3,4,Thursday
2913,Subway,Uchisaiwaicho Station (I07) (内幸町駅),Metro Station,Stadium,Tokyo Dome (東京ドーム),Stadium,2,8,8,Thursday
2914,College Academic Building,電気通信大学西3号館,College Academic Building,College Academic Building,東34号館,College Technology Building,4,2,3,Tuesday
2915,University,電気通信大学体育会自動車部,College Rec Center,College Academic Building,東34号館,College Technology Building,1,6,7,Monday
2916,Miscellaneous Shop,Loft (吉祥寺ロフト),Stationery Store,Subway,Ginza Station (銀座駅),Rail Station,1,2,4,Sunday
2917,Hotel,あさげカフェ,Residential Building,Hobby Shop,Hands (ハンズ),Furniture and Home Store,3,2,3,Wednesday
2918,Government Building,Tokyo Tower (東京タワー),Structure,Temple,Senso-ji Temple (浅草寺),Buddhist Temple,3,0,2,Wednesday
2919,Coffee Shop,Tully's Coffee (TULLY'S COFFEE 築地一丁目店),Coffee Shop,Subway,Hibiya Line Hatchobori Station (H12) (日比谷線 八丁堀駅),Metro Station,4,8,10,Thursday
2920,Ramen /  Noodle House,,,Ramen /  Noodle House,上海麺,Ramen Restaurant,2,11,12,Friday
2921,General Entertainment,Wins (ウインズ渋谷),Education,Bar,WOMB,Night Club,1,6,7,Sunday
2922,Fast Food Restaurant,Freshness Burger (フレッシュネスバーガー 渋谷公園通り店),Burger Joint,Stadium,Yoyogi 2nd Gymnasium (国立代々木競技場 第二体育館),Stadium,4,6,6,Wednesday
2923,Ramen /  Noodle House,Tsukemen Tetsu (つけめんTETSU),Ramen Restaurant,Fast Food Restaurant,Burger King (バーガーキング),Burger Joint,1,10,11,Tuesday
2924,Shrine,Yushima Tenmangu Shrine (湯島天満宮),Shrine,Train Station,Kokubunji Station (国分寺駅),Rail Station,1,7,9,Sunday
2925,Park,Ueno Park (上野恩賜公園),Urban Park,Shrine,Yushima Tenmangu Shrine (湯島天満宮),Shrine,2,7,7,Sunday
2926,Building,アルタ前,Plaza,Movie Theater,Kadokawa Cinema Shinjuku (角川シネマ新宿),Movie Theater,2,10,10,Tuesday
2927,Bookstore,COMIC ZIN,Comic Book Store,Hobby Shop,ソフマップ AKIBA2号店 パソコン総合館,Electronics Store,4,4,5,Tuesday
2928,Coffee Shop,Starbucks (スターバックス),Coffee Shop,Historic Site,交通博物館跡,Historic and Protected Site,2,2,4,Tuesday
2929,Café,Bunkamura ロビーラウンジ,Café,Stadium,Yoyogi 1st Gymnasium (国立代々木競技場 第一体育館),Stadium,2,6,6,Saturday
2930,Deli / Bodega,わせだの弁当屋,Deli,Train Station,Higashi-Fushimi Station (SS15) (東伏見駅),Rail Station,4,5,7,Friday
2931,Ramen /  Noodle House,Ichiran (一蘭),Ramen Restaurant,Mall,Yanaka Ginza Shotengai (谷中銀座商店街),Shopping Mall,2,7,7,Saturday
2932,Temple,東京大仏,Monument,Bridge,東京都と埼玉県の県境,Bridge,3,15,15,Friday
2933,Café,たに珈琲店,Café,Gym / Fitness Center,亀戸スポーツセンター,Gym,1,7,8,Friday
2934,Bus Station,Oji Sta. Bus Stop (王子駅前バス停),Bus Stop,Train Station,Oji Station (王子駅),Rail Station,1,4,4,Sunday
2935,Sculpture Garden,グリーンプラネット,Public Art,Mall,Tokyo Solamachi (東京ソラマチ),Shopping Mall,1,11,11,Monday
2936,Bar,紙々舞上野店,Sake Bar,Subway,Hibiya Line Ueno Station (H18) (日比谷線 上野駅),Metro Station,1,14,14,Thursday
2937,Mall,Roppongi Hills (六本木ヒルズ),Shopping Mall,Scenic Lookout,Tokyo City View (東京シティビュー),Scenic Lookout,4,8,9,Friday
2938,Food & Drink Shop,紀ノ国屋等々力店,Grocery Store,Food & Drink Shop,ダイエー 碑文谷店,Grocery Store,1,7,9,Sunday
2939,Train Station,Sōka Station (TS16) (草加駅),Rail Station,Department Store,Ito Yokado (イトーヨーカドー 草加店),Grocery Store,1,7,7,Monday
2940,Train Station,Sōka Station (TS16) (草加駅),Rail Station,Department Store,Ito Yokado (イトーヨーカドー 草加店),Grocery Store,1,7,7,Monday
2941,Bookstore,Books Kinokuniya (紀伊國屋書店),Bookstore,Arcade,エムエムランド,Arcade,1,10,10,Monday
2942,Government Building,登戸駅 ドラえもん像,Outdoor Sculpture,Government Building,登戸駅 ドラえもん像,Outdoor Sculpture,3,12,12,Thursday
2943,Movie Theater,Shinjuku Wald 9 (新宿バルト9),Movie Theater,Movie Theater,Shinjuku Wald 9 (新宿バルト9),Movie Theater,1,0,1,Sunday
2944,Café,St. Marc Café (サンマルクカフェ),Coffee Shop,Building,Sumitomo Fudosan Shinjuku Grand Tower (住友不動産新宿グランドタワー),Business Center,3,23,0,Sunday
2945,Subway,Yurakucho Line Yurakucho Station (Y18) (有楽町線 有楽町駅),Metro Station,BBQ Joint,Gyuzo (焼肉問屋 牛蔵),BBQ Joint,4,8,10,Saturday
2946,Subway,Hibiya Line Roppongi Station (H04) (日比谷線 六本木駅),Metro Station,Japanese Restaurant,Butagumi Shabuan (豚組 しゃぶ庵),Shabu-Shabu Restaurant,2,8,8,Saturday
2947,Asian Restaurant,アジアンタイペイ,Japanese Restaurant,Coffee Shop,BECK'S COFFEE SHOP 新宿店,Café,1,4,5,Saturday
2948,Convenience Store,セブン-イレブン,Convenience Store,Casino,,,2,13,14,Sunday
2949,Playground,東京都児童会館,Playground,Music Venue,TAKE OFF 7,Rock Club,2,2,3,Sunday
2950,Convention Center,Tokyo Big Sight (東京ビッグサイト (東京国際展示場)),Italian Restaurant,Fast Food Restaurant,McDonald's (マクドナルド),Burger Joint,4,2,3,Wednesday
2951,Road,Roppongi Intersection (六本木交差点),Travel and Transportation,Japanese Restaurant,ChargeSPOT 料理居酒屋福ノ家,Bar,2,14,15,Wednesday
2952,Subway,Roppongi Station (六本木駅),Metro Station,Ramen /  Noodle House,Kitakata Ramen Ban Nai (喜多方ラーメン 坂内),Ramen Restaurant,3,11,12,Tuesday
2953,Bookstore,COMIC ZIN,Comic Book Store,Bookstore,Comic Toranoana A (コミックとらのあな 秋葉原店A),Comic Book Store,2,7,8,Sunday
2954,Bookstore,Comic Toranoana A (コミックとらのあな 秋葉原店A),Comic Book Store,Japanese Restaurant,Matsuya (松屋),Restaurant,2,8,9,Sunday
2955,Hobby Shop,animate (アニメイト),Hobby Store,Stadium,Tokyo Dome (東京ドーム),Stadium,2,10,10,Saturday
2956,Indian Restaurant,Aubergine (欧風カレー オーベルジーヌ),Japanese Curry Restaurant,Elementary School,学習院初等科,Elementary School,1,2,3,Sunday
2957,Coffee Shop,CAFE ESPERANCE,Café,Art Gallery,oriental collection,Art Gallery,1,2,3,Friday
2958,Train Station,Oshiage Station 'SKYTREE' (押上 駅),Rail Station,Temple,Kaminarimon Gate (雷門),Shrine,3,7,8,Saturday
2959,Coffee Shop,Tully's Coffee,Coffee Shop,Japanese Restaurant,Ichiba no Chubo (市場の厨房),Sushi Restaurant,3,2,4,Wednesday
2960,Japanese Restaurant,かべす,Japanese Restaurant,Coffee Shop,Tully's Coffee,Coffee Shop,1,3,4,Thursday
2961,Train Station,Keio Shinjuku Station (KO01) (京王 新宿駅),Rail Station,Train Station,Sasazuka Station (KO04) (笹塚駅),Rail Station,3,10,10,Thursday
2962,Food & Drink Shop,AEON (イオン 練馬店),Grocery Store,Department Store,Livin (リヴィン 光が丘店),Shopping Plaza,1,6,7,Monday
2963,Bar,Okage Bar,Bar,Chinese Restaurant,Toukaishuka 東海酒家,Chinese Restaurant,4,13,13,Saturday
2964,Subway,Shibakoen Station (I05) (芝公園駅),Rail Station,Hotel,The Prince Park Tower Tokyo (ザ・プリンス パークタワー東京),Hotel,2,1,2,Tuesday
2965,Ferry,,,Park,Etchujima Park (越中島公園),Park,2,5,6,Saturday
2966,Italian Restaurant,生パスタの店 エッコエッコ,Italian Restaurant,Mall,Ameyoko Center Building (アメ横センタービル),Shopping Mall,3,6,7,Sunday
2967,Mall,Ameya Yokocho (アメヤ横丁),Shopping Mall,Mall,Ameya Yokocho (アメヤ横丁),Shopping Mall,1,7,8,Saturday
2968,Subway,Omote-sando Station (表参道駅),Rail Station,Stadium,Komazawa Olympic Park Stadium (駒沢オリンピック公園総合運動場 陸上競技場),Track Stadium,1,0,0,Sunday
2969,Japanese Restaurant,玉寿し,Sushi Restaurant,Japanese Restaurant,卯の刻,Bar,3,3,4,Saturday
2970,Coffee Shop,ドトールコーヒーシヨップ赤坂氷川公園前店,Café,Subway,Akasaka-mitsuke Station (赤坂見附駅),Metro Station,1,5,6,Saturday
2971,Mall,Yanaka Ginza Shotengai (谷中銀座商店街),Shopping Mall,Cemetery,Tokugawa Yoshinobu's grave (徳川慶喜公墓所),Historic and Protected Site,4,5,5,Sunday
2972,Bar,Gyukushi & Wine Bar Borracho,Wine Bar,Japanese Restaurant,Nagoya Dining Sayuri (Nagoya Dining SAYURI 新橋店),Japanese Restaurant,2,10,12,Friday
2973,Food & Drink Shop,Sanwa (スーパー三和 稲城店),Grocery Store,Home (private),,,3,8,8,Tuesday
2974,Train Station,,,Park,Westernland (ウエスタンランド),Amusement Park,3,4,5,Sunday
2975,Asian Restaurant,Monsoon Cafe  麻布十番店,Asian Restaurant,Subway,Azabu-juban Station (麻布十番駅),Rail Station,1,3,4,Saturday
2976,Miscellaneous Shop,Loft (有楽町ロフト),Grocery Store,Coffee Shop,Starbucks,Coffee Shop,3,5,7,Sunday
2977,Shop & Service,Seria (セリア つつじヶ丘店),Discount Store,Train Station,Tsutsujigaoka Station (KO14) (つつじヶ丘駅),Rail Station,4,8,8,Monday
2978,Electronics Store,Yodobashi Camera (ヨドバシカメラ 新宿西口本店),Computers and Electronics Retail,Government Building,新宿駅西口交番,Police Station,1,9,10,Thursday
2979,Bike Shop,Y's Road 新宿本館,Bicycle Store,Music Store,ミュージックランド KEY東京新宿店,Music Store,1,4,5,Wednesday
2980,Medical Center,フェニックスメディカルクリニック,Hospital,Café,Cafe Flattie The Stand,Coffee Shop,1,1,2,Wednesday
2981,Hobby Shop,Lashinbang (らしんばん 秋葉原店 本館),Hobby Store,Electronics Store,Yodobashi-Akiba (ヨドバシカメラ マルチメディアAkiba),Electronics Store,1,7,8,Saturday
2982,Mall,,,Dessert Shop,Taiyaki Taichi (たいやき たいち),"Cafe, Coffee, and Tea House",4,4,5,Thursday
2983,Road,,,Bar,酔い子,Sake Bar,1,10,11,Tuesday
2984,Ramen /  Noodle House,Marugame Seimen (丸亀製麺),Udon Restaurant,Bar,vivo! BEER+DINING BAR,Beer Bar,3,11,13,Wednesday
2985,Food & Drink Shop,Ito Yokado (イトーヨーカドー 国領店),Grocery Store,Ramen /  Noodle House,武蔵家国領店,Ramen Restaurant,4,10,10,Tuesday
2986,Arcade,アドアーズ調布南口店,Arcade,Italian Restaurant,グラッチェガーデンズ 調布南口店,Pizzeria,2,8,9,Thursday
2987,Shrine,靖国神社大鳥居,Shrine,River,,,2,8,9,Thursday
2988,Bridge,多摩川橋梁,Bridge,Building,Sunshine City (サンシャインシティ),Shopping Mall,3,22,23,Thursday
2989,Parking,タイムズ渋谷本町第9,Parking,Electronics Store,Yodobashi Camera (ヨドバシカメラ 新宿西口本店),Computers and Electronics Retail,3,5,6,Saturday
2990,River,岩淵水門,Canal Lock,Other Great Outdoors,朝霞水門,Canal Lock,4,21,21,Sunday
2991,Subway,Omote-sando Station (表参道駅),Rail Station,Mall,Laforet Harajuku (ラフォーレ原宿),Shopping Mall,2,3,3,Saturday
2992,Train Station,Takeshita Exit (竹下口),Rail Station,Train Station,Takeshita Exit (竹下口),Rail Station,2,14,15,Saturday
2993,Café,CAFE Vogue Ruby,Café,Electronics Store,サンコー レアモノショップ 秋葉原総本店,Landmarks and Outdoors,2,3,4,Tuesday
2994,Playground,大森グリーンベルト,Playground,Arcade,パソピアート東京,Arcade,2,3,4,Wednesday
2995,Government Building,コロ助像,Monument,Temple,妙楽寺,Temple,2,5,6,Sunday
2996,Food & Drink Shop,Keio Store (京王ストア 稲田堤店),Grocery Store,Food & Drink Shop,Keio Store (京王ストア 稲田堤店),Grocery Store,1,11,12,Monday
2997,Fraternity House,交詢社食堂,Dining and Drinking,Department Store,Matsuya Ginza (松屋銀座),Department Store,3,7,9,Monday
2998,Movie Theater,MOVIX亀有,Movie Theater,Train Station,Kameari Station (亀有駅),Rail Station,1,9,10,Saturday
2999,Train Station,Odakyu Shinjuku Station (OH01) (小田急 新宿駅),Rail Station,Train Station,East Exit (池袋駅 東口),Hospital,2,6,6,Friday
3000,Subway,Tameike-sanno Station (溜池山王駅),Rail Station,Train Station,,,4,6,8,Thursday
3001,Building,KDDI Otemachi Building (KDDI大手町ビル),Business Center,Office,イーサイド,Office,4,0,1,Thursday
3002,Train Station,Hiyoshi Station (日吉駅),Rail Station,Train Station,Hiyoshi Station (日吉駅),Rail Station,2,1,3,Tuesday
3003,Subway,Iwamotocho Station (S08) (岩本町駅),Rail Station,Road,東京IC,Toll Booth,2,13,14,Saturday
3004,Bridge,Kachidoki Bridge (勝鬨橋),Landmarks and Outdoors,Ferry,Tokyo Cruise Asakusa Terminal (浅草水上バス乗り場),Harbor or Marina,4,8,8,Sunday
3005,Post Office,Arakawa Nishi-Oku 7 Post Office (荒川西尾久七郵便局),Post Office,Camera Store,Fujiya Camera (フジヤカメラ 本店),Photography Service,1,5,6,Wednesday
3006,Building,ラジオ会館 1号館,Office Building,Electronics Store,Yodobashi-Akiba (ヨドバシカメラ マルチメディアAkiba),Electronics Store,1,6,7,Thursday
3007,Hobby Shop,Hands (ハンズ),Furniture and Home Store,Food & Drink Shop,Odakyu OX,Grocery Store,2,7,8,Monday
3008,Food & Drink Shop,マジックミシンすすき野とうきゅう店,Repair Service,Food & Drink Shop,食品館あおば 美しが丘店,Supermarket,1,7,8,Saturday
3009,Subway,Hanzomon Station (Z05) (半蔵門駅),Rail Station,General Entertainment,国立劇場大劇場,Theater,4,3,4,Saturday
3010,Mall,2k540 AKI-OKA ARTISAN,Shopping Mall,Office,Akihabara UDX (秋葉原UDX),Business Center,1,8,8,Friday
3011,Park,Westernland (ウエスタンランド),Amusement Park,Park,Tokyo Disneyland (東京ディズニーランド),Amusement Park,2,5,7,Saturday
3012,Park,Mickey's House and Meet Mickey (ミッキーの家とミート・ミッキー),Amusement Park,Park,Chip'n Dale's Treehouse (チップとデールのツリーハウス),Amusement Park,4,8,10,Saturday
3013,Department Store,MATSUZAKAYA GINZA (松坂屋 銀座店),Department Store,Electronics Store,Apple Ginza (Apple 銀座),Landmarks and Outdoors,1,9,10,Saturday
3014,Ramen /  Noodle House,Marugame Seimen (丸亀製麺),Udon Restaurant,Other Great Outdoors,Palace Cycling (パレスサイクリング),Bike Rental,3,3,5,Sunday
3015,Hobby Shop,Lashinbang (らしんばん 秋葉原店 本館),Hobby Store,Electronics Store,Yodobashi-Akiba (ヨドバシカメラ マルチメディアAkiba),Electronics Store,4,10,11,Saturday
3016,Train Station,Chōfu Station (KO18) (調布駅),Rail Station,Food & Drink Shop,Seiyu (西友 調布店),Grocery Store,4,13,13,Sunday
3017,Neighborhood,,,Mall,Ario Kawaguchi (アリオ川口),Shopping Mall,3,3,5,Saturday
3018,Neighborhood,,,Mall,Ario Kawaguchi (アリオ川口),Shopping Mall,3,3,5,Saturday
3019,Clothing Store,American Apparel (アメリカンアパレル 渋谷メンズ),Clothing Store,Miscellaneous Shop,AssistOn (アシストオン 原宿店),Gift Store,4,7,7,Saturday
3020,Mall,Shibuya Hikarie (渋谷ヒカリエ),Business Center,Movie Theater,Theatre Image Forum (シアター・イメージフォーラム),Movie Theater,3,8,9,Sunday
3021,Park,Inokashira Park (井の頭恩賜公園),Park,Train Station,Kichijōji Station (吉祥寺駅),Rail Station,2,4,5,Saturday
3022,Japanese Restaurant,立喰讃岐うどん 和太郎,Udon Restaurant,Food & Drink Shop,Seijo Ishii (成城石井),Grocery Store,2,3,3,Wednesday
3023,Electronics Store,Bic Camera (ビックカメラ 池袋本店),Home Appliance Store,Bowling Alley,Round1 (ラウンドワン 池袋店),Arcade,2,8,10,Tuesday
3024,Electronics Store,Yodobashi-Akiba (ヨドバシカメラ マルチメディアAkiba),Electronics Store,Food & Drink Shop,Seiyu (西友 調布店),Grocery Store,4,9,10,Tuesday
3025,Bar,北海道渋谷駅前店,Sake Bar,Office,Synergy Cafe GMO Yours (シナジーカフェ GMO Yours),Corporate Cafeteria,3,9,10,Thursday
3026,Bookstore,Books Kinokuniya Tokyo,Bookstore,Miscellaneous Shop,,,3,10,11,Monday
3027,Train Station,Kokubunji Station (国分寺駅),Rail Station,Train Station,Kokubunji Station (国分寺駅),Rail Station,1,9,10,Thursday
3028,Subway,Tozai Line Takadanobaba Station (T03) (東西線 高田馬場駅),Metro Station,Building,Marunouchi Park Building (丸の内パークビルディング),Business Center,1,23,0,Monday
3029,Electronics Store,Yodobashi-Akiba (ヨドバシカメラ マルチメディアAkiba),Electronics Store,Indian Restaurant,Andhra Kitchen (アーンドラ・キッチン),South Indian Restaurant,3,6,8,Thursday
3030,Office,Akihabara UDX (秋葉原UDX),Business Center,Indian Restaurant,Andhra Kitchen (アーンドラ・キッチン),South Indian Restaurant,3,7,8,Thursday
3031,Chinese Restaurant,Hau Hau Tei (好々亭),Chinese Restaurant,Electronics Store,Apple Ginza (Apple 銀座),Landmarks and Outdoors,3,3,3,Friday
3032,Café,Café&Meal MUJI 新宿,Café,Bookstore,Books Kinokuniya (紀伊國屋書店),Bookstore,4,3,4,Monday
3033,Café,Caffè Veloce (カフェ・ベローチェ),Coffee Shop,Funeral Home,,,3,15,17,Sunday
3034,Pet Store,,,School,Shakujiinishi Elementary School (練馬区立石神井西小学校),Elementary School,1,1,3,Saturday
3035,College Academic Building,東京都立産業技術高等専門学校荒川キャンパス,College and University,Burger Joint,Burger King (バーガーキング),Fast Food Restaurant,4,3,4,Monday
3036,Gym / Fitness Center,八潮スイミングクラブ,Swimming Club,Bridge,Senju-Ōhashi Bridge (千住大橋),Bridge,3,9,11,Tuesday
3037,Event Space,ベトナムフェスティバル2012,Event Space,Art Museum,Nezu Museum (根津美術館),Art Museum,1,6,6,Saturday
3038,Train Station,Yoyogi-Uehara Station (代々木上原駅),Rail Station,Art Museum,Nezu Museum (根津美術館),Art Museum,4,5,6,Saturday
3039,Bar,酔の助,Sake Bar,Café,炭火焙煎珈琲 PIANO FORTE,Café,3,10,11,Monday
3040,Train Station,Musashi-koyama Station (MG03) (武蔵小山駅),Rail Station,Ramen /  Noodle House,手打蕎麦 ちりん,Soba Restaurant,3,14,15,Monday
3041,Train Station,東南口,Structure,Office,ypsilon inc.,Office,3,0,1,Wednesday
3042,Train Station,東南口,Structure,Subway,Nakano-fujimicho Station (Mb04) (中野富士見町駅),Metro Station,4,0,0,Friday
3043,Bank,SMBC Trust Bank (SMBC信託銀行 新宿東口支店),Bank,Government Building,Korean Cultural Center (駐日韓国文化院),Cultural Center,1,7,9,Thursday
3044,Bridge,,,Bar,Nakameguro Taproom (中目黒タップルーム),Beer Bar,1,9,9,Monday
3045,Art Gallery,Nakano Ropeway (中野ロープウェイ),Miscellaneous Store,Convention Center,Nakano Sunplaza (中野サンプラザ),Convention Center,2,7,8,Sunday
3046,Miscellaneous Shop,ハロー!プロジェクト オフィシャルショップ 渋谷109-2店,Miscellaneous Store,Japanese Restaurant,坐・和民渋谷神南店,Sake Bar,3,10,10,Friday
3047,Hobby Shop,Hands (ハンズ),Furniture and Home Store,Electronics Store,Yodobashi Camera (ヨドバシカメラ 新宿西口本店),Computers and Electronics Retail,2,8,10,Monday
3048,Subway,Kudanshita Station (九段下駅),Rail Station,Office,Kojimachi Odori Building (麹町大通りビル),Office Building,2,0,2,Wednesday
3049,Art Museum,Hara Museum of Contemporary Art (原美術館),Art Museum,Train Station,JR Shinagawa Station (JR 品川駅),Rail Station,1,4,5,Sunday
3050,Event Space,リングキューブ フォトギャラリー,Event Space,Concert Hall,Shinjuku Bunka Center (新宿文化センター),Cultural Center,4,7,9,Saturday
3051,General College & University,Kogakuin University (工学院大学 新宿キャンパス),College and University,Chinese Restaurant,東天紅新宿店,Chinese Restaurant,4,1,2,Friday
3052,General College & University,Kogakuin University (工学院大学 新宿キャンパス),College and University,Train Station,West Exit (新宿駅 西口),Structure,1,1,2,Wednesday
3053,Convenience Store,7-Eleven (セブンイレブン 荒川西日暮里5丁目店),Convenience Store,Convenience Store,FamilyMart (ファミリーマート 神田須田町一丁目店),Convenience Store,4,5,5,Saturday
3054,Bridge,Mansei Bridge (万世橋),Bridge,Fast Food Restaurant,McDonald's (マクドナルド),Burger Joint,2,12,12,Sunday
3055,Train Station,Jimbocho Station (神保町駅),Rail Station,Train Station,Chōfu Station (KO18) (調布駅),Rail Station,3,9,10,Tuesday
3056,Train Station,West Exit (西口),Rail Station,Building,千代田ファーストビル 東館,Office Building,1,22,23,Saturday
3057,Sporting Goods Shop,東京イサミ,Sporting Goods Retail,Subway,,,3,7,8,Friday
3058,Restaurant,Dachibin (抱瓶),Sake Bar,Train Station,Kōenji Station (高円寺駅),Rail Station,4,12,14,Thursday
3059,Train Station,Takeshita Exit (竹下口),Rail Station,Subway,Fukutoshin Line Meiji-jingumae 'Harajuku' Station (F15) (副都心線 明治神宮前 駅),Metro Station,3,10,10,Sunday
3060,Train Station,Takeshita Exit (竹下口),Rail Station,BBQ Joint,Gyu-Kaku (牛角),BBQ Joint,4,10,11,Sunday
3061,Shrine,Meiji Jingu Shrine (明治神宮),Historic and Protected Site,Fast Food Restaurant,McDonald's (マクドナルド),Burger Joint,4,21,21,Tuesday
3062,Coffee Shop,Starbucks (スターバックス),Coffee Shop,Coffee Shop,Starbucks (スターバックス),Coffee Shop,2,4,5,Thursday
3063,Furniture / Home Store,,,Café,,,4,8,9,Saturday
3064,Bookstore,Tsutaya Books (代官山 蔦屋書店),Bookstore,Subway,Hibiya Line Ebisu Station (H02) (日比谷線 恵比寿駅),Metro Station,2,3,5,Saturday
3065,Bridge,Mansei Bridge (万世橋),Bridge,Music Venue,WWW,Concert Hall,2,6,8,Saturday
3066,Japanese Restaurant,にほん酒や,Sake Bar,Hobby Shop,animate (アニメイト 吉祥寺店),Retail,2,4,4,Saturday
3067,General College & University,,,College Academic Building,日本大学文理学部広領域研究センター,College Lab,1,2,3,Saturday
3068,Music Venue,,,Convenience Store,FamilyMart (ファミリーマート 北大塚店),Convenience Store,1,9,10,Wednesday
3069,College Academic Building,Waseda Univ. 16 Bldg. (16号館),College Academic Building,Ramen /  Noodle House,Garasha (我羅奢),Ramen Restaurant,4,0,2,Wednesday
3070,Subway,Waseda Station (T04) (早稲田駅),Metro Station,University,Waseda University Waseda Campus (早稲田大学 早稲田キャンパス),University,2,1,1,Thursday
3071,Ramen /  Noodle House,Oyaji no Seimenjo (親父の製麺所),Udon Restaurant,Train Station,Akihabara Electric Town Exit (電気街口),Structure,1,9,9,Tuesday
3072,Ramen /  Noodle House,Oyaji no Seimenjo (親父の製麺所),Udon Restaurant,Train Station,Nambu Line Musashi-Kosugi Station (南武線 武蔵小杉駅),Rail Station,2,9,10,Thursday
3073,Toy / Game Store,Pop Life Department M's (大人のデパート エムズ),Adult Store,Gift Shop,SKE48 OFFICIAL GOODS SHOP SHIBUYA,Gift Store,3,7,8,Friday
3074,Hobby Shop,GANKING 秋葉原店,Hobby Store,Restaurant,Kitchen Jiro (キッチンジロー),Yoshoku Restaurant,3,6,7,Saturday
3075,Ramen /  Noodle House,Ramen Dai (らーめん大),Ramen Restaurant,Ramen /  Noodle House,ラーメン暖暮池袋西口店,Ramen Restaurant,3,11,12,Monday
3076,College & University,7 Bldg. (立教大学 7号館),College Academic Building,University,Rikkyo University (立教大学 池袋キャンパス),Restaurant,4,2,3,Wednesday
3077,Office,Akihabara UDX (秋葉原UDX),Business Center,Bakery,Little Mermaid (リトルマーメイド),Bakery,2,23,0,Tuesday
3078,Department Store,SOGO (そごう 川口店),Department Store,Drugstore / Pharmacy,富士コンタクトアリオ川口店,Eyecare Store,3,7,8,Sunday
3079,School,川崎市立高津小学校,Elementary School,Library,高津図書館,Library,1,4,5,Sunday
3080,Event Space,belle salle (ベルサール秋葉原),Event Space,Electronics Store,Yodobashi-Akiba (ヨドバシカメラ マルチメディアAkiba),Electronics Store,3,7,8,Sunday
3081,Electronics Store,Yodobashi-Akiba (ヨドバシカメラ マルチメディアAkiba),Electronics Store,Bridge,春江橋,Bridge,3,3,4,Saturday
3082,Electronics Store,東映無線株式会社 テクノハウス東映,Electronics Store,Bridge,春江橋,Bridge,3,8,9,Tuesday
3083,Mall,Fukagawa Gatharia (深川ギャザリア),Shopping Mall,Bridge,枝川橋,Bridge,4,2,2,Wednesday
3084,Train Station,Odaiba-kaihinkōen Station (U06) (お台場海浜公園駅),Rail Station,Fast Food Restaurant,McDonald's (マクドナルド),Burger Joint,1,3,3,Wednesday
3085,Bridge,堀切橋,Bridge,Train Station,Niiza Station (新座駅),Rail Station,2,10,11,Friday
3086,Hobby Shop,animate (アニメイト),Comic Book Store,Electronics Store,Yamada Denki LABI 1 (ヤマダデンキ LABI1 LIFE SELECT 池袋),Home Appliance Store,1,10,12,Tuesday
3087,Train Station,Itabashi Station (板橋駅),Rail Station,Subway,Shin-itabashi Station (I17) (新板橋駅),Metro Station,2,11,11,Friday
3088,Bus Station,高島六の橋バス停,Bus Stop,Park,Akatsuka Park (赤塚公園),Park,4,7,8,Sunday
3089,Subway,Namboku Line Iidabashi Station (N10) (南北線 飯田橋駅),Metro Station,Subway,Namboku Line Shirokane-takanawa Station (N03) (南北線 白金高輪駅),Metro Station,4,6,8,Tuesday
3090,Subway,Namboku Line Iidabashi Station (N10) (南北線 飯田橋駅),Metro Station,Post Office,Minato Shirokane 3 Post office (港白金三郵便局),Post Office,4,6,6,Friday
3091,Mall,Football Avenue (サッカー通り),Road,Electronics Store,Sofmap Akiba 1st Store (ソフマップAKIBA 1号店 サブカル・モバイル館),Retail,4,4,5,Saturday
3092,Electronics Store,Sofmap Akiba 1st Store (ソフマップAKIBA 1号店 サブカル・モバイル館),Retail,Record Shop,TOWER RECORDS,Record Store,2,7,8,Saturday
3093,Bookstore,K-BOOKS,Bookstore,Hobby Shop,Akihabara Gamers (AKIHABARAゲーマーズ),Hobby Store,3,10,10,Wednesday
3094,Mall,,,Mall,,,2,6,7,Thursday
3095,Convenience Store,7-Eleven (セブンイレブン 江東木場3丁目店),Convenience Store,Bridge,鶴歩橋,Bridge,1,9,10,Saturday
3096,Other Nightlife,づめかん 門前仲町店,Sake Bar,Bar,ちび九炉,Sake Bar,4,12,14,Saturday
3097,Chinese Restaurant,Osaka Ohsho (大阪王将),Chinese Restaurant,Office,副会長商店事務所,Office,4,12,13,Friday
3098,Office,副会長商店事務所,Office,Italian Restaurant,Spaghetti Pancho (スパゲッティーのパンチョ),Italian Restaurant,1,11,12,Saturday
3099,University,放送大学東京渋谷学習センター,College Classroom,Bar,SOUND MUSEUM VISION,Night Club,2,7,8,Sunday
3100,Food & Drink Shop,やまや道玄坂店,Retail,Bar,SOUND MUSEUM VISION,Night Club,3,3,5,Saturday
3101,Electronics Store,Yodobashi-Akiba (ヨドバシカメラ マルチメディアAkiba),Electronics Store,Bookstore,Comic Toranoana A (コミックとらのあな 秋葉原店A),Comic Book Store,3,9,10,Tuesday
3102,Food & Drink Shop,Olympic (オリンピック 中野坂上店),Grocery Store,Ramen /  Noodle House,Ramen Jiro (ラーメン二郎 桜台駅前店),Ramen Restaurant,1,11,12,Wednesday
3103,Salon / Barbershop,江東理容室,Barbershop,Japanese Restaurant,,,3,6,6,Sunday
3104,Japanese Restaurant,Sukiya (すき家),Restaurant,Neighborhood,,,2,5,6,Sunday
3105,Convenience Store,7-Eleven (セブンイレブン 白金台プラチナ通り店),Convenience Store,Subway,Ginza Station (銀座駅),Rail Station,2,8,9,Monday
3106,Burger Joint,Burger Mania,Burger Joint,Office,Cookpad Inc. (クックパッド株式会社),Office,1,3,4,Monday
3107,Train Station,Musashi-Nakahara Station (武蔵中原駅),Rail Station,Office,富士通研究所,Office,2,3,4,Friday
3108,Building,ARK Hills (アークヒルズ),Business Center,Embassy / Consulate,Embassy of the United States of America (米国大使館),Embassy or Consulate,4,1,2,Saturday
3109,Building,Marunouchi Building (丸の内ビルディング),Business Center,Smoke Shop,,,1,1,2,Saturday
3110,Salon / Barbershop,バーバーイノウエ,Health and Beauty Service,Furniture / Home Store,DCMホーマック 大井競馬場前店,Home Service,2,6,6,Sunday
3111,Department Store,Wira Ooi (ウィラ大井),Retail,Furniture / Home Store,DCMホーマック 大井競馬場前店,Home Service,1,3,3,Saturday
3112,Medical Center,松山クリニック,Hospital,Food & Drink Shop,PUDOステーション サミットストア 池上8丁目店,Grocery Store,3,1,3,Friday
3113,Train Station,Central Gate (中央改札 (Yostar改札)),Structure,Electronics Store,Yodobashi-Akiba (ヨドバシカメラ マルチメディアAkiba),Electronics Store,2,4,5,Sunday
3114,Plaza,Cinecity Plaza (シネシティ広場),Plaza,Food & Drink Shop,Inageya (いなげや 浦和ときわ店),Grocery Store,4,5,7,Saturday
3115,Temple,Kawasaki Daishi (川崎大師),Temple,Train Station,Keikyū Kamata Station (KK11) (京急蒲田駅),Rail Station,2,8,9,Wednesday
3116,Bus Station,Oji Sta. Bus Stop (王子駅前バス停),Bus Stop,Park,Kinshi Park (錦糸公園),Park,1,4,6,Saturday
3117,Airport,Terminal 1 (第1ターミナル),Airport Terminal,Train Station,Ōmori Station (大森駅),Rail Station,1,9,10,Saturday
3118,Food & Drink Shop,Seiyu (西友 調布店),Grocery Store,College Academic Building,東34号館,College Technology Building,2,2,2,Thursday
3119,Video Game Store,TRADER Akihabara 2nd (TRADER 秋葉原2号店),Video Games Store,Electronics Store,Yodobashi-Akiba (ヨドバシカメラ マルチメディアAkiba),Electronics Store,4,7,7,Saturday
3120,Bookstore,COMIC ZIN,Comic Book Store,Bar,Darts Cafe&Bar Tribal Cross,Café,4,10,11,Thursday
3121,Mall,Yanaka Ginza Shotengai (谷中銀座商店街),Shopping Mall,Bookstore,Mandarake Complex (まんだらけ コンプレックス),Retail,4,4,6,Saturday
3122,Bar,やきとんかど,Sake Bar,Furniture / Home Store,Olympic (オリンピック 中落合店),Discount Store,1,8,8,Friday
3123,Ramen /  Noodle House,Fukushin Nakai (福しん 中井店),Ramen Restaurant,Food & Drink Shop,ローソン,Convenience Store,2,4,5,Sunday
3124,Diner,東京チカラめし 門前仲町店,Diner,Subway,Shinjuku Line Shinjuku Station (S01) (都営新宿線 新宿駅),Metro Station,3,3,4,Saturday
3125,Bookstore,Books Sanseido (三省堂書店),Bookstore,Italian Restaurant,パラフレーズ,Italian Restaurant,1,11,11,Friday
3126,Mall,VenusFort (ヴィーナスフォート),Shopping Mall,Concert Hall,Zepp Tokyo,Sports and Recreation,4,10,11,Wednesday
3127,Train Station,Tokyo Teleport Station (R04) (東京テレポート駅),Rail Station,Mall,Aqua City Odaiba (アクアシティお台場),Shopping Mall,2,2,2,Saturday
3128,Fast Food Restaurant,Burger King (バーガーキング),Burger Joint,University,Nihon University College of Economics (日本大学経済学部),College and University,4,1,2,Saturday
3129,Subway,Nogizaka Station (C05) (乃木坂駅),Rail Station,Café,Coffee Room Renoir (喫茶室ルノアール),Café,3,5,7,Friday
3130,Electronics Store,Bic Camera (ビックカメラ),Electronics Store,Road,浅草橋駅西口交差点,Travel and Transportation,4,3,4,Sunday
3131,Ramen /  Noodle House,Marugame Seimen (丸亀製麺),Udon Restaurant,Subway,Oedo Line Shinjuku Station (E27) (都営大江戸線 新宿駅),Metro Station,4,10,10,Monday
3132,Ramen /  Noodle House,麺屋宗一,Ramen Restaurant,Subway,Kagurazaka Station (T05) (神楽坂駅),Rail Station,3,5,5,Thursday
3133,Convention Center,Tokyo International Forum (東京国際フォーラム),Convention Center,Subway,Waseda Station (T04) (早稲田駅),Metro Station,2,2,3,Tuesday
3134,Mall,Omotesando Hills (表参道ヒルズ),Shopping Mall,Ramen /  Noodle House,赤坂ふ,Chinese Restaurant,1,6,7,Sunday
3135,Art Museum,"The National Art Center, Tokyo (国立新美術館)",Art Museum,Scenic Lookout,Sky Deck (スカイデッキ),Roof Deck,2,7,9,Thursday
3136,Subway,Oedo Line Yoyogi Station (E26) (都営大江戸線 代々木駅),Metro Station,Fast Food Restaurant,McDonald's (マクドナルド),Burger Joint,3,23,23,Saturday
3137,Subway,Oedo Line Yoyogi Station (E26) (都営大江戸線 代々木駅),Metro Station,Event Space,綿商会館,Real Estate Service,4,23,0,Saturday
3138,College Academic Building,Fukagawa Library (深川図書館),Library,Subway,Oedo Line Kiyosumi-shirakawa Station (E14) (都営大江戸線 清澄白河駅),Metro Station,2,6,8,Friday
3139,Building,Pyramide (六本木 ピラミデビル),Office Building,Scenic Lookout,Sky Deck (スカイデッキ),Roof Deck,1,10,10,Thursday
3140,Furniture / Home Store,ニトリ 中目黒店,Furniture and Home Store,Bar,炭火家 りん,Sake Bar,3,5,6,Monday
3141,Bar,Akimotoya (秋元屋),Sake Bar,Art Gallery,3331 Arts Chiyoda,Arts and Entertainment,2,10,11,Friday
3142,Record Shop,TOWER RECORDS,Retail,Café,beez 渋谷,Café,1,8,10,Saturday
3143,Ramen /  Noodle House,Ramen Jiro (ラーメン二郎 新橋店),Ramen Restaurant,Hobby Shop,Lashinbang (らしんばん 秋葉原店 本館),Hobby Store,3,8,10,Friday
3144,Mall,Nakano Broadway (中野ブロードウェイ),Shopping Plaza,Café,Wonder Parlour Cafe,Café,1,2,4,Sunday
3145,Building,Sunshine City (サンシャインシティ),Shopping Mall,Café,Wonder Parlour Cafe,Café,3,3,4,Sunday
3146,Coffee Shop,Doutor Coffee Shop (ドトールコーヒーショップ 神田淡路町店),Café,Bar,酔い子,Sake Bar,4,7,8,Tuesday
3147,Park,Hibiya Park Fountain (大噴水),Fountain,Government Building,Tokyo District Court (東京地方裁判所),Courthouse,2,1,2,Wednesday
3148,Asian Restaurant,インドアジアンダイニング BLUE SKY,Asian Restaurant,Hotel,Comfort Hotel Tokyo Kiyosumi Shirakawa (コンフォートホテル東京清澄白河),Hotel,1,11,12,Monday
3149,Movie Theater,銀座 シネパトス 3,Movie Theater,Train Station,Maihama Station (舞浜駅),Rail Station,3,23,23,Saturday
3150,Bookstore,Comic Toranoana A (コミックとらのあな 秋葉原店A),Comic Book Store,Food & Drink Shop,Seiyu (西友 巣鴨店),Grocery Store,1,11,12,Friday
3151,Office,Akihabara UDX (秋葉原UDX),Business Center,Subway,Ogawamachi Station (S07) (小川町駅),Rail Station,1,4,5,Friday
3152,Government Building,Tokyo Skytree (東京スカイツリー),Monument,Mall,DiverCity Tokyo Plaza (ダイバーシティ東京 プラザ),Shopping Mall,2,2,4,Wednesday
3153,Convenience Store,ファミリーマート,Convenience Store,Gym / Fitness Center,Tokyu Sports Oasis (東急スポーツオアシス 港北店),Cultural Center,4,11,13,Monday
3154,Ramen /  Noodle House,Suehiro Ramen Honpo (末廣ラーメン本舗),Ramen Restaurant,Ramen /  Noodle House,Ramen Jiro (ラーメン二郎 ひばりヶ丘駅前店),Ramen Restaurant,1,3,4,Friday
3155,Electronics Store,Yodobashi Camera Multimedia Pavilion (ヨドバシカメラ マルチメディア館),Home Appliance Store,Train Station,JR Nippori Station (JR 日暮里駅),Rail Station,3,7,8,Monday
3156,Italian Restaurant,LOVEL DINING (ラブルダイニング),Italian Restaurant,Italian Restaurant,LOVEL DINING (ラブルダイニング),Italian Restaurant,3,15,17,Wednesday
3157,Bar,LOVEL (ラブル),Sake Bar,Bar,LOVEL (ラブル),Sake Bar,4,12,14,Tuesday
3158,Ramen /  Noodle House,だるまのめ 御徒町店,Noodle Restaurant,Food & Drink Shop,7-Eleven (セブンイレブン 台東東上野1丁目店),Convenience Store,3,3,3,Friday
3159,Train Station,Hamamatsucho Station (浜松町駅),Rail Station,Airport,Terminal 1 (第1ターミナル),Airport Terminal,4,9,10,Wednesday
3160,Bookstore,Yurindo (有隣堂),Bookstore,Office,Arco Tower (アルコタワー),Business Center,3,6,7,Wednesday
3161,Bookstore,Books Kinokuniya (紀伊國屋書店),Bookstore,Train Station,,,2,9,10,Thursday
3162,Subway,Sendagi Station (C15) (千駄木駅),Rail Station,Train Station,Minami-Senju Station (南千住駅),Rail Station,1,3,5,Monday
3163,Ramen /  Noodle House,麺飯食堂八右衛門,Ramen Restaurant,Ramen /  Noodle House,中華そば青葉北千住マルイ店,Ramen Restaurant,2,2,4,Monday
3164,Food & Drink Shop,東館,Grocery Store,Road,Sanya Dori St. (三谷通り),Road,1,12,12,Friday
3165,Train Station,Keio Shinjuku Station (KO01) (京王 新宿駅),Rail Station,Camera Store,ヨドバシカメラ カメラ総合館,Camera Store,1,7,8,Saturday
3166,History Museum,Fukagawa Edo Museum (深川江戸資料館),Museum,Art Museum,Museum of Contemporary Art Tokyo (MOT) (東京都現代美術館),Museum,1,3,4,Friday
3167,Bar,おちんちんランド,Gay Bar,Medical Center,池袋クリニック,Doctor's Office,2,5,6,Thursday
3168,Electronics Store,Yamada Denki LABI 1 (ヤマダデンキ LABI1 LIFE SELECT 池袋),Home Appliance Store,Subway,Shin-ochanomizu Station (C12) (新御茶ノ水駅),Metro Station,1,4,6,Friday
3169,Electronics Store,Yamada Denki LABI 1 (ヤマダデンキ LABI1 LIFE SELECT 池袋),Home Appliance Store,Electronics Store,Yamada Denki LABI 1 (ヤマダデンキ LABI1 LIFE SELECT 池袋),Home Appliance Store,2,3,4,Friday
3170,Subway,Suehirocho Station (G14) (末広町駅),Metro Station,Ramen /  Noodle House,Hakata Furyu (博多風龍 秋葉原総本店),Ramen Restaurant,4,10,11,Friday
3171,Board Shop,ワンゲルスポーツ,Sporting Goods Retail,Fast Food Restaurant,McDonald's (マクドナルド),Burger Joint,3,6,7,Monday
3172,Train Station,Den-en-toshi Line Shibuya Station (DT01) (東急田園都市線 渋谷駅),Rail Station,Stadium,Yoyogi 2nd Gymnasium (国立代々木競技場 第二体育館),Stadium,3,0,1,Saturday
3173,Subway,Tameike-sanno Station (溜池山王駅),Rail Station,Concert Hall,Mynavi Blitz Akasaka (マイナビBLITZ赤坂),Concert Hall,1,9,9,Friday
3174,Subway,Kachidoki Station (E17) (勝どき駅),Rail Station,Japanese Restaurant,Kanemasu (かねます),Bar,2,7,8,Wednesday
3175,Electronics Store,Yodobashi-Akiba (ヨドバシカメラ マルチメディアAkiba),Electronics Store,Miscellaneous Shop,MUJI (無印良品),Clothing Store,3,9,10,Saturday
3176,Train Station,Shimo-Kitazawa Station (下北沢駅),Rail Station,Bar,AOYAMA TUNNEL,Night Club,2,8,10,Sunday
3177,Park,Nakameguro Park (中目黒公園),Park,Ramen /  Noodle House,,,2,11,12,Wednesday
3178,Museum,唐澤博物館,Art Museum,University,日本大学藝術学部江古田校舎,University,1,6,7,Thursday
3179,Mall,Nakano Sun Mall Shotengai (中野サンモール商店街),Shopping Mall,Bar,どるをた酒場赤羽橋,Sake Bar,3,9,10,Sunday
3180,Train Station,Tama-plaza Station (DT15) (たまプラーザ駅),Rail Station,Train Station,Tama-plaza Station (DT15) (たまプラーザ駅),Rail Station,1,6,7,Sunday
3181,Mall,Northport Mall (ノースポート・モール),Shopping Mall,Mall,Northport Mall (ノースポート・モール),Shopping Mall,1,10,11,Saturday
3182,Ramen /  Noodle House,Ramen Dai (らーめん大),Ramen Restaurant,Home (private),,,3,5,5,Friday
3183,Ramen /  Noodle House,Ramen Dai (らーめん大),Ramen Restaurant,Home (private),,,3,5,5,Friday
3184,Electronics Store,Yodobashi-Akiba (ヨドバシカメラ マルチメディアAkiba),Electronics Store,Arcade,パソピアート東京,Arcade,4,10,11,Thursday
3185,Train Station,Kamata Station (蒲田駅),Rail Station,Bookstore,コミックとらのあな 蒲田店,Comic Book Store,4,10,10,Monday
3186,Arcade,Tokyo Leisure Land (東京レジャーランド 秋葉原店),Arcade,Toy / Game Store,ボークス秋葉原ホビー天国,Toy Store,2,3,4,Sunday
3187,Event Space,Tokyo Metropolitan Industrial Trade Center Taito-kan (東京都立産業貿易センター台東館),Convention Center,Café,EXCELSIOR CAFFÉ,Coffee Shop,3,3,4,Sunday
3188,Asian Restaurant,PepaCafé Forest (ペパカフェ フォレスト),Café,Café,Komeda's Coffee (コメダ珈琲店),Café,4,7,8,Wednesday
3189,Library,稲城市立中央図書館,Library,Library,稲城市立中央図書館,Library,2,5,5,Monday
3190,Government Building,Fuchu City Hall (府中市役所),City Hall,Bike Shop,Fuchu 2 Rinkan (府中2りんかん),Automotive Retail,2,3,5,Wednesday
3191,Hobby Shop,Gamers (ゲーマーズ),Hobby Store,Video Store,TSUTAYA,Video Store,2,9,10,Thursday
3192,Post Office,Chiyoda Marunouchi Post Office (千代田丸ノ内郵便局),Post Office,Hobby Shop,PARTS CLUB 駅前店,Arts and Crafts Store,4,4,6,Friday
3193,Department Store,Matsuzakaya (松坂屋 上野店),Dessert Shop,Shrine,Yushima Tenmangu Shrine (湯島天満宮),Shrine,3,6,7,Saturday
3194,Arcade,Tokyo Leisure Land (東京レジャーランド 秋葉原店),Arcade,Home (private),ユコンさんの実家,,1,11,12,Friday
3195,Convenience Store,NEWDAYS 秋葉原,Convenience Store,Coffee Shop,Doutor Coffee Shop (ドトールコーヒーショップ),Café,2,2,2,Saturday
3196,Food & Drink Shop,Ozeki (オオゼキ 下北沢店),Grocery Store,Asian Restaurant,Magic Spice (マジックスパイス),Japanese Curry Restaurant,4,7,9,Saturday
3197,Bowling Alley,Round1 Stadium (ラウンドワンスタジアム 板橋店),Arcade,Dessert Shop,シャトレーゼ豊島園店,"Cafe, Coffee, and Tea House",4,1,1,Wednesday
3198,Japanese Restaurant,,,Convenience Store,Lawson Store 100 (ローソンストア100 北上野二丁目店),Convenience Store,1,3,4,Tuesday
3199,Record Shop,TOWER RECORDS,Record Store,Japanese Restaurant,よござんす,Bar,1,8,9,Friday
3200,Subway,Ningyocho Station (人形町駅),Metro Station,Subway,Tsukiji Station (H11) (築地駅),Rail Station,4,9,10,Monday
3201,Bookstore,まんがの森上野店,Bookstore,Bike Shop,Y's Road (ワイズロード上野アサゾー),Retail,3,8,9,Saturday
3202,Subway,Hibiya Line Ueno Station (H18) (日比谷線 上野駅),Metro Station,Bike Shop,Y's Road (ワイズロード上野アサゾー),Retail,1,8,9,Saturday
3203,Office,,,Electronics Store,Bic Camera (ビックカメラ 有楽町店),Home Appliance Store,4,2,3,Friday
3204,Office,Akihabara UDX (秋葉原UDX),Business Center,Bar,HUB,Pub,1,4,5,Wednesday
3205,Building,ガーデンシティ品川御殿山,Office Building,Spa / Massage,あおいカイロプラクティック院,Chiropractor,3,9,9,Monday
3206,Subway,Mitsukoshimae Station (三越前駅),Rail Station,Chinese Restaurant,Akasaka Hanten (赤坂飯店),Chinese Restaurant,2,11,12,Friday
3207,Train Station,Kōenji Station (高円寺駅),Rail Station,Other Great Outdoors,,,1,8,9,Saturday
3208,Bridge,Rainbow Bridge (レインボーブリッジ),Bridge,Rest Area,Yoyogi PA (代々木PA),Rest Area,3,12,13,Saturday
3209,Train Station,Maihama Station (舞浜駅),Rail Station,Convenience Store,FamilyMart (ファミリーマート),Convenience Store,4,23,23,Wednesday
3210,Bridge,天王洲ふれあい橋,Landmarks and Outdoors,Paper / Office Supplies Store,文具店 tag 品川天王洲アイル店,Office Supply Store,1,0,1,Wednesday
3211,Medical Center,日本大学歯学部付属歯科病院,Hospital,Subway,,,1,6,7,Wednesday
3212,Italian Restaurant,PASTA BAR PASTA BELLA,Italian Restaurant,Subway,,,4,6,7,Wednesday
3213,History Museum,めぐろ歴史資料館,History Museum,Subway,,,2,6,8,Friday
3214,History Museum,Meiji University Museum (明治大学博物館),History Museum,Ramen /  Noodle House,Marugame Seimen (丸亀製麺),Udon Restaurant,4,2,4,Sunday
3215,Stadium,Tokyo Dome (東京ドーム),Stadium,Racetrack,Wins (ウインズ後楽園),Betting Shop,1,6,7,Saturday
3216,Food & Drink Shop,ECOM駿河台 ,Food Court,Train Station,JR Ochanomizu Station (JR 御茶ノ水駅),Rail Station,4,3,4,Tuesday
3217,Train Station,JR Yūrakuchō Station (JR 有楽町駅),Rail Station,Café,Cafe de Crie Akasaka Nichome,Café,3,2,3,Thursday
3218,Mobile Phone Shop,ドコモショップ 新宿東口店,Mobile Company,General Entertainment,,,4,6,7,Saturday
3219,Convenience Store,7-Eleven (セブンイレブン 東洋大学白山キャンパス店),Convenience Store,Subway,Hon-komagome Station (N13) (本駒込駅),Rail Station,1,10,12,Tuesday
3220,Subway,Namboku Line Oji Station (N16) (南北線 王子駅),Metro Station,University,Toyo University Hakusan Campus (東洋大学 白山キャンパス),College and University,4,9,9,Wednesday
3221,Train Station,Higashi-Kurume Station (SI14) (東久留米駅),Rail Station,Train Station,Higashi-Kurume Station (SI14) (東久留米駅),Rail Station,2,3,4,Sunday
3222,Bar,HUB 市ヶ谷店,Pub,Train Station,Higashi-Kurume Station (SI14) (東久留米駅),Rail Station,4,12,13,Monday
3223,Hobby Shop,洛西モデル東京店,Retail,Arcade,SEGA Akihabara 4 (セガ秋葉原4号館),Arcade,2,5,6,Monday
3224,Restaurant,Sutadonya (伝説のすた丼屋),Donburi Restaurant,Electronics Store,Yodobashi Camera (ヨドバシカメラ マルチメディア川崎ルフロン),Home Appliance Store,3,3,5,Saturday
3225,Government Building,LOVE,Public Art,Train Station,Kasai-Rinkai Park Station (葛西臨海公園駅),Rail Station,2,20,21,Thursday
3226,Plaza,Herbert von Karajan Plaza (アーク・カラヤン広場),Plaza,Office,副会長商店事務所,Office,4,12,13,Monday
3227,Arcade,Taito Station (タイトーステーション 新宿南口ゲームワールド店),Arcade,Bar,信州炉端串の蔵新宿南口店,Sake Bar,1,10,12,Friday
3228,American Restaurant,TGI Fridays,American Restaurant,Indian Restaurant,CoCo Ichibanya (CoCo壱番屋),Restaurant,2,15,15,Monday
3229,Subway,Tozai Line Nihombashi Station (T10) (東西線 日本橋駅),Metro Station,Subway,Ginza Line Nihombashi Station (G11) (銀座線 日本橋駅),Metro Station,3,4,4,Tuesday
3230,Subway,Minami-gyotoku Station (T19) (南行徳駅),Metro Station,Ramen /  Noodle House,Yudetaro (ゆで太郎),Soba Restaurant,2,23,0,Monday
3231,Subway,Shiodome Station (汐留駅),Rail Station,Museum,MEGA WEB,Amusement Park,2,6,7,Friday
3232,Train Station,Higashi-Fushimi Station (SS15) (東伏見駅),Rail Station,Train Station,Higashi-Fushimi Station (SS15) (東伏見駅),Rail Station,2,8,9,Tuesday
3233,Shrine,天祖神社社務所,Shrine,Subway,Shin-otsuka Station (M24) (新大塚駅),Metro Station,3,5,6,Saturday
3234,Ramen /  Noodle House,Yojinbo (用心棒 本号),Ramen Restaurant,Food & Drink Shop,Santoku (三徳 白山店),Grocery Store,4,5,6,Saturday
3235,Mobile Phone Shop,テルルモバイル NEO秋葉原店,Mobile Phone Store,Fast Food Restaurant,McDonald's (マクドナルド),Fast Food Restaurant,2,9,10,Monday
3236,Food & Drink Shop,Tsukiji Outer Market (築地場外市場),Japanese Restaurant,Drugstore / Pharmacy,Drug Papasu (どらっぐぱぱす 築地店),Drugstore,2,7,7,Sunday
3237,College Academic Building,専修大学グリークラブ部室,College Quad,Train Station,Mukogaoka-Yuen Station (OH19) (向ヶ丘遊園駅),Rail Station,1,10,12,Friday
3238,University,Senshu Univ. Ikuta campus (専修大学 生田キャンパス),University,Japanese Restaurant,Sutadonya (伝説のすた丼屋),Donburi Restaurant,3,11,13,Monday
3239,Sporting Goods Shop,サンスイ 渋谷本店 海釣り館,Fishing Store,Hobby Shop,フィッシングジャンボ上州屋渋谷店,Fishing Store,2,2,3,Sunday
3240,Train Station,Kokusai-tenjijō Station (R03) (国際展示場駅),Travel and Transportation,Convention Center,East Exhibition Hall (東展示棟),Convention Center,3,0,1,Thursday
3241,Subway,Toyosu Station (豊洲駅),Metro Station,Japanese Restaurant,八剣伝上北沢店,Bar,2,12,14,Sunday
3242,Subway,Oedo Line Shinjuku Station (E27) (都営大江戸線 新宿駅),Metro Station,Mall,Roppongi Hills (六本木ヒルズ),Shopping Mall,4,23,0,Sunday
3243,Chinese Restaurant,中国東北家郷料理永利豊洲駅前店,Dongbei Restaurant,Subway,Toyosu Station (豊洲駅),Metro Station,4,5,6,Sunday
3244,Burger Joint,McDonald's (マクドナルド),Burger Joint,Subway,Toyosu Station (豊洲駅),Metro Station,2,5,6,Saturday
3245,Subway,Akasaka-mitsuke Station (赤坂見附駅),Metro Station,Temple,於岩稲荷陽運寺,Buddhist Temple,4,8,8,Saturday
3246,Subway,Yoyogi-koen Station (C02) (代々木公園駅),Metro Station,Garden,Koishikawa Kōrakuen Gardens (小石川後楽園),Garden,2,4,5,Tuesday
3247,Airport,Terminal 2 (第2ターミナル),Airport Terminal,Airport,Terminal 2 (第2ターミナル),Airport Terminal,4,6,6,Monday
3248,Concert Hall,Muza Kawasaki (ミューザ川崎),Business Center,Arcade,シルクハット 川崎モアーズ,Arcade,1,4,5,Sunday
3249,Mall,あけぼの橋通り商店街,Shopping Mall,Subway,Shinjuku Line Ichigaya Station (S04) (都営新宿線 市ヶ谷駅),Metro Station,1,4,4,Saturday
3250,Bookstore,COMIC ZIN,Comic Book Store,Subway,Akebonobashi Station (S03) (曙橋駅),Rail Station,1,5,6,Saturday
3251,Food & Drink Shop,My Basket (まいばすけっと 大岡山1丁目店),Grocery Store,Convenience Store,7-Eleven (セブンイレブン 大田区北千束3丁目店),Convenience Store,3,9,11,Thursday
3252,Snack Place,カリーポップコーン,Snack Place,Café,ピアリア(Piaria) Sweets & Bakery Cafe,Café,3,1,1,Sunday
3253,Library,大田区立図書館入新井,Library,Italian Restaurant,Nishiki DINING (ニシキダイニング),Italian Restaurant,1,9,10,Friday
3254,Sandwich Place,Subway (サブウェイ),Sandwich Spot,Food & Drink Shop,Peacock Store (ピーコックストア),Grocery Store,3,8,8,Friday
3255,Train Station,JR 4番線ホーム,Platform,Convenience Store,サンクス 武蔵新城店,Convenience Store,4,10,11,Wednesday
3256,Restaurant,Rakeru (ラケル),Yoshoku Restaurant,Train Station,Noborito Station (登戸駅),Rail Station,2,10,12,Friday
3257,Food & Drink Shop,Lawson Store 100 (ローソンストア100 新宿早稲田通店),Convenience Store,Hobby Shop,Don Quijote (ドン・キホーテ 新宿歌舞伎町店),Discount Store,2,10,12,Thursday
3258,Café,Coffee Shop ROYS,Café,Café,Cafe&Bar QueensCourt,Café,2,7,8,Monday
3259,Bookstore,COMIC ZIN,Comic Book Store,Mall,atré Akihabara 1 (アトレ秋葉原1),Shopping Mall,1,8,10,Saturday
3260,Electronics Store,Yodobashi-Akiba (ヨドバシカメラ マルチメディアAkiba),Electronics Store,Coffee Shop,Doutor Coffee Shop (ドトールコーヒーショップ),Coffee Shop,3,0,2,Monday
3261,University,Senshu Univ. Ikuta campus (専修大学 生田キャンパス),University,Train Station,Mukogaoka-Yuen Station (OH19) (向ヶ丘遊園駅),Rail Station,4,9,9,Monday
3262,Train Station,Kawasaki Station (川崎駅),Rail Station,Bar,琥珀の泉,Sake Bar,4,8,10,Sunday
3263,Shrine,Kanda Myojin Shrine (神田明神),Wedding Hall,Concert Hall,Tokyo Dome City Hall (東京ドームシティホール),Concert Hall,1,5,5,Tuesday
3264,Japanese Restaurant,,,Mall,atré Akihabara 1 (アトレ秋葉原1),Shopping Mall,4,3,4,Saturday
3265,Bar,Marumasuya (まるます家 総本店),Bar,Train Station,Akabane Station (赤羽駅),Rail Station,4,2,4,Sunday
3266,Train Station,Akabane Station (赤羽駅),Rail Station,Japanese Restaurant,Yoneyama (米山),BBQ Joint,4,7,8,Saturday
3267,Mall,Tokyo Midtown (東京ミッドタウン),Retail,Burger Joint,Baker Bounce 東京ミッドタウン店,Burger Joint,4,2,3,Friday
3268,Subway,Toyosu Station (豊洲駅),Metro Station,Electronics Store,Bic Camera (ビックカメラ 有楽町店),Home Appliance Store,3,8,9,Sunday
3269,Clothing Store,洋服の青山水道橋東口店,Clothing Store,Stadium,Tokyo Dome (東京ドーム),Stadium,4,9,9,Friday
3270,Sushi Restaurant,Sushiro (スシロー),Japanese Family Restaurant,Park,西口さくら緑地,Park,2,6,7,Monday
3271,Bridge,Azumabashi Bridge (吾妻橋),Bridge,Hotel,Park Hotel Tokyo (パークホテル東京),Hotel,1,1,3,Saturday
3272,Subway,Oedo Line Daimon Station (E20) (都営大江戸線 大門駅),Metro Station,Airport,Terminal 2 (第2ターミナル),Airport Terminal,3,23,23,Tuesday
3273,Home (private),,,Bridge,東海道本線六郷川橋梁,Bridge,4,11,11,Monday
3274,Bridge,鶴見川橋梁,Bridge,Sculpture Garden,仲間,Public Art,3,23,23,Sunday
3275,Hobby Shop,Tamiya Plamodel Factory (タミヤ プラモデルファクトリー),Golf Store,BBQ Joint,闇市ジョニー 新橋店,Bar,4,10,11,Wednesday
3276,Bridge,Tokyo Gate Bridge (東京ゲートブリッジ),Bridge,Athletic & Sport,Wakasu Golf Links (若洲ゴルフリンクス),Golf Course,2,6,6,Sunday
3277,Subway,Asakusa Line Mita Station (A08) (都営浅草線 三田駅),Metro Station,University,東京科学大学 田町キャンパス,University,1,5,6,Thursday
3278,Korean Restaurant,ナルゲ,BBQ Joint,University,東京科学大学 田町キャンパス,University,4,4,5,Thursday
3279,Salon / Barbershop,QB House (QBハウス),Barbershop,Train Station,Nihombashi Exit (日本橋口),Structure,4,10,11,Wednesday
3280,Train Station,Konan Exit (港南口),Plaza,Bookstore,Books Sanseido (三省堂書店),Bookstore,4,10,11,Wednesday
3281,Coffee Shop,Tully's Coffee,Coffee Shop,Gift Shop,Access Ticket (アクセスチケット 新宿西口店),Ticket Seller,4,7,8,Monday
3282,Coffee Shop,Tully's Coffee,Coffee Shop,Convenience Store,ファミリーマート,Convenience Store,1,7,8,Monday
3283,Train Station,Chōfu Station (KO18) (調布駅),Rail Station,Department Store,Parco (調布PARCO),Shopping Mall,1,9,10,Saturday
3284,Food & Drink Shop,Seiyu (西友 調布店),Grocery Store,Train Station,Chōfu Station (KO18) (調布駅),Rail Station,2,8,9,Saturday
3285,Train Station,JR Kamata Station (JR 蒲田駅),Rail Station,Hobby Shop,animate (アニメイト),Retail,1,3,4,Thursday
3286,Chinese Restaurant,你好 ニーハオ 恵馨閣,Chinese Restaurant,Airport,Terminal 3 (第3ターミナル),Airport Terminal,4,2,4,Wednesday
3287,Bookstore,Comic Toranoana A (コミックとらのあな 秋葉原店A),Comic Book Store,Bar,,,2,8,9,Monday
3288,Electronics Store,Yodobashi-Akiba (ヨドバシカメラ マルチメディアAkiba),Electronics Store,Ramen /  Noodle House,Menya Musashi Bujin (麺屋武蔵 武仁),Ramen Restaurant,2,11,12,Monday
3289,Train Station,Tsunashima Station (TY14) (綱島駅),Rail Station,Train Station,Tsunashima Station (TY14) (綱島駅),Rail Station,2,8,9,Sunday
3290,Bookstore,COOKCOOP,Bookstore,Train Station,Shibuya Station (渋谷駅),Rail Station,4,6,6,Saturday
3291,Bar,vivo daily stand 中野本店,Bar,Gastropub,フローチャート,Gastropub,3,12,13,Sunday
3292,Bridge,Mansei Bridge (万世橋),Bridge,Coffee Shop,Starbucks (スターバックス),Coffee Shop,4,10,10,Friday
3293,Electronics Store,Yodobashi-Akiba (ヨドバシカメラ マルチメディアAkiba),Electronics Store,Japanese Restaurant,Matsuya (松屋),Restaurant,1,3,3,Friday
3294,Ramen /  Noodle House,Ramen Jiro (ラーメン二郎 西台駅前店),Ramen Restaurant,Subway,Mita Line Suidobashi Station (I11) (都営三田線 水道橋駅),Metro Station,1,3,5,Tuesday
3295,College Academic Building,,,Temple,来迎山宗福寺,Buddhist Temple,4,10,11,Monday
3296,Train Station,Takeshita Exit (竹下口),Rail Station,Building,Mode Gakuen Cocoon Tower (モード学園コクーンタワー),Structure,4,13,14,Friday
3297,Diner,東京チカラめし 秋葉原1号店,Diner,Arcade,Tokyo Leisure Land (東京レジャーランド 秋葉原店),Arcade,2,5,5,Sunday
3298,Train Station,Fuda Station (KO17) (布田駅),Rail Station,Video Store,TSUTAYA,Video Store,4,8,9,Tuesday
3299,Road,宮下公園交差点,Travel and Transportation,Train Station,Inokashira Line Shibuya Station (IN01) (京王井の頭線 渋谷駅),Rail Station,2,0,1,Sunday
3300,Plaza,SL Plaza (SL広場),Plaza,Office,JT Building (JTビル),Business Center,1,22,22,Monday
3301,Train Station,Shimomaruko Station (下丸子駅),Rail Station,Dessert Shop,パティスリー・コリウール,Bakery,2,6,6,Saturday
3302,Electronics Store,Bic Camera (ビックカメラ 有楽町店),Home Appliance Store,Train Station,JR Kamata Station (JR 蒲田駅),Rail Station,4,10,10,Monday
3303,Mall,Aqua City Odaiba (アクアシティお台場),Shopping Mall,Bridge,Tsukuda-Ohashi Bridge (佃大橋),Landmarks and Outdoors,1,7,8,Sunday
3304,Gym / Fitness Center,studio yoggy 渋谷,Yoga Studio,Train Station,Ebisu Station (恵比寿駅),Rail Station,3,3,5,Friday
3305,Train Station,West Exit (新宿駅 西口),Structure,Camera Store,カメラのさくらや 荻窪本店,Retail,2,8,9,Saturday
3306,Garden,Shinjuku Gyoen (新宿御苑),Park,Bar,信州炉端串の蔵新宿南口店,Sake Bar,1,6,7,Sunday
3307,Subway,Toyosu Station (豊洲駅),Metro Station,Spanish Restaurant,"Bar de Espana Libra, Ginza",Spanish Restaurant,2,8,9,Saturday
3308,Food & Drink Shop,Tokyu Store (東急ストア),Grocery Store,Food & Drink Shop,Tokyu Store (東急ストア),Grocery Store,1,7,8,Wednesday
3309,Train Station,,,Ramen /  Noodle House,Ichiran (一蘭),Ramen Restaurant,1,11,12,Tuesday
3310,Convention Center,Tokyo Big Sight (東京ビッグサイト (東京国際展示場)),Italian Restaurant,Light Rail,Yurikamome Shimbashi Station (U01) (ゆりかもめ 新橋駅),Rail Station,2,6,7,Saturday
3311,Chinese Restaurant,小龍,Shanghai Restaurant,Arcade,ハナコ吉祥寺店,Clothing Store,3,10,12,Wednesday
3312,Office,ATT新館,Office Building,Indian Restaurant,スパイスピエロ 銀座店,Indian Restaurant,1,3,3,Tuesday
3313,Electronics Store,Yodobashi-Akiba (ヨドバシカメラ マルチメディアAkiba),Electronics Store,Subway,Hibiya Line Akihabara Station (H16) (日比谷線 秋葉原駅),Metro Station,1,11,12,Saturday
3314,Arcade,Hey - Hirose Entertainment Yard (Hey ヒロセエンターテイメントヤード),Arcade,Electronics Store,Yodobashi-Akiba (ヨドバシカメラ マルチメディアAkiba),Electronics Store,1,10,11,Saturday
3315,Bar,Karaoke Kan (カラオケ館),Karaoke Box,Electronics Store,Apple Ginza (Apple 銀座),Landmarks and Outdoors,3,9,10,Thursday
3316,Subway,Ginza Line Ginza Station (G09) (銀座線 銀座駅),Metro Station,Bar,Acid Panda Cafe,Night Club,3,9,11,Saturday
3317,Fast Food Restaurant,McDonald's (マクドナルド),Burger Joint,Toy / Game Store,ゲームショップ紙風船,Retail,4,5,6,Sunday
3318,Building,ラジオ会館 1号館,Office Building,Hobby Shop,animate (アニメイト),Retail,2,5,7,Sunday
3319,Electronics Store,Yodobashi Camera (ヨドバシカメラ 新宿西口本店),Computers and Electronics Retail,Japanese Restaurant,手打ちそば浜の,Soba Restaurant,3,9,10,Thursday
3320,Fast Food Restaurant,Freshness Burger (フレッシュネスバーガー),Burger Joint,Café,ベローチェ 渋谷桜丘町店,Café,2,7,8,Sunday
3321,Department Store,アヴィレックス マルイシティ渋谷店 - AVIREX,Department Store,Video Store,SHIBUYA TSUTAYA,Retail,4,4,5,Friday
3322,Electronics Store,Apple Shibuya (Apple 渋谷),Electronics Store,Pizza Place,Domino's Pizza (ドミノ・ピザ 池尻店),Pizzeria,2,10,12,Friday
3323,Medical Center,睡眠総合ケアクリニック代々木,Hospital,Ramen /  Noodle House,Tenkaippin (天下一品),Ramen Restaurant,3,11,12,Wednesday
3324,Train Station,Shin-Yurigaoka Station (OH23) (新百合ヶ丘駅),Rail Station,Train Station,Kyodo Station (OH11) (経堂駅),Rail Station,2,10,10,Tuesday
3325,Electronics Store,Yodobashi-Akiba (ヨドバシカメラ マルチメディアAkiba),Electronics Store,Smoke Shop,,,3,10,10,Wednesday
3326,Electronics Store,Yodobashi-Akiba (ヨドバシカメラ マルチメディアAkiba),Electronics Store,Subway,Suehirocho Station (G14) (末広町駅),Metro Station,2,10,10,Wednesday
3327,Bookstore,Melonbooks (メロンブックス 秋葉原1号店),Comic Book Store,Bookstore,COMIC ZIN,Comic Book Store,3,11,12,Friday
3328,Record Shop,TOWER RECORDS,Record Store,Bar,HUB,Pub,3,8,9,Sunday
3329,Road,Yoga Exit (用賀出入口),Toll Booth,Train Station,Musashi-Mizonokuchi Station (武蔵溝ノ口駅),Rail Station,2,9,10,Tuesday
3330,Train Station,Yoga Station (DT06) (用賀駅),Rail Station,Electronics Store,Apple Shibuya (Apple 渋谷),Electronics Store,4,5,7,Saturday
3331,Road,Nishiazabu Intersection (西麻布交差点),Travel and Transportation,Mall,Tokyo Midtown (東京ミッドタウン),Retail,1,7,8,Sunday
3332,Subway,Oedo Line Kuramae Station (E11) (都営大江戸線 蔵前駅),Metro Station,Coffee Shop,Cafe de ino,Coffee Shop,4,3,5,Saturday
3333,Subway,Daimon Station (大門駅),Metro Station,Light Rail,Takeshiba Station (U03) (竹芝駅),Rail Station,2,9,9,Friday
3334,Subway,Kudanshita Station (九段下駅),Rail Station,Train Station,Keio Shinjuku Station (KO01) (京王 新宿駅),Rail Station,4,7,7,Tuesday
3335,Parking,,,Movie Theater,Toho Cinemas (TOHOシネマズ日劇),Movie Theater,3,7,7,Sunday
3336,General College & University,ABC Cooking Studio (ABCクッキングスタジオ ららぽーと豊洲スタジオ),Education,Bookstore,Books Kinokuniya (紀伊國屋書店),Bookstore,1,2,3,Sunday
3337,Temple,Kaminarimon Gate (雷門),Shrine,Subway,Kayabacho Station (茅場町駅),Rail Station,2,9,11,Tuesday
3338,Office,カネボウ化粧品,Warehouse or Wholesale Store,Professional & Other Places,会社,Business and Professional Services,2,1,1,Wednesday
3339,Convention Center,Tokyo Big Sight (東京ビッグサイト (東京国際展示場)),Italian Restaurant,Light Rail,Tokyo Big Sight Station (U11) (東京ビッグサイト駅),Rail Station,2,6,6,Saturday
3340,Subway,Toyosu Station (豊洲駅),Metro Station,Subway,Toyosu Station (豊洲駅),Metro Station,1,6,7,Friday
3341,Food & Drink Shop,Ito Yokado (イトーヨーカドー 錦町店),Grocery Store,Food & Drink Shop,Ito Yokado (イトーヨーカドー 錦町店),Grocery Store,3,6,7,Wednesday
3342,Event Space,Kawaguchi Lilia (川口総合文化センター リリア),Cultural Center,Food & Drink Shop,ジェーソン 蕨南町店,Grocery Store,2,4,6,Friday
3343,General Entertainment,,,Train Station,Kokusai-tenjijō Station (R03) (国際展示場駅),Travel and Transportation,4,5,7,Sunday
3344,Train Station,Tobitakyū Station (KO20) (飛田給駅),Rail Station,Medical Center,ふの内科クリニック,Doctor's Office,2,23,0,Sunday
3345,Subway,Ichinoe Station (S18) (一之江駅),Rail Station,Subway,Hibiya Line Akihabara Station (H16) (日比谷線 秋葉原駅),Metro Station,2,12,13,Sunday
3346,Arts & Crafts Store,H.P.DECO,Furniture and Home Store,Art Gallery,Espace Louis Vuitton Tokyo (エスパス ルイ・ヴィトン 東京),Art Gallery,2,7,7,Sunday
3347,Hobby Shop,Hands (ハンズ),Furniture and Home Store,Train Station,,,2,6,7,Saturday
3348,Subway,Awajicho Station (M19) (淡路町駅),Metro Station,Office,Akihabara UDX (秋葉原UDX),Business Center,3,2,4,Sunday
3349,Train Station,Keio Kichijōji Station (IN17) (京王 吉祥寺駅),Rail Station,Train Station,Keio Kichijōji Station (IN17) (京王 吉祥寺駅),Rail Station,4,3,3,Sunday
3350,Playground,中原平和公園,Park,Food & Drink Shop,マックスバリュエクスプレス,Grocery Store,3,9,10,Tuesday
3351,Hobby Shop,Gamers (ゲーマーズ),Retail,Food & Drink Shop,マックスバリュエクスプレス,Grocery Store,4,6,8,Sunday
3352,Train Station,TX Shin-Okachimachi Station (つくばエクスプレス 新御徒町駅),Rail Station,Convention Center,東京都立産業貿易センター 浜松町館,Convention Center,2,3,4,Sunday
3353,Subway,Nakano-sakaue Station (中野坂上駅),Rail Station,Hobby Shop,Hobbyland Pochi (ホビーランドぽち 秋葉原2号店),Hobby Store,1,6,7,Sunday
3354,Fast Food Restaurant,McDonald's (マクドナルド),Burger Joint,Gym / Fitness Center,コナミスポーツクラブ銀座,Gym and Studio,3,21,22,Monday
3355,Shrine,Meiji Jingu Shrine (明治神宮),Historic and Protected Site,Coffee Shop,Starbucks (スターバックス),Coffee Shop,1,23,0,Saturday
3356,Bar,osteria PERNO,Cocktail Bar,Bar,osteria PERNO,Cocktail Bar,3,13,14,Monday
3357,Ramen /  Noodle House,Ramen Dai (らーめん大),Ramen Restaurant,Seafood Restaurant,Uojin (魚仁),Sake Bar,2,3,4,Saturday
3358,Bookstore,ブックスゴロー喜多見駅前店,Bookstore,Train Station,Seijōgakuen-mae Station (OH14) (成城学園前駅),Rail Station,3,0,1,Friday
3359,Train Station,Chiyoda Line Meiji-jingumae 'Harajuku' Station (C03) (千代田線 明治神宮前<原宿>駅),Metro Station,Hobby Shop,Hands (ハンズ),Furniture and Home Store,2,3,3,Saturday
3360,Train Station,Nerima Station (練馬駅),Convenience Store,General Entertainment,Nerima Culture Center (練馬文化センター),Cultural Center,3,2,4,Saturday
3361,Train Station,Gakugei-daigaku Station (TY05) (学芸大学駅),Rail Station,Music Venue,Tokyo Opera City (東京オペラシティ),Shopping Mall,2,9,10,Wednesday
3362,Bike Shop,フラット杉並店,Retail,Road,,,2,8,10,Saturday
3363,Electronics Store,Bic Camera (ビックカメラ),Electronics Store,Building,Sanno Park Tower (山王パークタワー),Business Center,4,6,8,Saturday
3364,Train Station,West Exit (西口),Rail Station,Gift Shop,Precure Pretty Store (プリキュア プリティストア),Hobby Store,2,4,5,Sunday
3365,Bar,d collection,Bar,Train Station,,,4,12,13,Wednesday
3366,Hobby Shop,Hands (ハンズ),Furniture and Home Store,Clothing Store,UNIQLO (ユニクロ),Clothing Store,2,2,3,Monday
3367,Bookstore,Tsutaya Books (代官山 蔦屋書店),Bookstore,Mall,Daikanyama T-SITE (代官山T-SITE),Landmarks and Outdoors,1,4,4,Sunday
3368,Arcade,Eternal Amusement Tower (エターナルアミューズメントタワー),Arcade,Electronics Store,Bic Camera (ビックカメラ 有楽町店),Home Appliance Store,2,8,9,Saturday
3369,Subway,Tozai Line Nihombashi Station (T10) (東西線 日本橋駅),Metro Station,Japanese Restaurant,Hakata Mangetsu (博多満月),Sake Bar,1,10,10,Wednesday
3370,Fast Food Restaurant,マクドナルド,Burger Joint,Fast Food Restaurant,マクドナルド,Burger Joint,1,5,5,Sunday
3371,Convenience Store,FamilyMart (ファミリーマート 東大正門前店),Convenience Store,Subway,Namboku Line Tameike-sanno Station (N06) (南北線 溜池山王駅),Metro Station,2,6,7,Thursday
3372,Bookstore,Yaesu Book Center (八重洲ブックセンター),Bookstore,Coffee Shop,Starbucks,Café,1,6,6,Sunday
3373,Bookstore,Yaesu Book Center (八重洲ブックセンター),Bookstore,Internet Cafe,インターネットまんが喫茶コムコム 笑屋銀座一丁目店,Internet Cafe,4,3,5,Sunday
3374,Electronics Store,Yodobashi Camera (ヨドバシカメラ 新宿西口本店),Computers and Electronics Retail,Diner,新宿ローズ邸,Diner,3,6,7,Sunday
3375,Restaurant,新宿中村屋 オリーブハウス 東急吉祥寺店,Restaurant,Train Station,Kichijōji Station (吉祥寺駅),Rail Station,2,9,10,Monday
3376,Train Station,Urawa Station (浦和駅),Rail Station,Food & Drink Shop,Ito Yokado (イトーヨーカドー 浦和店),Grocery Store,1,7,9,Saturday
3377,Food & Drink Shop,Ito Yokado (イトーヨーカドー 浦和店),Grocery Store,Train Station,Urawa Station (浦和駅),Rail Station,2,5,6,Saturday
3378,Electronics Store,Yodobashi-Akiba (ヨドバシカメラ マルチメディアAkiba),Electronics Store,Japanese Restaurant,Ouroji (王ろじ),Tonkatsu Restaurant,4,9,11,Saturday
3379,Department Store,Matsuya Ginza (松屋銀座),Department Store,Ramen /  Noodle House,名代後楽そば 有楽町駅店,Soba Restaurant,2,4,4,Monday
3380,Light Rail,Monorail Tennōzu Isle Station (MO02) (モノレール 天王洲アイル駅),Rail Station,Train Station,Rinkai Line Tennōzu Isle Station (R05) (りんかい線 天王洲アイル駅),Rail Station,2,23,0,Saturday
3381,Light Rail,Monorail Tennōzu Isle Station (MO02) (モノレール 天王洲アイル駅),Rail Station,Bridge,天王洲大橋,Bridge,1,23,0,Saturday
3382,Ramen /  Noodle House,Menya Musashi (創始麺屋武蔵),Ramen Restaurant,Bar,82新宿西口大ガード店,Pub,4,11,12,Saturday
3383,Wings Joint,世界の山ちゃん 西武新宿2号店,Bar,Electronics Store,BICQLO (ビックロ),Electronics Store,3,8,10,Saturday
3384,Scenic Lookout,Tokyo City View (東京シティビュー),Scenic Lookout,Mall,Roppongi Hills (六本木ヒルズ),Shopping Mall,3,9,10,Friday
3385,Train Station,Sasazuka Station (KO04) (笹塚駅),Rail Station,Salon / Barbershop,アンテナ,Barbershop,1,5,6,Thursday
3386,Café,Omotesando Koffee (表参道コーヒー),Coffee Shop,Miscellaneous Shop,AssistOn (アシストオン 原宿店),Gift Store,2,7,8,Sunday
3387,Park,Yoyogi Park (代々木公園),Park,Café,Omotesando Koffee (表参道コーヒー),Coffee Shop,1,5,7,Monday
3388,Mall,DiverCity Tokyo Plaza (ダイバーシティ東京 プラザ),Shopping Mall,Mall,DiverCity Tokyo Plaza (ダイバーシティ東京 プラザ),Shopping Mall,1,7,9,Sunday
3389,Clothing Store,HAT MAKER KIJIMA TAKAYUKI,Fashion Accessories Store,Train Station,Naka-meguro Station (中目黒駅),Rail Station,1,8,9,Sunday
3390,Government Building,Kita City Office (北区役所),City Hall,University,医学部教育研究棟,College Academic Building,2,4,5,Thursday
3391,Record Shop,disk union,Record Store,Food & Drink Shop,Summit Store (サミットストア),Grocery Store,4,9,10,Saturday
3392,Subway,Ueno-okachimachi Station (E09) (上野御徒町駅),Metro Station,Other Great Outdoors,Shinobazu Pond (不忍池),Landmarks and Outdoors,1,3,3,Wednesday
3393,Fast Food Restaurant,すき家,Restaurant,Coffee Shop,Doutor Coffee Shop (ドトールコーヒーショップ 上野中央通り店),Coffee Shop,2,6,6,Wednesday
3394,Park,Shirogane Park (白銀公園),Park,School,代々木ゼミナール 池袋校,Education,4,3,4,Monday
3395,Department Store,Seibu (西武池袋本店),Department Store,School,代々木ゼミナール 池袋校,Education,1,3,4,Monday
3396,Miscellaneous Shop,7-Eleven (セブンイレブン 亀戸昭和橋通り店),Convenience Store,Gas Station / Garage,中央シェル石油販売亀戸SS,Fuel Station,3,12,13,Saturday
3397,Residential Building (Apartment / Condo),ゲストハウス東京亀戸,Apartment or Condo,Residential Building (Apartment / Condo),ゲストハウス東京亀戸,Apartment or Condo,4,12,13,Saturday
3398,Train Station,Saginomiya Station (SS09) (鷺ノ宮駅),Rail Station,Food & Drink Shop,西友 下井草店,Grocery Store,1,8,9,Saturday
3399,Coffee Shop,Doutor Coffee Shop (ドトールコーヒーショップ),Coffee Shop,Food & Drink Shop,西友 下井草店,Grocery Store,4,4,6,Saturday
3400,Park,高円寺駅北口駅前広場,Plaza,Video Store,TSUTAYA 三鷹北口店,Bar,4,22,22,Saturday
3401,Home (private),,,Park,高円寺駅北口駅前広場,Plaza,4,21,22,Tuesday
3402,Electronics Store,Yodobashi-Akiba (ヨドバシカメラ マルチメディアAkiba),Electronics Store,Record Shop,TOWER RECORDS,Record Store,4,10,10,Wednesday
3403,Department Store,D&DEPARTMENT,Vintage and Thrift Store,College Academic Building,ティップネス 渋谷店 TIP.X TOKYO SHIBUYA,Gym and Studio,4,4,6,Sunday
3404,Electronics Store,K's Denki (ケーズデンキ 府中本店),Home Appliance Store,Japanese Restaurant,Sutadonya (伝説のすた丼屋),Donburi Restaurant,4,7,8,Sunday
3405,Bookstore,Books Kinokuniya (紀伊國屋書店),Bookstore,Electronics Store,BICQLO (ビックロ),Electronics Store,1,6,7,Sunday
3406,Arcade,プロジェクトA池袋店,Arcade,Hobby Shop,animate (アニメイト),Comic Book Store,3,7,8,Sunday
3407,Bookstore,Books Sanseido (三省堂書店),Bookstore,Restaurant,Denny's (デニーズ),Japanese Family Restaurant,2,9,11,Friday
3408,Subway,,,General College & University,Akamon Gate (赤門),Monument,4,4,4,Wednesday
3409,Bank,SMBC Trust Bank (SMBC信託銀行 新宿東口支店),Bank,Department Store,Mitsukoshi (銀座三越),Department Store,2,7,8,Thursday
3410,Hobby Shop,animate (アニメイト),Comic Book Store,Fast Food Restaurant,McDonald's (マクドナルド),Burger Joint,1,9,10,Monday
3411,Bar,信州炉端串の蔵新宿南口店,Sake Bar,Mall,DiverCity Tokyo Plaza (ダイバーシティ東京 プラザ),Shopping Mall,4,6,7,Friday
3412,Subway,,,Office,Kasumigaseki Building (霞が関ビルディング),Café,3,4,5,Tuesday
3413,Train Station,Tokyo Skytree Station (TS02) (とうきょうスカイツリー駅),Rail Station,Government Building,Tokyo Skytree (東京スカイツリー),Monument,2,9,9,Sunday
3414,Subway,Mita Line Suidobashi Station (I11) (都営三田線 水道橋駅),Metro Station,General Entertainment,Korakuen Hall (後楽園ホール),Theater,4,4,6,Wednesday
3415,Smoke Shop,,,Train Station,Daitabashi Station (KO05) (代田橋駅),Rail Station,1,10,11,Sunday
3416,Road,Yashio PA (八潮PA),Travel and Transportation,Rest Area,大井PA ,Rest Area,3,9,10,Saturday
3417,Automotive Shop,タイヤ館 246さぎぬま,Tire Repair Shop,Park,馬絹陸橋下公園,Park,2,8,9,Saturday
3418,Event Space,belle salle (ベルサール秋葉原),Event Space,Bookstore,Melonbooks (メロンブックス 秋葉原1号店),Comic Book Store,2,7,8,Saturday
3419,Food & Drink Shop,Party Party Carolina,Indian Restaurant,Electronics Store,Sofmap Akiba 1st Store (ソフマップAKIBA 1号店 サブカル・モバイル館),Retail,4,6,7,Friday
3420,Japanese Restaurant,みな美,Japanese Restaurant,Subway,Toyosu Station (豊洲駅),Metro Station,3,11,11,Friday
3421,Electronics Store,Apple Ginza (Apple 銀座),Landmarks and Outdoors,Miscellaneous Shop,,,3,5,6,Saturday
3422,Movie Theater,Shinjuku Wald 9 (新宿バルト9),Movie Theater,Subway,Akasaka-mitsuke Station (赤坂見附駅),Metro Station,3,5,6,Monday
3423,Fast Food Restaurant,,,Chinese Restaurant,Chinese Cafe Eight (中国茶房8),Chinese Restaurant,3,5,5,Wednesday
3424,Office,Shiodome Media Tower (汐留メディアタワー),Office,Japanese Restaurant,Kaorihime (かおりひめ),Japanese Restaurant,1,2,3,Tuesday
3425,Art Museum,Ghibli Museum (三鷹の森ジブリ美術館),Museum,Art Museum,Ghibli Museum (三鷹の森ジブリ美術館),Museum,3,3,4,Sunday
3426,Ramen /  Noodle House,Ramen Jiro (ラーメン二郎 府中店),Ramen Restaurant,Train Station,Fuchūhommachi Station (府中本町駅),Rail Station,2,2,3,Thursday
3427,Train Station,Oji Station (王子駅),Rail Station,Chinese Restaurant,Gyoza Ohsho (餃子の王将),Chinese Restaurant,2,10,12,Wednesday
3428,Post Office,Shinjuku Post Office (新宿郵便局),Post Office,Subway,Higashi-nihombashi Station (A15) (東日本橋駅),Metro Station,1,10,10,Thursday
3429,Subway,Awajicho Station (M19) (淡路町駅),Metro Station,Bakery,Saint Germain Tendresse (サンジェルマン タンドレス),Bakery,2,4,5,Saturday
3430,Rest Area,,,Train Station,Nakano Station (中野駅),Rail Station,2,10,11,Friday
3431,Subway,Kagurazaka Station (T05) (神楽坂駅),Rail Station,Diner,幸せのはし,Chinese Restaurant,3,10,10,Friday
3432,Japanese Restaurant,せんねんそば中板橋店,Soba Restaurant,Donut Shop,Mister Donut (ミスタードーナツ),Dining and Drinking,2,3,5,Wednesday
3433,Hobby Shop,K-BOOKS コスプレ館,Costume Store,University,Toyo University Hakusan Campus (東洋大学 白山キャンパス),College and University,1,6,7,Tuesday
3434,Bar,,,Arcade,Tokyo Leisure Land (東京レジャーランド 秋葉原2号店),Arcade,3,9,10,Saturday
3435,Arcade,Tokyo Leisure Land (東京レジャーランド 秋葉原2号店),Arcade,Chinese Restaurant,食べ放題 中華料理  唐瓊家 秋葉原店,Chinese Restaurant,4,10,10,Sunday
3436,Medical Center,Saiseikai Yokohamashi Tobu Hospital (済生会横浜市東部病院),Hospital,Coffee Shop,Starbucks (スターバックス),Coffee Shop,3,23,1,Wednesday
3437,Mall,Tressa Yokohama (トレッサ横浜),Shopping Mall,BBQ Joint,焼肉 おくう トレッサ横浜店,BBQ Joint,1,9,10,Sunday
3438,College Academic Building,品川女子学院中等部・高等部,High School,Government Building,坂本龍馬像,Monument,3,3,4,Wednesday
3439,Train Station,Aomono-yokochō Station (KK04) (青物横丁駅),Rail Station,Government Building,坂本龍馬像,Monument,3,4,4,Wednesday
3440,Miscellaneous Shop,Hands (ハンズ),Grocery Store,Department Store,Mitsukoshi (銀座三越),Department Store,1,9,9,Monday
3441,Building,Marunouchi Park Building (丸の内パークビルディング),Business Center,Building,Marunouchi Building (丸の内ビルディング),Business Center,3,8,8,Thursday
3442,Gym / Fitness Center,ほっとプラザはるみ,Gym and Studio,Bridge,佃小橋,Bridge,1,3,4,Sunday
3443,Medical Center,青木クリニック,Health and Medicine,Deli / Bodega,味の王道,Bar,1,6,7,Thursday
3444,Arcade,Taito Station (タイトーステーション 新宿南口ゲームワールド店),Arcade,Department Store,Isetan Men's (伊勢丹メンズ館),Department Store,4,2,3,Saturday
3445,Department Store,Seibu-Shinjuku PePe (西武新宿ペペ),Shopping Mall,Music Venue,LIQUIDROOM,Night Club,2,9,9,Thursday
3446,Medical Center,白寿館,Medical Center,Electronics Store,Yodobashi Camera (ヨドバシカメラ 新宿西口本店),Computers and Electronics Retail,2,5,6,Thursday
3447,Electronics Store,Yodobashi Camera (ヨドバシカメラ 新宿西口本店),Computers and Electronics Retail,Train Station,Asagaya Station (阿佐ケ谷駅),Rail Station,3,10,11,Thursday
3448,Home (private),,,Convenience Store,FamilyMart (ファミリーマート 渋谷松濤一丁目店),Convenience Store,3,6,7,Saturday
3449,Train Station,Sugamo Station (巣鴨駅),Rail Station,Convenience Store,7-Eleven (セブンイレブン 板橋本町駅前店),Convenience Store,4,10,10,Wednesday
3450,Subway,Nogizaka Station (C05) (乃木坂駅),Rail Station,Tea Room,クーツグリーンティー東京ミッドタウン店,Coffee Shop,4,5,5,Friday
3451,Train Station,Hamamatsucho Station (浜松町駅),Rail Station,Airport,Terminal 2 (第2ターミナル),Airport Terminal,4,7,7,Saturday
3452,Government Building,Shinjuku Passport Center (東京都旅券課 (新宿パスポートセンター)),Government Building,Subway,Tochomae Station (E28) (都庁前駅),Rail Station,1,2,3,Wednesday
3453,Train Station,Umegaoka Station (OH09) (梅ヶ丘駅),Rail Station,Light Rail,Miyanosaka Station (SG07) (宮の坂駅),Rail Station,4,7,8,Saturday
3454,Japanese Restaurant,つきしま小町,"Cafe, Coffee, and Tea House",Bridge,Kachidoki Bridge (勝鬨橋),Landmarks and Outdoors,4,9,10,Sunday
3455,Post Office,Shinagawa Hiratsuka 1 Post Office (品川平塚一郵便局),Post Office,Park,Togoshi Park (戸越公園),Park,3,6,7,Monday
3456,Food & Drink Shop,Ito Yokado (イトーヨーカドー 川崎港町店),Grocery Store,Temple,自動車交通安全祈祷殿,Prayer Room,4,12,13,Saturday
3457,Temple,Kaminarimon Gate (雷門),Shrine,Arcade,GiGO (クラブセガ 新宿西口店),Arcade,1,9,11,Sunday
3458,Hardware Store,ホームセンターコーナン本羽田萩中店,Home Service,Department Store,マルエツ,Grocery Store,1,9,10,Monday
3459,Electronics Store,Yodobashi Camera (ヨドバシカメラ マルチメディア川崎ルフロン),Home Appliance Store,Train Station,,,3,8,9,Thursday
3460,Subway,Asakusa Line Mita Station (A08) (都営浅草線 三田駅),Metro Station,Plaza,SL Plaza (SL広場),Plaza,4,1,3,Tuesday
3461,Japanese Restaurant,Judaime Yazaemon (まぐろ問屋 十代目彌左ヱ門),Sushi Restaurant,Electronics Store,Bic Camera (ビックカメラ),Electronics Store,4,5,6,Sunday
3462,Road,,,University,University of Tokyo Komaba Campus (東京大学 駒場キャンパス),College and University,1,22,23,Saturday
3463,Temple,明顕山祐天寺,Buddhist Temple,Convenience Store,FamilyMart (ファミリーマート 目黒柿の木坂店),Convenience Store,4,7,8,Sunday
3464,Record Shop,TOWER RECORDS,Retail,Video Store,SHIBUYA TSUTAYA,Retail,4,2,2,Tuesday
3465,Italian Restaurant,スパゲティながい,Italian Restaurant,Italian Restaurant,スパゲティながい,Italian Restaurant,4,11,12,Tuesday
3466,Plaza,汐留シオサイト 地下歩道,Plaza,Coffee Shop,Doutor Coffee Shop (ドトールコーヒーショップ),Coffee Shop,2,23,23,Sunday
3467,Plaza,汐留シオサイト 地下歩道,Plaza,Convenience Store,Lawson (ローソン 勝どき二丁目店),Convenience Store,3,23,23,Tuesday
3468,General College & University,世田谷区立南桜丘保育園,Preschool,Office,EC studio 東京オフィス,Technology Business,2,22,23,Sunday
3469,General College & University,世田谷区立南桜丘保育園,Preschool,Office,EC studio 東京オフィス,Technology Business,3,22,23,Thursday
3470,Train Station,,,Government Building,Tokyo Tower (東京タワー),Structure,1,23,0,Friday
3471,Government Building,Tokyo Tower (東京タワー),Structure,Train Station,,,4,14,14,Monday
3472,Ramen /  Noodle House,Tsurukoshi (つるこし),Japanese Family Restaurant,Home (private),,,3,3,5,Saturday
3473,Italian Restaurant,Saizeriya (サイゼリヤ),Italian Restaurant,Japanese Restaurant,丸福,Soba Restaurant,2,10,10,Saturday
3474,Arcade,Game St. Tropez (サントロペ 池袋店),Arcade,Arcade,SEGA Ikebukuro GiGO (セガ池袋GiGO),Arcade,4,5,6,Saturday
3475,College Academic Building,電気通信大学生協 カフェテリア食堂,College Cafeteria,College Academic Building,A棟,College Academic Building,1,3,4,Monday
3476,Train Station,Sugamo Station (巣鴨駅),Rail Station,Train Station,Sugamo Station (巣鴨駅),Rail Station,3,6,7,Tuesday
3477,Train Station,Sugamo Station (巣鴨駅),Rail Station,Train Station,Sugamo Station (巣鴨駅),Rail Station,3,1,1,Saturday
3478,Miscellaneous Shop,TOKYO地域特産品売店,Restaurant,Travel & Transport,Gunma-chan's House (ぐんまちゃん家),Candy Store,3,3,4,Saturday
3479,Ramen /  Noodle House,Tsurumaru (つるまる饂飩),Udon Restaurant,Travel & Transport,Gunma-chan's House (ぐんまちゃん家),Candy Store,4,4,4,Saturday
3480,Mall,DiverCity Tokyo Plaza (ダイバーシティ東京 プラザ),Shopping Mall,Mall,Aqua City Odaiba (アクアシティお台場),Shopping Mall,2,7,8,Sunday
3481,Sculpture Garden,東京大学発祥の地碑,Monument,Train Station,Inokashira Line Shibuya Station (IN01) (京王井の頭線 渋谷駅),Rail Station,2,7,7,Monday
3482,Electronics Store,Apple Shibuya (Apple 渋谷),Electronics Store,College Academic Building,ティップネス 渋谷店 TIP.X TOKYO SHIBUYA,Gym and Studio,3,7,8,Sunday
3483,Electronics Store,Apple Ginza (Apple 銀座),Landmarks and Outdoors,Mobile Phone Shop,SoftBank (ソフトバンク 銀座),Mobile Phone Store,1,7,8,Saturday
3484,Subway,Akasaka-mitsuke Station (赤坂見附駅),Metro Station,Subway,Akasaka Station (C06) (赤坂駅),Rail Station,1,8,9,Wednesday
3485,Subway,Yurakucho Line Yurakucho Station (Y18) (有楽町線 有楽町駅),Metro Station,Ramen /  Noodle House,名代後楽そば 有楽町駅店,Soba Restaurant,2,2,4,Wednesday
3486,Snack Place,Lucky Nugget Cafe (ラッキーナゲット・カフェ),Snack Place,Performing Arts Venue,Table Is Waiting (テーブル・イズ・ウェイティング),Performing Arts Venue,1,6,7,Wednesday
3487,Performing Arts Venue,Table Is Waiting (テーブル・イズ・ウェイティング),Performing Arts Venue,Building,,,2,7,9,Thursday
3488,Arcade,Silk Hat (シルクハット),Arcade,Arcade,Silk Hat (シルクハット),Arcade,3,6,7,Saturday
3489,Japanese Restaurant,鉄板焼・お好み焼き すずらん,Okonomiyaki Restaurant,Restaurant,Sutadonya (伝説のすた丼屋),Donburi Restaurant,2,3,4,Saturday
3490,Miscellaneous Shop,AssistOn (アシストオン 原宿店),Gift Store,Vegetarian / Vegan Restaurant,Yasaiya Mei (やさい家めい),Japanese Family Restaurant,2,6,7,Sunday
3491,Bar,bistro あわ,Cocktail Bar,Department Store,Printemps Ginza (プランタン銀座),Retail,3,6,7,Saturday
3492,Bar,Basic Bar bB,Bar,Café,JAMアキハバラ,Café,1,8,10,Saturday
3493,Electronics Store,Yodobashi-Akiba (ヨドバシカメラ マルチメディアAkiba),Electronics Store,Bar,Basic Bar bB,Bar,2,8,9,Sunday
3494,Mall,Shibuya Hikarie (渋谷ヒカリエ),Business Center,Music Venue,渋谷GUILTY,Rock Club,2,8,9,Saturday
3495,Office,SAFECAST JAPAN,Technology Business,Music Venue,渋谷GUILTY,Rock Club,3,8,9,Saturday
3496,Light Rail,Ariake Station (U12) (有明駅),Rail Station,Restaurant,Gusto (ガスト),Japanese Family Restaurant,1,10,11,Monday
3497,Coffee Shop,Segafredo Zanetti Espresso (Segafredo ZANETTI espresso 末広町),Coffee Shop,Indian Restaurant,Go Go Curry (ゴーゴーカレー),Japanese Curry Restaurant,2,9,10,Sunday
3498,Arcade,Hey - Hirose Entertainment Yard (Hey ヒロセエンターテイメントヤード),Arcade,Light Rail,Arakawa Yūenchimae Station (荒川遊園地前停留場),Tram Station,3,10,12,Saturday
3499,Japanese Restaurant,Gyu-Kaku (牛角),BBQ Joint,Bar,HUB,Pub,2,10,11,Sunday
3500,Diner,新宿ローズ邸,Diner,Furniture / Home Store,Francfranc 新宿サザンテラス店,Furniture and Home Store,4,8,9,Sunday
3501,Furniture / Home Store,Francfranc 新宿サザンテラス店,Furniture and Home Store,French Restaurant,LA TABLED' HEDIARD,French Restaurant,3,9,10,Sunday
3502,Convenience Store,FamilyMart (ファミリーマート 浦和仲町店),Convenience Store,Ramen /  Noodle House,Ramen Dai (らーめん大),Ramen Restaurant,1,0,2,Sunday
3503,Airport,Terminal 2 (第2ターミナル),Airport Terminal,Train Station,Hamamatsucho Station (浜松町駅),Rail Station,1,12,12,Friday
3504,Electronics Store,Bic Camera (ビックカメラ 有楽町店),Home Appliance Store,Thai Restaurant,Tinun (ティーヌン),Thai Restaurant,1,6,7,Saturday
3505,Train Station,Yurakucho Station (有楽町駅),Rail Station,Arcade,ジョイフルランド 用賀店,Arcade,1,9,11,Tuesday
3506,Convenience Store,7-Eleven (セブンイレブン 川口幸町店),Convenience Store,Train Station,Kawaguchi Station (川口駅),Rail Station,2,0,0,Tuesday
3507,Chinese Restaurant,桃花林日本橋室町賓館,Cantonese Restaurant,Department Store,SOGO (そごう 川口店),Department Store,2,7,8,Monday
3508,Japanese Restaurant,大戸屋ごはん処虎ノ門店,Japanese Family Restaurant,Café,カフェ・ド・クリエ南新宿店,Café,1,3,3,Friday
3509,University,Ikenohata Gate (池之端門),College and University,Park,Ueno Park (上野恩賜公園),Urban Park,1,7,8,Saturday
3510,Café,Doutor Coffee Shop (ドトールコーヒーショップ),Coffee Shop,Bar,アントニオ猪木酒場新宿店,Bar,1,8,9,Saturday
3511,Fast Food Restaurant,McDonald's (マクドナルド),Burger Joint,Electronics Store,Bic Camera (ビックカメラ 有楽町店),Home Appliance Store,2,5,5,Sunday
3512,Airport,Terminal 1 (第1ターミナル),Airport Terminal,Airport,,,1,5,6,Sunday
3513,Airport,Terminal 3 (第3ターミナル),Airport Terminal,Miscellaneous Shop,Daiso (ダイソー),Discount Store,1,6,8,Sunday
3514,Building,Omori Bellport (大森ベルポート),Business Center,Burger Joint,McDonald's (マクドナルド),Fast Food Restaurant,4,7,8,Tuesday
3515,Electronics Store,Yodobashi-Akiba (ヨドバシカメラ マルチメディアAkiba),Electronics Store,Japanese Restaurant,Sutadonya (伝説のすた丼屋),Donburi Restaurant,4,5,6,Monday
3516,Hobby Shop,Akihabara Gamers (AKIHABARAゲーマーズ),Hobby Store,Paper / Office Supplies Store,Shimojima (シモジマ 浅草橋本店),Paper Supplier,1,6,7,Sunday
3517,Hobby Shop,animate (アニメイト),Hobby Store,Electronics Store,JAN-GLE 3号店,Electronics Store,3,6,7,Sunday
3518,Mexican Restaurant,EL TORITO (エルトリート),Yoshoku Restaurant,Food & Drink Shop,AEON (イオン 葛西店),Grocery Store,1,8,8,Sunday
3519,Paper / Office Supplies Store,G.Itoya,Stationery Store,Subway,Tozai Line Nihombashi Station (T10) (東西線 日本橋駅),Metro Station,4,5,6,Saturday
3520,Clothing Store,Kamikaze Style (カミカゼスタイル 秋葉原店),Clothing Store,Bookstore,Shosen Book Tower (書泉ブックタワー),Bookstore,3,7,8,Sunday
3521,Bookstore,Shosen Book Tower (書泉ブックタワー),Bookstore,Restaurant,ジョナサン 神田須田町店,Restaurant,3,8,8,Sunday
3522,Office,Yurakucho Denki Building (有楽町電気ビルヂング),Office Building,Subway,Shibakoen Station (I05) (芝公園駅),Rail Station,1,3,3,Tuesday
3523,Coffee Shop,Starbucks (スターバックス),Coffee Shop,Train Station,Kinshichō Station (錦糸町駅),Rail Station,4,23,0,Saturday
3524,Electronics Store,TSUKUMO eX.,Electronics Store,Ramen /  Noodle House,刀削麺荘唐家,Szechuan Restaurant,4,10,11,Wednesday
3525,Train Station,Hirai Station (平井駅),Rail Station,Home (private),,,3,10,11,Friday
3526,Historic Site,浅野内匠頭終焉之地,Historic and Protected Site,Plaza,Ichigokan Square (一号館広場),Plaza,1,10,10,Monday
3527,Road,,,Historic Site,薩摩屋敷跡,Historic and Protected Site,2,22,23,Wednesday
3528,Subway,,,Art Gallery,TOTEM POLE PHOTO GALLERY,Art Gallery,2,6,7,Saturday
3529,Café,そら塾,Café,Convenience Store,Lawson (ローソン 千束四丁目店),Convenience Store,4,7,8,Monday
3530,Train Station,Keio Shinjuku Station (KO01) (京王 新宿駅),Rail Station,Post Office,Shinjuku Post Office (新宿郵便局),Post Office,2,7,8,Monday
3531,Bookstore,Mandarake Complex (まんだらけ コンプレックス),Retail,Department Store,,,4,10,12,Friday
3532,Ramen /  Noodle House,Oniyamma (おにやんま),Udon Restaurant,Moving Target,,,4,23,0,Sunday
3533,Train Station,Gotanda Station (五反田駅),Rail Station,Gym / Fitness Center,Tipness (ティップネス 下北沢),Yoga Studio,4,12,13,Wednesday
3534,Arcade,Tokyo Leisure Land (東京レジャーランド 秋葉原2号店),Arcade,Toy / Game Store,Craftsmanship Kotobukiya (コトブキヤ 秋葉原館),Toy Store,2,6,6,Saturday
3535,Arcade,Eternal Amusement Tower (エターナルアミューズメントタワー),Arcade,Toy / Game Store,Craftsmanship Kotobukiya (コトブキヤ 秋葉原館),Toy Store,4,6,6,Saturday
3536,Train Station,Musashi-Urawa Station (武蔵浦和駅),Rail Station,Train Station,Musashi-Urawa Station (武蔵浦和駅),Rail Station,3,9,10,Thursday
3537,Train Station,Oji Station (王子駅),Rail Station,Food & Drink Shop,Seijo Ishii (成城石井),Grocery Store,1,6,7,Sunday
3538,Bar,New Asakusa (ニュー浅草 本店),Sake Bar,Bar,Kamiya Bar (神谷バー),Beer Bar,1,9,11,Sunday
3539,Coffee Shop,Starbucks (スターバックス),Coffee Shop,Coffee Shop,Starbucks (スターバックス),Coffee Shop,4,12,13,Sunday
3540,Arts & Crafts Store,犬印鞄製作所雷門通り店,Retail,Coffee Shop,Starbucks (スターバックス),Coffee Shop,1,4,6,Sunday
3541,Subway,Oedo Line Morishita Station (E13) (都営大江戸線 森下駅),Metro Station,Coffee Shop,Tully's Coffee,Coffee Shop,2,4,4,Friday
3542,Train Station,Akabane Station (赤羽駅),Rail Station,Train Station,Akabane Station (赤羽駅),Rail Station,2,8,10,Thursday
3543,Train Station,Akabane Station (赤羽駅),Rail Station,Train Station,Akabane Station (赤羽駅),Rail Station,1,5,6,Saturday
3544,Office,ジブラルタ生命保険東京第1エリア 池袋第九支部,Business and Professional Services,Japanese Restaurant,Komoro Soba (小諸そば),Soba Restaurant,2,4,6,Monday
3545,Other Great Outdoors,柳瀬川桜並木,Other Great Outdoors,Electronics Store,Yamada Outlet (ヤマダアウトレット 新座店),Electronics Store,1,6,6,Sunday
3546,Train Station,Shin-Ōkubo Station (新大久保駅),Rail Station,Park,Yoyogi Park (代々木公園),Park,1,5,5,Saturday
3547,Train Station,JR Shinagawa Station (JR 品川駅),Rail Station,Coffee Shop,Starbucks (スターバックス),Coffee Shop,1,22,22,Thursday
3548,Office,Yurakucho Denki Building (有楽町電気ビルヂング),Office Building,Road,Sukiyabashi Intersection (数寄屋橋交差点),Travel and Transportation,4,10,11,Saturday
3549,Mall,Futako Tamagawa Rise Shopping Center (二子玉川ライズ ショッピングセンター),Shopping Mall,Food & Drink Shop,Tokyu Store (東急ストア),Grocery Store,1,8,9,Monday
3550,Arcade,Shinjuku Playland Carnival (新宿プレイランドカーニバル),Arcade,Bar,Sushi Izakaya Alps (すし居酒屋 アルプス),Sake Bar,4,10,10,Saturday
3551,Brewery,Koenji Bakushu Kobo (高円寺麦酒工房),Cocktail Bar,Train Station,Kōenji Station (高円寺駅),Rail Station,1,6,8,Saturday
3552,Ramen /  Noodle House,つるまるうどん恵比寿店,Noodle Restaurant,Road,本村橋交差点,Travel and Transportation,1,10,11,Wednesday
3553,Food & Drink Shop,Daiei (ダイエー 向ヶ丘店),Grocery Store,Drugstore / Pharmacy,クリエイトS・D川崎宿河原店,Drugstore,1,6,7,Sunday
3554,Bridge,Suidobashi Bridge (水道橋),Bridge,Convenience Store,NEWDAYS 秋葉原,Convenience Store,2,2,3,Saturday
3555,Subway,Korakuen Station (後楽園駅),Rail Station,Park,Tokyo Dome City (東京ドームシティ),Shopping Mall,4,12,13,Wednesday
3556,Bookstore,Comic Toranoana A (コミックとらのあな 秋葉原店A),Comic Book Store,Subway,Suehirocho Station (G14) (末広町駅),Metro Station,4,11,13,Sunday
3557,Subway,Suehirocho Station (G14) (末広町駅),Metro Station,Bookstore,Shosen Book Tower (書泉ブックタワー),Bookstore,1,5,7,Friday
3558,Arcade,Eternal Amusement Tower (エターナルアミューズメントタワー),Arcade,Japanese Restaurant,昭和食堂秋葉原店,Ramen Restaurant,1,1,2,Saturday
3559,Arcade,Adores Shibuya (アドアーズ 渋谷店),Arcade,Restaurant,Yanbaru (やんばる),Bar,2,5,5,Saturday
3560,Bridge,小関橋,Bridge,Road,,,2,10,12,Monday
3561,Train Station,Gotanda Station (五反田駅),Rail Station,Road,,,2,9,11,Friday
3562,Convenience Store,7-Eleven (セブンイレブン),Convenience Store,Beer Garden,,,4,6,8,Saturday
3563,Train Station,Tsunashima Station (TY14) (綱島駅),Rail Station,Train Station,Tsunashima Station (TY14) (綱島駅),Rail Station,4,13,13,Thursday
3564,Chinese Restaurant,美食彩館,Chinese Restaurant,General Entertainment,Korakuen Hall (後楽園ホール),Theater,4,7,8,Friday
3565,Electronics Store,Bic Camera (ビックカメラ 渋谷東口店),Home Appliance Store,Music Venue,Shibuya CLUB QUATTRO (渋谷CLUB QUATTRO),Rock Club,1,8,8,Monday
3566,Food & Drink Shop,Seijo Ishii (成城石井),Grocery Store,Road,北千束五差路交差点,Intersection,4,4,6,Tuesday
3567,Road,大岡山小前交差点,Intersection,Government Building,Samezu Driver's License Center (鮫洲運転免許試験場),Government Building,3,1,2,Friday
3568,Convenience Store,7-Eleven (セブンイレブン 品川天王洲店),Convenience Store,Ramen /  Noodle House,Mugimaru (麦まる),Udon Restaurant,3,3,5,Tuesday
3569,Hotel,Capsule Value Kanda (カプセルバリュー神田),Lodging,Hotel,Capsule Value Kanda (カプセルバリュー神田),Lodging,2,5,5,Monday
3570,Train Station,Kichijōji Station (吉祥寺駅),Rail Station,Bus Station,Kichijoji Sta. (South Exit) Bus Stop (吉祥寺駅(南口)バス停),Bus Stop,4,9,10,Thursday
3571,Bus Station,武蔵野市役所前バス停,Bus Stop,Bookstore,ルーエ,Bookstore,3,8,10,Monday
3572,Subway,Akasaka-mitsuke Station (赤坂見附駅),Metro Station,Train Station,Hiyoshi Station (日吉駅),Rail Station,2,14,15,Monday
3573,Building,Sanno Park Tower (山王パークタワー),Business Center,Train Station,Hiyoshi Station (日吉駅),Rail Station,4,14,15,Tuesday
3574,Train Station,Yaesu South Exit (八重洲南口),Rail Station,Gift Shop,Capybara-san Kyurutto Shop (カピバラさんキュルッとショップ),Hobby Store,1,7,8,Saturday
3575,Bookstore,Junkudo (ジュンク堂書店),Bookstore,Bus Station,Kichijoji Sta. (South Exit) Bus Stop (吉祥寺駅(南口)バス停),Bus Stop,3,7,8,Saturday
3576,Subway,Iwamotocho Station (S08) (岩本町駅),Rail Station,Electronics Store,Bic Camera (ビックカメラ),Electronics Store,1,6,6,Saturday
3577,Subway,Iwamotocho Station (S08) (岩本町駅),Rail Station,Home (private),,,4,10,12,Thursday
3578,Food & Drink Shop,7-Eleven (セブンイレブン 台東谷中7丁目店),Convenience Store,Fast Food Restaurant,McDonald's (マクドナルド),Burger Joint,3,4,5,Sunday
3579,Train Station,JR Ochanomizu Station (JR 御茶ノ水駅),Rail Station,University,Nihon University College of Economics (日本大学経済学部),College and University,4,3,3,Sunday
3580,Subway,Ginza Line Asakusa Station (G19) (銀座線 浅草駅),Metro Station,Bookstore,COMIC ZIN,Comic Book Store,1,5,6,Friday
3581,Electronics Store,Dospara (ドスパラ 秋葉原別館),Electronics Store,Paper / Office Supplies Store,フクヤ神田小川町店,Stationery Store,3,9,10,Sunday
3582,Train Station,Ōmori Station (大森駅),Rail Station,Salon / Barbershop,buzz Hair Island (バズ ヘアー アイランド),Health and Beauty Service,1,3,4,Sunday
3583,Subway,,,Train Station,Ōmorimachi Station (KK09) (大森町駅),Real Estate Service,4,9,9,Wednesday
3584,Library,目黒区立緑が丘図書館,Library,Train Station,Jiyūgaoka Station (自由が丘駅),Rail Station,4,6,7,Friday
3585,School,公文式,Tutoring Service,Government Building,Statue of Omura Masujiro (大村益次郎銅像),Monument,1,10,11,Tuesday
3586,Building,Sunshine City (サンシャインシティ),Shopping Mall,Bowling Alley,Round1 (ラウンドワン 池袋店),Arcade,3,6,6,Friday
3587,Electronics Store,Yamada Denki LABI 1 (ヤマダデンキ LABI1 LIFE SELECT 池袋),Home Appliance Store,Building,Sunshine City (サンシャインシティ),Shopping Mall,1,7,8,Saturday
3588,Food & Drink Shop,Ito Yokado (イトーヨーカドー 綱島店),Grocery Store,Japanese Restaurant,駒八目黒さんまセンター,Bar,4,6,7,Saturday
3589,Convenience Store,Lawson (ローソン 草加柳島町店),Convenience Store,Convenience Store,Lawson (ローソン 台東根岸店),Convenience Store,1,14,16,Monday
3590,Train Station,Ueno Station (上野駅),Rail Station,Train Station,JR Shinagawa Station (JR 品川駅),Rail Station,4,14,14,Monday
3591,Nursery School,まほうの保育園,Nursery School,Bridge,祝田橋,Landmarks and Outdoors,1,23,0,Thursday
3592,Arcade,Tokyo Leisure Land (東京レジャーランド 秋葉原2号店),Arcade,Convenience Store,7-Eleven (セブンイレブン),Convenience Store,3,2,3,Sunday
3593,Subway,Iwamotocho Station (S08) (岩本町駅),Rail Station,Electronics Store,Sofmap Akiba 1st Store (ソフマップAKIBA 1号店 サブカル・モバイル館),Retail,3,3,4,Sunday
3594,Chinese Restaurant,舞香,Chinese Restaurant,Factory,東京二十三区清掃一部事務組合清掃工場渋谷清掃工場,Government Department,1,3,4,Tuesday
3595,Shop & Service,OMEGA ALGEA (オメガ アルゲア),Café,Shop & Service,OMEGA ALGEA (オメガ アルゲア),Café,1,8,10,Sunday
3596,Mall,Lazona Kawasaki Plaza (ラゾーナ川崎プラザ),Shopping Mall,Mall,Lazona Kawasaki Plaza (ラゾーナ川崎プラザ),Shopping Mall,3,4,4,Monday
3597,Mall,Lazona Kawasaki Plaza (ラゾーナ川崎プラザ),Shopping Mall,Electronics Store,Bic Camera (ビックカメラ),Home Appliance Store,4,4,5,Monday
3598,Chinese Restaurant,長崎飯園,Chinese Restaurant,Ramen /  Noodle House,Kokuwagata (こくわがた),Udon Restaurant,3,9,10,Thursday
3599,Electronics Store,Yodobashi-Akiba (ヨドバシカメラ マルチメディアAkiba),Electronics Store,Fast Food Restaurant,マクドナルド,Burger Joint,4,11,12,Friday
3600,Furniture / Home Store,ミーレ・センター 表参道,Furniture and Home Store,Paper / Office Supplies Store,Takeo (竹尾 青山見本帖),Office Supply Store,1,6,7,Monday
3601,Subway,Omote-sando Station (表参道駅),Rail Station,Furniture / Home Store,ミーレ・センター 表参道,Furniture and Home Store,1,5,6,Monday
3602,Coffee Shop,CAFÉ de CRIÉ,Café,Building,PASONA SQUARE (パソナスクエア),Business Center,4,7,7,Wednesday
3603,Ramen /  Noodle House,Musashiya (武蔵家),Ramen Restaurant,Church,Holy Resurrection Cathedral (東京復活大聖堂 (ニコライ堂)),Church,1,3,3,Monday
3604,Light Rail,Tokyo Big Sight Station (U11) (東京ビッグサイト駅),Rail Station,Train Station,Tokyo Teleport Station (R04) (東京テレポート駅),Rail Station,4,8,10,Saturday
3605,Building,Shinjuku Center Building (新宿センタービル),Business Center,Building,Shinjuku Center Building (新宿センタービル),Business Center,2,10,10,Sunday
3606,Café,ピアリア(Piaria) Sweets & Bakery Cafe,Café,Park,Tom Sawyer Island (トムソーヤ島),Amusement Park,3,3,3,Sunday
3607,Café,Inoda Coffee (イノダコーヒ),Café,Subway,Tozai Line Otemachi Station (T09) (東西線 大手町駅),Metro Station,2,9,10,Monday
3608,Bar,鬼無里南阿佐谷店,Sake Bar,Convenience Store,7-Eleven (セブンイレブン 南阿佐谷駅前店),Convenience Store,4,13,14,Friday
3609,Japanese Restaurant,東京スズメ,Bar,Bar,鬼無里南阿佐谷店,Sake Bar,3,10,12,Tuesday
3610,Electronics Store,Yamada Denki LABI 1 (ヤマダデンキ LABI1 LIFE SELECT 池袋),Home Appliance Store,Arcade,プロジェクトA池袋店,Arcade,4,7,8,Sunday
3611,Hobby Shop,Comic Toranoana B (コミックとらのあな 池袋店),Comic Book Store,Department Store,Tobu Department Store (東武百貨店 池袋店),Department Store,3,7,8,Sunday
3612,Tea Room,COZMO’S CAFE&BAR,Bar,Plaza,Hachiko Square (ハチ公前広場),Plaza,3,12,14,Saturday
3613,Bar,CLUB SEATA,Rock Club,Video Store,TSUTAYA,Video Store,3,9,9,Thursday
3614,Train Station,Keisei-Tateishi Station (KS49) (京成立石駅),Rail Station,Japanese Restaurant,Yoneyama (米山),BBQ Joint,3,7,9,Wednesday
3615,Hotel,Palace Hotel Tokyo (パレスホテル東京),Hotel,Department Store,Seibu (西武池袋本店),Department Store,4,3,5,Sunday
3616,Building,Sanno Park Tower (山王パークタワー),Business Center,Train Station,Musashi-koyama Station (MG03) (武蔵小山駅),Rail Station,3,9,9,Wednesday
3617,Restaurant,AM-A-LAB (AM・A・LAB),South American Restaurant,Library,目黒本町図書館,Library,3,6,7,Sunday
3618,Arcade,Tokyo Leisure Land (東京レジャーランド 秋葉原店),Arcade,Fast Food Restaurant,McDonald's (マクドナルド),Burger Joint,2,3,5,Sunday
3619,Fast Food Restaurant,McDonald's (マクドナルド),Burger Joint,Subway,Kasumigaseki Station (霞ケ関駅),Rail Station,1,4,5,Thursday
3620,Toy / Game Store,ゲームショップ紙風船,Retail,Bar,HUB,Pub,1,8,8,Sunday
3621,Mall,Ario (アリオ亀有),Shopping Mall,Train Station,Kameari Station (亀有駅),Rail Station,2,4,6,Sunday
3622,Train Station,,,Miscellaneous Shop,Loft (有楽町ロフト),Grocery Store,2,9,10,Wednesday
3623,Train Station,,,Convention Center,Glass Building (ガラス棟),Convention Center,4,9,10,Wednesday
3624,Bridge,Harumi Bridge (春海橋),Landmarks and Outdoors,Event Space,レインボータウンFM 木場スタジオ,Radio Station,4,11,11,Monday
3625,Subway,Kachidoki Station (E17) (勝どき駅),Rail Station,Diner,東京チカラめし 門前仲町店,Diner,4,12,13,Wednesday
3626,Electronics Store,Yodobashi-Akiba (ヨドバシカメラ マルチメディアAkiba),Electronics Store,Café,Coffee Room Renoir (喫茶室ルノアール),Café,2,9,11,Friday
3627,Electronics Store,Yamada Denki LABI (ヤマダデンキ LABI 渋谷),Home Appliance Store,Food & Drink Shop,イオン 南行徳店,Grocery Store,2,6,8,Sunday
3628,Train Station,Hamamatsucho Station (浜松町駅),Rail Station,Chinese Restaurant,東海飯店三田店,Cantonese Restaurant,3,9,10,Tuesday
3629,Train Station,Hamamatsucho Station (浜松町駅),Rail Station,Bridge,Kanasugi Bridge (金杉橋),Landmarks and Outdoors,4,9,9,Tuesday
3630,Food & Drink Shop,AEON Style (イオンスタイル品川シーサイド),Grocery Store,Train Station,Rokugōdote Station (KK19) (六郷土手駅),Rail Station,4,8,9,Saturday
3631,Salon / Barbershop,バーバーイノウエ,Health and Beauty Service,Train Station,Platforms 1-2 (JR 1-2番線ホーム),Platform,4,3,4,Sunday
3632,Food & Drink Shop,Life (ライフ 神田和泉町店),Professional Cleaning Service,Convenience Store,7-Eleven (セブンイレブン),Convenience Store,1,7,8,Friday
3633,Convenience Store,7-Eleven (セブンイレブン),Convenience Store,Electronics Store,Yodobashi-Akiba (ヨドバシカメラ マルチメディアAkiba),Electronics Store,3,8,9,Friday
3634,Bike Shop,サイクルショップ IIAI,Bicycle Store,Train Station,,,4,7,9,Sunday
3635,Japanese Restaurant,Matsuya (松屋 三田店),Restaurant,Subway,Asakusa Line Asakusa Station (A18) (都営浅草線 浅草駅),Metro Station,4,4,4,Wednesday
3636,Coffee Shop,スターバックス,Coffee Shop,Convenience Store,サークルK上野広小路店,Convenience Store,4,9,11,Sunday
3637,Train Station,Kōenji Station (高円寺駅),Rail Station,Office,新高円寺通商店街振興組合,Office,1,10,11,Friday
3638,Residential Building (Apartment / Condo),パルハイツ,,Gas Station / Garage,ENEOS (ENEOS Enejet 大蔵SS),Fuel Station,1,5,7,Saturday
3639,Train Station,Ishikawa-dai Station (石川台駅),Rail Station,Car Dealership,東京ロータスセンター,Car Dealership,2,4,4,Monday
3640,Bar,魚然四谷店,Sake Bar,Convenience Store,Lawson (ローソン 麹町五丁目店),Convenience Store,3,2,3,Monday
3641,Convention Center,Tokyo Big Sight (東京ビッグサイト (東京国際展示場)),Italian Restaurant,Subway,Kojimachi Station (Y15) (麴町駅),Rail Station,2,0,1,Friday
3642,Building,Sunshine City (サンシャインシティ),Shopping Mall,Aquarium,Sunshine Aquarium (サンシャイン水族館),Aquarium,3,6,6,Sunday
3643,Ramen /  Noodle House,Komoro Soba (小諸そば),Soba Restaurant,Electronics Store,Sofmap Akiba 1st Store (ソフマップAKIBA 1号店 サブカル・モバイル館),Retail,1,6,8,Sunday
3644,Movie Theater,Shinjuku Piccadilly (新宿ピカデリー),Movie Theater,Arcade,Taito Station (タイトーステーション 新宿南口ゲームワールド店),Arcade,4,8,8,Saturday
3645,Music Store,Japan Percussion Center (コマキ楽器 ジャパンパーカッションセンター),Music Store,Bar,Tachinomi Kadokura (立飲み カドクラ),Sake Bar,2,2,3,Thursday
3646,Building,Sunshine City (サンシャインシティ),Shopping Mall,Building,Sunshine City (サンシャインシティ),Shopping Mall,4,11,12,Tuesday
3647,High School,私立昭和鉄道高校,High School,Hotel,スーパーホテルCity池袋北口,Hotel,2,20,21,Friday
3648,Bridge,Mansei Bridge (万世橋),Bridge,Road,,,1,7,9,Sunday
3649,Road,,,Department Store,赤札堂堀切店,Grocery Store,1,13,13,Saturday
3650,Mall,Lazona Kawasaki Plaza (ラゾーナ川崎プラザ),Shopping Mall,Electronics Store,Yodobashi Camera (ヨドバシカメラ マルチメディア川崎ルフロン),Home Appliance Store,1,7,7,Sunday
3651,Bookstore,COMIC ZIN,Comic Book Store,Italian Restaurant,Spaghetti Pancho (スパゲッティーのパンチョ),Italian Restaurant,2,9,11,Saturday
3652,Subway,Chiyoda Line Kita-senju Station (C18) (千代田線 北千住駅),Metro Station,Office,TBS Broadcasting Center (TBS放送センター),TV Station,3,8,8,Tuesday
3653,Subway,Hibiya Station (日比谷駅),Metro Station,Electronics Store,Yodobashi-Akiba (ヨドバシカメラ マルチメディアAkiba),Electronics Store,2,4,5,Tuesday
3654,Electronics Store,Bic Camera (ビックカメラ 有楽町店),Home Appliance Store,Department Store,Osaka Hyakkaten (大阪百貨店),Landmarks and Outdoors,3,3,4,Saturday
3655,Spa / Massage,リーフ整骨院,Orthopedic Surgeon,Spa / Massage,リーフ整骨院,Orthopedic Surgeon,2,10,10,Wednesday
3656,Japanese Restaurant,隠れ居肴家 わびさび 新橋本店,Bar,Food & Drink Shop,Ito Yokado (イトーヨーカドー 綱島店),Grocery Store,2,8,9,Friday
3657,Road,山王下方面出口,Road,Food & Drink Shop,Ito Yokado (イトーヨーカドー 綱島店),Grocery Store,1,8,9,Friday
3658,Food & Drink Shop,Échiré Maison du Beurre,Pastry Shop,Jewelry Store,Cartier,Jewelry Store,4,9,10,Sunday
3659,Food & Drink Shop,Échiré Maison du Beurre,Pastry Shop,Movie Theater,Toho Cinemas (TOHOシネマズ日劇),Movie Theater,4,9,10,Sunday
3660,Train Station,Shiki Station (TJ14) (志木駅),Rail Station,Subway,Toyosu Station (豊洲駅),Metro Station,3,3,4,Thursday
3661,Subway,Toyosu Station (豊洲駅),Metro Station,Train Station,Shiki Station (TJ14) (志木駅),Rail Station,4,14,15,Monday
3662,Bookstore,Book 1st (ブックファースト),Bookstore,Department Store,Seibu-Shinjuku PePe (西武新宿ペペ),Shopping Mall,2,8,9,Saturday
3663,Miscellaneous Shop,Don Quijote (ドン・キホーテ 高田馬場駅前店),Discount Store,Road,Sunshine 60 Street (サンシャイン60通り),Road,2,7,9,Saturday
3664,Building,Sanno Park Tower (山王パークタワー),Business Center,Road,清正公前交差点,Travel and Transportation,1,6,7,Saturday
3665,Department Store,Matsuya Ginza (松屋銀座),Department Store,Art Gallery,GALLERY TRINITY ギャラリー・トリニティ,Art Gallery,1,5,7,Saturday
3666,Video Store,ゲオ稲田堤店,Retail,Arcade,アドアーズ調布南口店,Arcade,4,4,4,Monday
3667,Ramen /  Noodle House,Ramen Ryoga (らーめん 凌駕),Ramen Restaurant,Train Station,Noborito Station (登戸駅),Rail Station,3,3,4,Wednesday
3668,Performing Arts Venue,ミスティックリズム,Performing Arts Venue,Park,Storm Rider (ストームライダー),Amusement Park,4,3,4,Wednesday
3669,Park,Pirates of the Caribbean (カリブの海賊),Amusement Park,Fast Food Restaurant,Cape Cod Cook-Off (ケープコッド・クックオフ),Fast Food Restaurant,4,0,1,Wednesday
3670,Train Station,Musashi-Urawa Station (武蔵浦和駅),Rail Station,Coffee Shop,Starbucks,Coffee Shop,4,11,13,Monday
3671,Train Station,Musashi-Urawa Station (武蔵浦和駅),Rail Station,Coffee Shop,Starbucks,Coffee Shop,4,11,13,Monday
3672,Train Station,Toritsu-daigaku Station (TY06) (都立大学駅),Rail Station,Park,太尾堤緑道,Hiking Trail,2,21,23,Friday
3673,Train Station,Ebisu Station (恵比寿駅),Rail Station,Arcade,,,3,8,10,Friday
3674,Office,Akihabara UDX (秋葉原UDX),Business Center,Bridge,石切橋,Public Transportation,2,5,7,Sunday
3675,Mall,atré Akihabara 1 (アトレ秋葉原1),Shopping Mall,Fast Food Restaurant,McDonald's (マクドナルド),Fast Food Restaurant,3,2,3,Sunday
3676,Subway,Hibiya Line Ningyocho Station (H14) (日比谷線 人形町駅),Metro Station,Ramen /  Noodle House,炎麺秋葉原店,Ramen Restaurant,1,10,11,Monday
3677,Bus Station,水天宮前バス停,Bus Stop,Chinese Restaurant,栄昇閣,Chinese Restaurant,4,1,3,Wednesday
3678,Subway,Sendagi Station (C15) (千駄木駅),Rail Station,Mall,Yanaka Ginza Shotengai (谷中銀座商店街),Shopping Mall,2,6,7,Saturday
3679,Bar,スパイダースカフェ,Beer Bar,Food & Drink Shop,よしや 大塚店,Grocery Store,3,11,12,Sunday
3680,Bookstore,Melonbooks (メロンブックス 秋葉原1号店),Comic Book Store,Food & Drink Shop,Daiei (ダイエー 赤羽店),Grocery Store,1,8,9,Thursday
3681,Train Station,Musashi-koyama Station (MG03) (武蔵小山駅),Rail Station,Fast Food Restaurant,McDonald's (マクドナルド),Fast Food Restaurant,1,6,7,Thursday
3682,Airport,Terminal 1 (第1ターミナル),Airport Terminal,Mall,,,4,10,11,Sunday
3683,Airport,Terminal 1 (第1ターミナル),Airport Terminal,Hotel,Hyatt Regency Tokyo (ハイアットリージェンシー東京),Hotel,3,9,10,Friday
3684,Subway,Hibiya Line Ebisu Station (H02) (日比谷線 恵比寿駅),Metro Station,Event Space,Nico Nico Honsha (ニコニコ本社),Event Space,2,4,5,Thursday
3685,Train Station,Sangen-jaya Station (三軒茶屋駅),Rail Station,Bar,太一bar,Bar,4,13,15,Thursday
3686,Light Rail,Takeshiba Station (U03) (竹芝駅),Rail Station,Light Rail,Takeshiba Station (U03) (竹芝駅),Rail Station,2,5,6,Sunday
3687,Home (private),,,Office,,,1,22,22,Tuesday
3688,Hobby Shop,Comic Toranoana B (コミックとらのあな 池袋店),Comic Book Store,Arcade,パソピアート東京,Arcade,2,4,6,Saturday
3689,Electronics Store,Bic Camera (ビックカメラ 池袋本店),Home Appliance Store,Hobby Shop,Comic Toranoana B (コミックとらのあな 池袋店),Comic Book Store,2,4,4,Saturday
3690,Convenience Store,7-Eleven (セブンイレブン),Convenience Store,Food & Drink Shop,Precce Premium,Grocery Store,4,8,9,Monday
3691,Bar,HUB,Pub,Mall,2k540 AKI-OKA ARTISAN,Shopping Mall,2,7,8,Saturday
3692,Bank,Mizuho Bank (みずほ銀行 高円寺北口支店),Bank,Japanese Restaurant,Miyakoya (みやこや),Tonkatsu Restaurant,4,4,4,Sunday
3693,College Academic Building,市民パソコン教室高円寺校,Computer Training School,Japanese Restaurant,大将二号店,BBQ Joint,1,10,11,Wednesday
3694,Italian Restaurant,グラッチェガーデンズ 調布南口店,Pizzeria,Train Station,Chōfu Station (KO18) (調布駅),Rail Station,4,8,10,Friday
3695,Video Store,TSUTAYA,Video Store,Train Station,Chōfu Station (KO18) (調布駅),Rail Station,4,8,10,Monday
3696,Electronics Store,Yodobashi-Kichijoji (ヨドバシカメラ マルチメディア吉祥寺),Home Appliance Store,Train Station,Nishi-Ogikubo Station (西荻窪駅),Rail Station,3,3,4,Monday
3697,Zoo,Inokashira Park Zoo (井の頭自然文化園),Zoo,Video Store,TSUTAYA,Video Store,2,5,5,Friday
3698,College Academic Building,Liberty Tower (リバティタワー),College Academic Building,Subway,Mita Line Suidobashi Station (I11) (都営三田線 水道橋駅),Metro Station,1,10,11,Tuesday
3699,Subway,Kayabacho Station (茅場町駅),Rail Station,Japanese Restaurant,Butagumi Shabuan (豚組 しゃぶ庵),Shabu-Shabu Restaurant,4,10,10,Thursday
3700,Subway,Marunouchi Line Ikebukuro Station (M25) (丸ノ内線 池袋駅),Metro Station,Subway,Gaiemmae Station (G03) (外苑前駅),Rail Station,1,3,3,Friday
3701,Subway,Gaiemmae Station (G03) (外苑前駅),Rail Station,Ramen /  Noodle House,Denmaru (伝丸 青山店),Ramen Restaurant,3,2,3,Monday
3702,Office,Akihabara UDX (秋葉原UDX),Business Center,Japanese Restaurant,Yukari (お好み焼 ゆかり),Okonomiyaki Restaurant,2,9,10,Sunday
3703,Department Store,Tokyu Department Store (東急百貨店 東横店),Department Store,Hobby Shop,GANKING 秋葉原店,Hobby Store,4,9,10,Saturday
3704,Train Station,Motosumiyoshi Station (TY12/MG12) (元住吉駅),Rail Station,Train Station,Motosumiyoshi Station (TY12/MG12) (元住吉駅),Rail Station,2,2,4,Sunday
3705,Electronics Store,Bic Camera (ビックカメラ),Electronics Store,Train Station,Motosumiyoshi Station (TY12/MG12) (元住吉駅),Rail Station,3,8,9,Sunday
3706,Convention Center,Tokyo Big Sight (東京ビッグサイト (東京国際展示場)),Italian Restaurant,Department Store,AEON (イオン 東雲店),Pet Grooming Service,3,5,7,Saturday
3707,Bar,Three Thread,Bar,Bookstore,Mandarake Complex (まんだらけ コンプレックス),Retail,1,7,8,Saturday
3708,Train Station,Komagome Station (駒込駅),Rail Station,Train Station,Komagome Station (駒込駅),Rail Station,4,7,9,Saturday
3709,Movie Theater,Jimbocho Theater (神保町シアター),Movie Theater,Bar,Tachinomi Kadokura (立飲み カドクラ),Sake Bar,1,6,7,Saturday
3710,Gym / Fitness Center,Kamiigusa Sports Center (上井草スポーツセンター),Orthopedic Surgeon,Italian Restaurant,,,3,11,12,Friday
3711,Train Station,Tobitakyū Station (KO20) (飛田給駅),Rail Station,Train Station,Tobitakyū Station (KO20) (飛田給駅),Rail Station,2,8,9,Saturday
3712,Subway,Gaiemmae Station (G03) (外苑前駅),Rail Station,Mall,Shibuya Hikarie (渋谷ヒカリエ),Business Center,1,9,10,Wednesday
3713,Train Station,Kamata Station (蒲田駅),Rail Station,Train Station,Keikyū Kamata Station (KK11) (京急蒲田駅),Rail Station,1,2,2,Tuesday
3714,Subway,Hibiya Station (日比谷駅),Metro Station,Scenic Lookout,Tokyo City View (東京シティビュー),Scenic Lookout,2,8,10,Thursday
3715,Food & Drink Shop,KALDI COFFEE FARM,Imported Food Store,Train Station,Fuchū Station (KO24) (府中駅),Rail Station,1,7,8,Wednesday
3716,Italian Restaurant,DINING GRIP,Italian Restaurant,Italian Restaurant,DINING GRIP,Italian Restaurant,2,12,12,Friday
3717,Government Building,Taito City Office (台東区役所),City Hall,Bookstore,Mandarake Complex (まんだらけ コンプレックス),Retail,4,7,8,Friday
3718,Board Shop,Victoria viento,Board Store,Café,Enjoy!・BASEMENT・DINING,Café,2,5,6,Sunday
3719,Miscellaneous Shop,Loft (渋谷ロフト),Retail,Department Store,アヴィレックス マルイシティ渋谷店 - AVIREX,Department Store,4,5,5,Saturday
3720,Arcade,Eternal Amusement Tower (エターナルアミューズメントタワー),Arcade,Arcade,Hey - Hirose Entertainment Yard (Hey ヒロセエンターテイメントヤード),Arcade,2,5,6,Saturday
3721,Arcade,Eternal Amusement Tower (エターナルアミューズメントタワー),Arcade,Electronics Store,Yodobashi-Akiba (ヨドバシカメラ マルチメディアAkiba),Electronics Store,3,6,7,Wednesday
3722,Neighborhood,,,Train Station,Den-en-chōfu Station (田園調布駅),Rail Station,3,4,5,Saturday
3723,Subway,Hibiya Line Ebisu Station (H02) (日比谷線 恵比寿駅),Metro Station,Miscellaneous Shop,Loft (渋谷ロフト),Retail,4,6,8,Sunday
3724,General Entertainment,,,Bookstore,Book 1st (ブックファースト),Bookstore,4,12,12,Thursday
3725,Food & Drink Shop,Seiyu (西友 三軒茶屋店),Grocery Store,Train Station,Futako-tamagawa Station (二子玉川駅),Rail Station,3,9,11,Wednesday
3726,Bar,BAR PSY,Cocktail Bar,Bridge,多摩川橋梁,Bridge,4,19,20,Saturday
3727,Road,,,Other Great Outdoors,ニャー熱大陸,Other Great Outdoors,2,7,9,Monday
3728,Train Station,Kōjiya Station (KK12) (糀谷駅),Real Estate Service,Athletic & Sport,多摩川緑地野球場,Baseball Field,2,6,6,Monday
3729,Convenience Store,ファミリーマート,Convenience Store,Food & Drink Shop,My Basket (まいばすけっと 新蒲田店),Grocery Store,3,7,7,Tuesday
3730,Spa / Massage,あおいカイロプラクティック院,Chiropractor,Bar,CRAFT BEER BAR IBREW,Beer Bar,1,8,10,Monday
3731,Spa / Massage,あおいカイロプラクティック院,Chiropractor,Train Station,Ochanomizu Station (御茶ノ水駅),Rail Station,2,9,10,Monday
3732,Bookstore,Junkudo (ジュンク堂書店),Bookstore,College Academic Building,English Village 新宿,Language School,4,10,11,Thursday
3733,Bar,BAR&GRILL FREE FLOW RANCH,Bar,Train Station,Seibu Ikebukuro Station (SI01) (西武 池袋駅),Rail Station,1,11,11,Monday
3734,Concert Hall,Zepp DiverCity ,Rock Club,Convention Center,Tokyo Big Sight (東京ビッグサイト (東京国際展示場)),Italian Restaurant,1,5,7,Saturday
3735,Convention Center,Tokyo Big Sight (東京ビッグサイト (東京国際展示場)),Italian Restaurant,Mall,Aqua City Odaiba (アクアシティお台場),Shopping Mall,2,5,7,Monday
3736,Train Station,Yoga Station (DT06) (用賀駅),Rail Station,Park,,,2,9,10,Monday
3737,Park,,,Pet Store,JOKER・DOG&CAT・AVENUE二子玉川店,Department Store,1,1,2,Sunday
3738,Electronics Store,Bic Camera (ビックカメラ 有楽町店),Home Appliance Store,Building,Marunouchi Building (丸の内ビルディング),Business Center,1,10,10,Monday
3739,Road,Shibuya Crossing (渋谷駅前スクランブル交差点),Travel and Transportation,Record Shop,TOWER RECORDS 池袋店,Record Store,3,8,9,Thursday
3740,Electronics Store,Yodobashi-Akiba (ヨドバシカメラ マルチメディアAkiba),Electronics Store,Neighborhood,,,4,3,4,Saturday
3741,Bookstore,Melonbooks (メロンブックス 秋葉原1号店),Comic Book Store,Hobby Shop,ソフマップ AKIBA2号店 パソコン総合館,Electronics Store,3,5,6,Friday
3742,Electronics Store,Yodobashi-Kichijoji (ヨドバシカメラ マルチメディア吉祥寺),Home Appliance Store,Miscellaneous Shop,Loft (吉祥寺ロフト),Stationery Store,2,6,8,Wednesday
3743,Coffee Shop,スターバックス,Coffee Shop,Train Station,Kichijōji Station (吉祥寺駅),Rail Station,3,6,8,Wednesday
3744,Plaza,Herbert von Karajan Plaza (アーク・カラヤン広場),Plaza,Plaza,Herbert von Karajan Plaza (アーク・カラヤン広場),Plaza,3,3,3,Friday
3745,Ramen /  Noodle House,Kineya (杵屋),Udon Restaurant,Ramen /  Noodle House,Kineya (杵屋),Udon Restaurant,3,10,11,Thursday
3746,Miscellaneous Shop,Don Quijote (ドン・キホーテ 東八三鷹店),Discount Store,Hardware Store,Jマート三鷹店,Home Improvement Service,3,8,9,Sunday
3747,Train Station,JR Ebisu Station (JR 恵比寿駅),Rail Station,Ramen /  Noodle House,Chorori (香湯ラーメン ちょろり),Ramen Restaurant,4,10,11,Tuesday
3748,Caribbean Restaurant,Brooklyn Diner (ブルックリンダイナー),Bar,Bar,,,4,14,15,Sunday
3749,Subway,Toyosu Station (豊洲駅),Metro Station,Campground,WILD MAGIC,BBQ Joint,1,7,8,Sunday
3750,Pool,ティップネス 五反田店 スイミングプール,Gym and Studio,Dessert Shop,こぬれ広尾,"Cafe, Coffee, and Tea House",2,0,1,Saturday
3751,Train Station,Gotanda Station (五反田駅),Rail Station,Japanese Restaurant,六甲亭,Bar,3,1,2,Saturday
3752,Convenience Store,Lawson (ローソン 新城駅前店),Convenience Store,Train Station,Musashi-Shinjo Station (武蔵新城駅),Rail Station,1,1,3,Saturday
3753,Medical Center,春原内科クリニック,Hospital,Convenience Store,Lawson (ローソン 新城駅前店),Convenience Store,1,23,0,Friday
3754,Playground,,,Food & Drink Shop,,,1,2,3,Saturday
3755,Playground,,,Playground,,,4,5,5,Saturday
3756,Theater,青山円形劇場,Theater,Mall,Shibuya Hikarie (渋谷ヒカリエ),Business Center,3,8,9,Monday
3757,Train Station,Higashi-Tokorozawa Station (東所沢駅),Rail Station,Train Station,Higashi-Tokorozawa Station (東所沢駅),Rail Station,3,0,1,Friday
3758,Bookstore,COMIC ZIN,Comic Book Store,Movie Theater,Shinjuku Piccadilly (新宿ピカデリー),Movie Theater,2,7,9,Saturday
3759,Train Station,Keikyū Kawasaki Station (KK20) (京急川崎駅),Rail Station,Movie Theater,109 Cinemas (109シネマズ川崎),Movie Theater,3,10,10,Friday
3760,Fast Food Restaurant,McDonald's (マクドナルド),Fast Food Restaurant,Bridge,桜橋,Bridge,3,8,9,Sunday
3761,Coffee Shop,Caffe Liscio,Corporate Coffee Shop,Coffee Shop,Caffe Liscio,Corporate Coffee Shop,1,3,5,Thursday
3762,Train Station,Kita-Senju Station (北千住駅),Rail Station,Italian Restaurant,,,2,10,11,Wednesday
3763,Subway,Ginza Line Ueno Station (G16) (銀座線 上野駅),Metro Station,Bar,Pasela Resorts (パセラリゾーツ 上野公園前店),Karaoke Box,3,10,11,Tuesday
3764,Convention Center,すみだ生涯学習センター,Adult Education,Shrine,今戸神社,Shrine,4,7,7,Saturday
3765,Miscellaneous Shop,下町人情キラキラ橘商店街,Shopping Mall,Shrine,今戸神社,Shrine,3,6,7,Saturday
3766,Subway,Otemachi Station (大手町駅),Rail Station,Video Store,SHIBUYA TSUTAYA,Retail,1,11,12,Saturday
3767,Building,Cerulean Tower (セルリアンタワー),Business Center,Convenience Store,サークルK品川シーサイド店,Convenience Store,4,8,9,Tuesday
3768,Café,Cafe&Bar QueensCourt,Café,Gift Shop,NHK Character Shop (NHKキャラクターショップ),Hobby Store,1,6,6,Friday
3769,Arcade,GIGO Akihabara 1 (ハイテクランドセガ秋葉原),Arcade,Mall,First Avenue Tokyo Station (東京駅一番街),Shopping Mall,3,5,6,Friday
3770,Drugstore / Pharmacy,灰吹屋薬局溝口店調剤 (灰吹屋薬局 溝口店調剤),Drugstore,Medical Center,日本動物高度医療センター,Veterinarian,4,3,4,Tuesday
3771,Road,,,Other Great Outdoors,新百合ケ丘駅入口交差点,Public Transportation,2,23,23,Wednesday
3772,Electronics Store,アキバ特区,Electronics Store,Bookstore,COMIC ZIN,Comic Book Store,2,9,10,Thursday
3773,Bookstore,COMIC ZIN,Comic Book Store,Train Station,Minami-Urawa Station (南浦和駅),Rail Station,4,9,10,Saturday
3774,Road,Ojikita Exit (王子北出入口),Toll Booth,Train Station,Maihama Station (舞浜駅),Rail Station,4,13,14,Thursday
3775,Fast Food Restaurant,お弁当一番 江戸川球場前店,Deli,Park,Sogo Recreation Park (総合レクリエーション公園),Park,1,3,4,Tuesday
3776,Sushi Restaurant,Tenkazushi (天下寿司),Japanese Family Restaurant,Movie Theater,Shinjuku Piccadilly (新宿ピカデリー),Movie Theater,4,7,8,Saturday
3777,Other Great Outdoors,稲付遊歩道,Hiking Trail,Movie Theater,Shinjuku Wald 9 (新宿バルト9),Movie Theater,1,6,7,Sunday
3778,Train Station,Musashi-koyama Station (MG03) (武蔵小山駅),Rail Station,Subway,Namboku Line Shirokane-takanawa Station (N03) (南北線 白金高輪駅),Metro Station,3,0,1,Thursday
3779,Train Station,Toritsu-daigaku Station (TY06) (都立大学駅),Rail Station,Library,目黒本町図書館,Library,1,4,5,Sunday
3780,Korean Restaurant,韓豚屋,Korean Restaurant,Park,Heiwa no Mori Park (平和の森公園),Park,4,3,5,Monday
3781,Mall,Tokyo Solamachi (東京ソラマチ),Shopping Mall,Train Station,Konan Exit (港南口),Plaza,4,3,4,Tuesday
3782,Bar,あさみどり,Sake Bar,Café,喫茶 ひよ子,Café,3,3,3,Tuesday
3783,Japanese Restaurant,Uotake (魚竹),Sushi Restaurant,Café,喫茶 ひよ子,Café,4,3,3,Thursday
3784,Electronics Store,Bic Camera (ビックカメラ),Electronics Store,Train Station,京王西口,Rail Station,4,3,4,Monday
3785,University,Aogaku ASTUDIO (青山学院 アスタジオ),College Quad,Subway,Hanzomon Line Nagatacho Station (Z04) (半蔵門線 永田町駅),Metro Station,2,5,6,Friday
3786,Bridge,Arakawa Bridge (荒川橋梁),Bridge,Government Building,Kojimachi Police Station (麹町警察署),Police Station,2,22,23,Friday
3787,Mall,COREDO Nihonbashi (コレド日本橋),Shopping Mall,Arcade,Hey - Hirose Entertainment Yard (Hey ヒロセエンターテイメントヤード),Arcade,3,3,4,Sunday
3788,Hobby Shop,Lashinbang (らしんばん 秋葉原店 本館),Hobby Store,Convenience Store,Lawson (ローソン 神田明神店),Convenience Store,1,4,5,Friday
3789,Candy Store,Niki no Kashi (二木の菓子 ビック館),Candy Store,Japanese Restaurant,Ichijiku (九 (いちじく)),Japanese Restaurant,2,8,9,Thursday
3790,Café,cafe asan,Café,Miscellaneous Shop,Yokohama Ticket Service (ヨコハマチケットサービス 上野店),Ticket Seller,1,8,10,Sunday
3791,Japanese Restaurant,Yoneyama (米山),BBQ Joint,Hobby Shop,Lashinbang (らしんばん 秋葉原店 本館),Hobby Store,4,8,10,Friday
3792,Light Rail,Yurikamome Toyosu Station (U16) (ゆりかもめ 豊洲駅),Rail Station,Japanese Restaurant,月島家御茶ノ水店,Monjayaki Restaurant,2,8,9,Sunday
3793,Subway,Omote-sando Station (表参道駅),Rail Station,Video Store,GEO,Video Store,3,7,9,Saturday
3794,Subway,Omote-sando Station (表参道駅),Rail Station,Video Store,GEO,Video Store,3,7,9,Saturday
3795,Spanish Restaurant,Nagaokaya (下町バル ながおか屋),Beer Bar,Comedy Club,お江戸上野広小路亭,Theater,3,7,9,Saturday
3796,Park,Ueno Park (上野恩賜公園),Urban Park,Asian Restaurant,Kushikatsu Tanaka (串カツ田中),Kushikatsu Restaurant,2,9,10,Thursday
3797,Train Station,Den-en-toshi Line Mizonokuchi Station (DT10) (田園都市線 溝の口駅),Rail Station,Subway,Hanzomon Line Nagatacho Station (Z04) (半蔵門線 永田町駅),Metro Station,1,21,22,Friday
3798,Train Station,Ikejiri-ōhashi Station (DT02) (池尻大橋駅),Rail Station,Train Station,Eda Station (DT17) (江田駅),Travel and Transportation,4,8,9,Saturday
3799,Clothing Store,Kamikaze Style (カミカゼスタイル 秋葉原店),Clothing Store,Bar,なごみ白木屋秋葉原駅前店,Sake Bar,1,8,9,Sunday
3800,Convenience Store,サンクス神田須田町一丁目店,Convenience Store,Hobby Shop,Lashinbang (らしんばん 秋葉原店 本館),Hobby Store,1,9,10,Sunday
3801,Bridge,平井大橋,Bridge,Subway,Minowa Station (H20) (三ノ輪駅),Rail Station,4,22,22,Tuesday
3802,Movie Theater,Cinema Sunshine (シネマサンシャイン池袋),Movie Theater,Medical Center,Megane Ichiba (眼鏡市場),Eyecare Store,4,4,5,Sunday
3803,Electronics Store,Yamada Denki (ヤマダ電機 LABI新宿東口館),Electronics Store,Movie Theater,Shinjuku Wald 9 (新宿バルト9),Movie Theater,2,8,9,Saturday
3804,Convenience Store,FamilyMart (ファミリーマート 四谷区民センター前店),Convenience Store,Café,Caffè Veloce (カフェ・ベローチェ),Café,2,10,11,Thursday
3805,Medical Center,西銀座診療所,Healthcare Clinic,Mobile Phone Shop,SoftBank (ソフトバンク 銀座),Mobile Phone Store,2,9,9,Friday
3806,Mall,,,Train Station,Kaminoge Station (OM14) (上野毛駅),Rail Station,2,7,8,Monday
3807,Burger Joint,Sun2Diner,Burger Joint,Bar,NorthCafe,Bar,2,5,5,Sunday
3808,Thai Restaurant,オリエンタル デリ,Thai Restaurant,Bus Station,はつらつセンター富ヶ谷 バス停,Bus Station,4,4,5,Tuesday
3809,Office,Sumitomo Realty & Development Shibuya Garden Tower (住友不動産渋谷ガーデンタワー),Office,Road,鉢山町交差点,Travel and Transportation,1,5,5,Tuesday
3810,Diner,Gusto (ガスト),Japanese Family Restaurant,Train Station,Musashi-Kosugi Station (武蔵小杉駅),Hair Salon,2,5,7,Tuesday
3811,Train Station,Shiki Station (TJ14) (志木駅),Rail Station,Bank,東京信用金庫朝霞支店,Financial Service,2,5,6,Wednesday
3812,Train Station,Shiki Station (TJ14) (志木駅),Rail Station,Bank,東京信用金庫朝霞支店,Financial Service,1,5,6,Wednesday
3813,Train Station,Hamamatsucho Station (浜松町駅),Rail Station,Airport,,,2,7,8,Thursday
3814,Japanese Restaurant,北の味紀行と地酒 北海道 五反田西口店,Sake Bar,Office,,,1,3,4,Thursday
3815,Subway,Nishi-kasai Station (T16) (西葛西駅),Rail Station,Gym / Fitness Center,Konami Sports Club (コナミスポーツクラブ 西葛西),Gym and Studio,1,9,10,Friday
3816,Subway,Nishi-kasai Station (T16) (西葛西駅),Rail Station,Mall,SUNAMO,Shopping Mall,4,4,5,Friday
3817,Train Station,Shin-Kiba Station (新木場駅),Rail Station,Department Store,Ito Yokado (イトーヨーカドー アリオ北砂店),Grocery Store,3,6,7,Saturday
3818,Train Station,Hiyoshi Station (日吉駅),Rail Station,Italian Restaurant,Al Pino,Italian Restaurant,4,2,4,Sunday
3819,Train Station,Keio Shinjuku Station (KO01) (京王 新宿駅),Rail Station,Bar,,,3,4,6,Sunday
3820,Other Great Outdoors,,,Park,Kogai Park (笄公園),Playground,3,1,2,Wednesday
3821,Ramen /  Noodle House,さいじょうラーメン,Ramen Restaurant,Subway,Daimon Station (大門駅),Metro Station,3,6,8,Tuesday
3822,Convenience Store,Lawson (ローソン 麹町五丁目店),Convenience Store,Ramen /  Noodle House,四天王新宿NS店,Ramen Restaurant,2,3,4,Monday
3823,Park,Koganei Park (小金井公園),Park,Ramen /  Noodle House,Ramen Jiro (ラーメン二郎 新小金井街道店),Ramen Restaurant,4,11,11,Wednesday
3824,Diner,Kichijoji Donburi (吉祥寺どんぶり),Donburi Restaurant,Train Station,Kichijōji Station (吉祥寺駅),Rail Station,3,9,10,Sunday
3825,Road,給田交差点,Travel and Transportation,Ramen /  Noodle House,長寿庵,Soba Restaurant,1,9,10,Wednesday
3826,Convenience Store,FamilyMart (ファミリーマート 調布天文台通り店),Convenience Store,Japanese Restaurant,藍屋三鷹新川店,Japanese Family Restaurant,2,9,11,Sunday
3827,Park,It's a Small World (イッツ・ア・スモールワールド),Amusement Park,Park,Roger Rabbit's Car Toon Spin (ロジャーラビットのカートゥーンスピン),Amusement Park,4,3,5,Tuesday
3828,Mall,LaLa garden (ララガーデン川口),Shopping Mall,Mall,LaLa garden (ララガーデン川口),Shopping Mall,3,8,9,Saturday
3829,Subway,Akasaka-mitsuke Station (赤坂見附駅),Metro Station,Concert Hall,TOKYO FM Hall (TOKYO・FM),Concert Hall,1,10,10,Tuesday
3830,Japanese Restaurant,坐・和民神保町店,Sake Bar,Subway,Mitsukoshimae Station (三越前駅),Rail Station,4,13,14,Friday
3831,Electronics Store,Yodobashi Camera (ヨドバシカメラ 新宿西口本店),Computers and Electronics Retail,BBQ Joint,Gyu-Kaku (牛角),BBQ Joint,4,10,11,Sunday
3832,Electronics Store,ソフマップAKIBA 5号店中古デジタル館,Electronics Store,Chinese Restaurant,Osaka Ohsho (大阪王将),Chinese Restaurant,2,8,9,Saturday
3833,Plaza,,,Government Building,戸塚警察署,Police Station,4,1,1,Sunday
3834,Plaza,,,Video Store,TSUTAYA 高田馬場店,Video Store,2,7,8,Friday
3835,Bar,ぶっちぎり酒場赤坂サカス前店,Sake Bar,Ramen /  Noodle House,Hakata Furyu (博多風龍 秋葉原総本店),Ramen Restaurant,3,11,12,Friday
3836,Bookstore,COMIC ZIN,Comic Book Store,Toy / Game Store,ボークス秋葉原ホビー天国,Toy Store,2,6,7,Saturday
3837,Train Station,Fuchū Station (KO24) (府中駅),Rail Station,Electronics Store,Yodobashi Camera (ヨドバシカメラ 新宿西口本店),Computers and Electronics Retail,1,6,7,Saturday
3838,Bowling Alley,Round1 (ラウンドワン 府中本町駅前店),Bowling Alley,Bridge,Koremasa Bridge (是政橋),Bridge,2,10,11,Wednesday
3839,Diner,東京チカラめし 秋葉原1号店,Diner,Bookstore,K-BOOKS,Bookstore,1,4,5,Saturday
3840,Home (private),,,Smoke Shop,,,2,8,10,Wednesday
3841,Mall,Yaechika (ヤエチカ),Shopping Mall,General Entertainment,,,4,2,4,Saturday
3842,Convention Center,Tokyo Big Sight (東京ビッグサイト (東京国際展示場)),Italian Restaurant,Neighborhood,,,3,4,5,Sunday
3843,Train Station,Gotanda Station (五反田駅),Rail Station,Train Station,Gotanda Station (五反田駅),Rail Station,1,9,10,Wednesday
3844,Hobby Shop,Comic Toranoana B (コミックとらのあな 池袋店),Comic Book Store,Hobby Shop,Comic Toranoana B (コミックとらのあな 池袋店),Comic Book Store,2,6,8,Wednesday
3845,Bridge,木場公園大橋,Bridge,Art Museum,Museum of Contemporary Art Tokyo (MOT) (東京都現代美術館),Museum,2,6,7,Sunday
3846,Convenience Store,7-Eleven (セブンイレブン 墨田両国4丁目店),Convenience Store,Subway,Oedo Line Ryogoku Station (E12) (都営大江戸線 両国駅),Metro Station,2,4,5,Friday
3847,Japanese Restaurant,昭和食堂秋葉原店,Ramen Restaurant,Bookstore,Mandarake Complex (まんだらけ コンプレックス),Retail,4,3,4,Tuesday
3848,Convention Center,Nakano Sunplaza (中野サンプラザ),Convention Center,Ramen /  Noodle House,大勝軒,Ramen Restaurant,4,2,3,Saturday
3849,Subway,Tozai Line Nihombashi Station (T10) (東西線 日本橋駅),Metro Station,Subway,Toyocho Station (T14) (東陽町駅),Rail Station,1,7,8,Saturday
3850,Train Station,Meguro Station (目黒駅),Rail Station,Subway,Gaiemmae Station (G03) (外苑前駅),Rail Station,1,5,6,Saturday
3851,Subway,Center Kita Station (センター北駅),Rail Station,Subway,Center Kita Station (センター北駅),Rail Station,4,3,3,Friday
3852,Electronics Store,ヤマダデンキ Tecc LIFE SELECT 港北センター店,Home Appliance Store,Subway,Center Kita Station (センター北駅),Rail Station,1,5,7,Wednesday
3853,Other Great Outdoors,Shinobazu Pond (不忍池),Landmarks and Outdoors,Train Station,Tabata Station (田端駅),Rail Station,3,11,12,Tuesday
3854,General Travel,Tokyo Metro Lost and Found (東京メトロ お忘れ物総合取扱所),Metro Station,Train Station,Ueno Station (上野駅),Rail Station,3,4,5,Monday
3855,Video Store,SHIBUYA TSUTAYA,Retail,Ramen /  Noodle House,Tenkaippin (天下一品),Ramen Restaurant,4,10,11,Tuesday
3856,Government Building,登戸駅 ドラえもん像,Outdoor Sculpture,Sculpture Garden,Ultraman Statue (ウルトラマン シンボル像),Monument,1,13,13,Monday
3857,Café,Good Morning Cafe,Café,Bookstore,竹島書店江古田南口店,Bookstore,2,8,9,Thursday
3858,Ramen /  Noodle House,Marugame Seimen (丸亀製麺),Udon Restaurant,Café,Good Morning Cafe,Café,3,7,8,Thursday
3859,French Restaurant,Lever son Verre (ルヴェ・ソン・ヴェール 駒場),Cocktail Bar,Department Store,渋谷PARCO PART1,Department Store,4,3,5,Sunday
3860,Department Store,Seibu (西武池袋本店),Department Store,Hobby Shop,Comic Toranoana B (コミックとらのあな 池袋店),Comic Book Store,1,10,10,Sunday
3861,Fried Chicken Joint,KFC (ケンタッキーフライドチキン),Fried Chicken Joint,Café,Sarutahiko Coffee (猿田彦珈琲),Café,4,8,9,Sunday
3862,Ramen /  Noodle House,そば処 めとろ庵大手町店,Noodle Restaurant,Bookstore,Melonbooks (メロンブックス 秋葉原1号店),Comic Book Store,2,1,2,Friday
3863,Fast Food Restaurant,McDonald's (マクドナルド),Burger Joint,Subway,Mita Line Mita Station (I04) (都営三田線 三田駅),Metro Station,3,19,20,Sunday
3864,Convenience Store,ローソン,Convenience Store,Bar,わたみん家大鳥居駅前店,Sake Bar,4,7,8,Thursday
3865,Electronics Store,Apple Ginza (Apple 銀座),Landmarks and Outdoors,Mall,TOKIA (東京ビル TOKIA),Shopping Mall,4,11,11,Friday
3866,Mall,Tokyo Midtown (東京ミッドタウン),Retail,Subway,Shirokane-takanawa Station (白金高輪駅),Metro Station,4,7,7,Sunday
3867,Movie Theater,Shinjuku Piccadilly (新宿ピカデリー),Movie Theater,Bar,スタア 倶楽部,Lounge,2,12,12,Sunday
3868,Subway,Ginza Line Ginza Station (G09) (銀座線 銀座駅),Metro Station,Dessert Shop,Qu'il fait bon (キルフェボン),Dessert Shop,4,7,7,Saturday
3869,Electronics Store,Sofmap Akiba 1st Store (ソフマップAKIBA 1号店 サブカル・モバイル館),Retail,Electronics Store,Bic Camera (ビックカメラ 有楽町店),Home Appliance Store,2,8,8,Saturday
3870,Fast Food Restaurant,McDonald's (マクドナルド),Fast Food Restaurant,Arcade,Eternal Amusement Tower (エターナルアミューズメントタワー),Arcade,2,2,2,Monday
3871,Ramen /  Noodle House,Ringer Hut (リンガーハット),Japanese Family Restaurant,Food & Drink Shop,いなげや 保谷本町店,Grocery Store,2,2,4,Saturday
3872,Bike Shop,Y's Road (Y's Road  上野本館),Bicycle Store,Food,,,3,7,9,Saturday
3873,Subway,Hatogaya Station (鳩ヶ谷駅),Metro Station,Subway,Shinjuku-gyoemmae Station (M10) (新宿御苑前駅),Metro Station,3,19,20,Tuesday
3874,Drugstore / Pharmacy,ウエルシア,Drugstore,Government Building,さいたま市南消防署東浦和出張所,Fire Station,4,4,5,Sunday
3875,Hobby Shop,Gamers (ゲーマーズ),Hobby Store,Hobby Shop,Gamers (ゲーマーズ),Hobby Store,4,10,11,Saturday
3876,Train Station,Ikebukuro Station (池袋駅),Rail Station,Hobby Shop,Gamers (ゲーマーズ),Hobby Store,3,10,11,Saturday
3877,Building,ROPPONGI T-CUBE (六本木ティーキューブ),Business Center,Park,Arisugawa-no-miya Memorial Park (有栖川宮記念公園),Park,1,7,7,Tuesday
3878,Train Station,Ebisu Station (恵比寿駅),Rail Station,Dessert Shop,Picassol,Dessert Shop,3,8,8,Tuesday
3879,Office,Internet Initiative Japan Inc. (株式会社インターネットイニシアティブ),Office,Fast Food Restaurant,McDonald's (マクドナルド),Burger Joint,2,3,3,Sunday
3880,Train Station,Musashi-Urawa Station (武蔵浦和駅),Rail Station,Italian Restaurant,グラッチェガーデンズ 太田窪店,Italian Restaurant,3,7,8,Sunday
3881,Mall,SoLaDo原宿,Shopping Mall,Miscellaneous Shop,AssistOn (アシストオン 原宿店),Gift Store,2,9,10,Friday
3882,Subway,Shinjuku-gyoemmae Station (M10) (新宿御苑前駅),Metro Station,Record Shop,TOWER RECORDS,Record Store,4,9,10,Wednesday
3883,Mall,Tokyo Midtown (東京ミッドタウン),Retail,Japanese Restaurant,Suju Dining Rokkaku (酢重ダイニング 六角),Yoshoku Restaurant,1,3,4,Friday
3884,Food & Drink Shop,Ito Yokado (イトーヨーカドー 武蔵小金井店),Grocery Store,Bookstore,Junkudo (ジュンク堂書店),Bookstore,4,6,8,Sunday
3885,Restaurant,Sutadonya (伝説のすた丼屋),Donburi Restaurant,Restaurant,Sutadonya (伝説のすた丼屋),Donburi Restaurant,2,7,7,Sunday
3886,Train Station,JR Kamata Station (JR 蒲田駅),Rail Station,Restaurant,Sutadonya (伝説のすた丼屋),Donburi Restaurant,2,6,7,Sunday
3887,Home (private),,,Home (private),,,2,3,3,Sunday
3888,Bar,ちょい呑み処 おかやん,Sake Bar,Athletic & Sport,,,1,14,15,Wednesday
3889,Road,,,Bridge,新菊名橋,Bridge,3,3,3,Saturday
3890,Road,,,Bridge,新菊名橋,Bridge,4,3,3,Saturday
3891,Office,Sumitomo Realty & Development Shibuya Garden Tower (住友不動産渋谷ガーデンタワー),Office,Train Station,JR Hatchōbori Station (JR 八丁堀駅),Rail Station,4,9,10,Thursday
3892,Indian Restaurant,バルチックカレー久松町店,Indian Restaurant,Subway,Higashi-nihombashi Station (A15) (東日本橋駅),Metro Station,3,7,8,Monday
3893,Electronics Store,Yodobashi-Kichijoji (ヨドバシカメラ マルチメディア吉祥寺),Home Appliance Store,Bridge,Mansei Bridge (万世橋),Bridge,4,1,2,Saturday
3894,Arcade,GIGO Akihabara 1 (ハイテクランドセガ秋葉原),Arcade,Indian Restaurant,シディークAKIBAカレー館,Indian Restaurant,1,9,10,Sunday
3895,Train Station,Shin-Yurigaoka Station (OH23) (新百合ヶ丘駅),Rail Station,Train Station,Shin-Yurigaoka Station (OH23) (新百合ヶ丘駅),Rail Station,4,11,12,Thursday
3896,Coffee Shop,Doutor Coffee Shop (ドトールコーヒーショップ),Coffee Shop,Subway,Hanzomon Station (Z05) (半蔵門駅),Rail Station,2,1,3,Friday
3897,Subway,Toyosu Station (豊洲駅),Metro Station,Convention Center,East Exhibition Hall (東展示棟),Convention Center,3,23,0,Thursday
3898,Other Nightlife,,,Fast Food Restaurant,McDonald's (マクドナルド),Fast Food Restaurant,1,6,7,Sunday
3899,Subway,Asakusa Line Daimon Station (A09) (都営浅草線 大門駅),Metro Station,Residential Building (Apartment / Condo),,,3,11,12,Monday
3900,Subway,Shinjuku-gyoemmae Station (M10) (新宿御苑前駅),Metro Station,Office,Sea Fort Square (シーフォートスクエア),Business Center,1,7,8,Wednesday
3901,Arcade,パソピアート東京,Arcade,Sculpture Garden,蒲田モヤイ像,Public Art,2,8,10,Thursday
3902,Government Building,Koto Driver's License Center (江東運転免許試験場),Police Station,Spa / Massage,曙湯,Bath House,3,9,11,Sunday
3903,Bridge,Daishi Bridge (大師橋),Bridge,Coffee Shop,スターバックス,Coffee Shop,4,7,8,Saturday
3904,Ramen /  Noodle House,じゃじゃおいけん,Ramen Restaurant,Japanese Restaurant,Yayoi (やよい軒),Teishoku Restaurant,1,11,11,Saturday
3905,Subway,Hanzomon Station (Z05) (半蔵門駅),Rail Station,Library,Shimoigusa Library (下井草図書館),Library,3,9,10,Wednesday
3906,Medical Center,松本整形外科,Orthopedic Surgeon,Bar,酒処彦次郎,Sake Bar,4,8,9,Friday
3907,Bookstore,Mandarake Complex (まんだらけ コンプレックス),Retail,Bar,さくら水産秋葉原店,Sake Bar,3,10,10,Friday
3908,Ramen /  Noodle House,Daruma no Me (だるまのめ 秋葉原店),Ramen Restaurant,Home (private),,,3,10,10,Monday
3909,Subway,Omote-sando Station (表参道駅),Rail Station,Video Store,SHIBUYA TSUTAYA,Retail,3,10,10,Saturday
3910,Hobby Shop,Hands (ハンズ),Furniture and Home Store,Video Store,SHIBUYA TSUTAYA,Retail,1,10,11,Tuesday
3911,Bridge,Ochanomizu Bridge (お茶の水橋),Bridge,Train Station,,,4,9,9,Tuesday
3912,Government Building,公共職業安定所池袋 サンシャイン庁舎職業相談,Employment Agency,Government Building,公共職業安定所池袋 サンシャイン庁舎職業相談,Employment Agency,2,4,5,Wednesday
3913,Office,ハマサイト,Office,Toy / Game Store,,,1,8,8,Saturday
3914,Bookstore,ブックオフ秋葉原駅前店,Used Bookstore,Bar,HUB,Pub,1,10,11,Sunday
3915,Library,朝霞市立図書館,Library,Food & Drink Shop,酒のTOP朝霞店,Liquor Store,1,8,10,Thursday
3916,College Academic Building,,,Train Station,Tobu Ikebukuro Station (TJ01) (東武 池袋駅),Rail Station,2,7,9,Monday
3917,Fast Food Restaurant,McDonald's (マクドナルド),Fast Food Restaurant,Electronics Store,Yodobashi-Akiba (ヨドバシカメラ マルチメディアAkiba),Electronics Store,4,3,4,Saturday
3918,College Academic Building,東3号館 ,College Academic Building,Toy / Game Store,Pop Life Department M's (大人のデパート エムズ),Adult Store,4,8,10,Friday
3919,Train Station,Shinanomachi Station (信濃町駅),Candy Store,Miscellaneous Shop,Don Quijote (ドン・キホーテ 中野駅前店),Discount Store,4,11,12,Sunday
3920,Asian Restaurant,Magic Spice (マジックスパイス),Japanese Curry Restaurant,Music Venue,下北沢GARDEN,Rock Club,3,8,9,Sunday
3921,Ramen /  Noodle House,Mouko Tanmen Nakamoto (蒙古タンメン中本),Ramen Restaurant,Plaza,Hachiko Square (ハチ公前広場),Plaza,3,5,6,Saturday
3922,Train Station,Sangubashi Station (OH03) (参宮橋駅),Rail Station,Japanese Restaurant,彩わ,Bar,3,10,11,Thursday
3923,Train Station,Takeshita Exit (竹下口),Rail Station,Café,AKB48 CAFE & SHOP AKIHABARA,Café,2,5,6,Saturday
3924,Arcade,Tokyo Leisure Land (東京レジャーランド 秋葉原2号店),Arcade,Subway,Suehirocho Station (G14) (末広町駅),Metro Station,3,9,11,Tuesday
3925,History Museum,近藤勇生家跡,Landmarks and Outdoors,College Academic Building,東3号館 ,College Academic Building,2,4,4,Thursday
3926,Ramen /  Noodle House,麺屋優創,Ramen Restaurant,College Academic Building,東3号館 ,College Academic Building,4,8,9,Friday
3927,Road,元木交差点,Travel and Transportation,Movie Theater,TOHO Cinemas (TOHOシネマズ川崎),Movie Theater,3,10,12,Saturday
3928,Arcade,Silk Hat (シルクハット),Arcade,Gaming Cafe,Kawasaki Warehouse (ウェアハウス 川崎店),Arcade,3,9,10,Monday
3929,Mobile Phone Shop,docomo smartphone lounge (ドコモ スマートフォンラウンジ),Mobile Phone Store,Train Station,Tokyo Teleport Station (R04) (東京テレポート駅),Rail Station,1,7,9,Saturday
3930,Electronics Store,Apple Shibuya (Apple 渋谷),Electronics Store,Subway,Ginza Station (銀座駅),Rail Station,2,7,8,Wednesday
3931,Mall,,,Train Station,Yotsuya Station (四ツ谷駅),Rail Station,4,7,9,Thursday
3932,Mall,,,Subway,,,1,7,8,Thursday
3933,Bar,EuroStarCafe,Bar,Arcade,Eternal Amusement Tower (エターナルアミューズメントタワー),Arcade,1,7,8,Tuesday
3934,Concert Hall,Tokyo Dome City Hall (東京ドームシティホール),Concert Hall,Laundry Service,DOMANI,Laundry Service,4,8,8,Saturday
3935,Subway,,,Toy / Game Store,アンパンマンショップ,Toy Store,1,2,4,Sunday
3936,Electronics Store,Apple Ginza (Apple 銀座),Landmarks and Outdoors,Coffee Shop,Starbucks Reserve Store,Coffee Shop,2,9,10,Friday
3937,Park,Inokashira Park (井の頭恩賜公園),Park,Electronics Store,Yodobashi-Kichijoji (ヨドバシカメラ マルチメディア吉祥寺),Home Appliance Store,2,4,5,Sunday
3938,Food & Drink Shop,Inageya (いなげや 調布仙川店),Candy Store,Train Station,Sengawa Station (KO13) (仙川駅),Rail Station,3,9,11,Saturday
3939,Arcade,Taito Station (タイトーステーション 新宿南口ゲームワールド店),Arcade,Arcade,Taito Station (タイトーステーション 新宿南口ゲームワールド店),Arcade,1,5,6,Sunday
3940,Light Rail,Yurikamome Toyosu Station (U16) (ゆりかもめ 豊洲駅),Rail Station,Arcade,Tokyo Leisure Land (東京レジャーランド 秋葉原2号店),Arcade,3,7,8,Friday
3941,Temple,Ryusenji Temple (目黒不動尊 瀧泉寺),Buddhist Temple,Temple,Ryusenji Temple (目黒不動尊 瀧泉寺),Buddhist Temple,1,6,7,Sunday
3942,Coffee Shop,Starbucks,Coffee Shop,Movie Theater,TOHO Cinemas (TOHOシネマズ 六本木ヒルズ),Movie Theater,2,8,9,Sunday
3943,Temple,Kawasaki Daishi (川崎大師),Temple,Building,大師河原ポンプ場,Office Building,2,6,6,Monday
3944,Temple,Kawasaki Daishi (川崎大師),Temple,Medical Center,Saiseikai Yokohamashi Tobu Hospital (済生会横浜市東部病院),Hospital,2,11,12,Tuesday
3945,Toy / Game Store,ゲームショップ紙風船,Retail,Bar,,,1,6,8,Sunday
3946,Japanese Restaurant,Sutadonya (伝説のすた丼屋),Donburi Restaurant,Gym / Fitness Center,東京アスレティッククラブ TAC本館,Dance Studio,2,11,12,Wednesday
3947,Subway,Mitsukoshimae Station (三越前駅),Rail Station,Subway,,,1,10,12,Sunday
3948,Mall,Nakano Broadway (中野ブロードウェイ),Shopping Plaza,Convention Center,Nakano Sunplaza (中野サンプラザ),Convention Center,3,7,8,Sunday
3949,Train Station,,,Light Rail,Takeshiba Station (U03) (竹芝駅),Rail Station,1,4,5,Saturday
3950,Chinese Restaurant,蘭苑菜館烏森口店,Chinese Restaurant,Road,港栄橋交差点,Travel and Transportation,3,3,4,Saturday
3951,Japanese Restaurant,ととどん 三田店,Donburi Restaurant,Subway,Shiodome Station (汐留駅),Rail Station,1,2,3,Tuesday
3952,Hobby Shop,animate (アニメイト),Retail,Stadium,Tokyo Dome (東京ドーム),Stadium,3,4,6,Friday
3953,Train Station,Sangen-jaya Station (三軒茶屋駅),Rail Station,American Restaurant,Hooters,Bar,2,9,10,Thursday
3954,Dumpling Restaurant,Gyoza Ohsho (餃子の王将),Chinese Restaurant,Toy / Game Store,Hakuhinkan Toy Park (博品館 TOY PARK 銀座本店),Retail,3,7,8,Wednesday
3955,Steakhouse,Sizzler,American Restaurant,Playground,大森グリーンベルト,Playground,2,8,9,Friday
3956,Mall,Lazona Kawasaki Plaza (ラゾーナ川崎プラザ),Shopping Mall,Ramen /  Noodle House,Ippudo Shiromaru-Base (一風堂 SHIROMARU-BASE),Ramen Restaurant,2,6,7,Sunday
3957,Bar,HUB,Pub,Ramen /  Noodle House,味噌屋せいべえ 新橋店,Ramen Restaurant,3,14,15,Saturday
3958,Electronics Store,BICQLO (ビックロ),Electronics Store,Cosmetics Shop,BEAUTY APOTHECARY,Cosmetics Store,1,2,4,Saturday
3959,Dumpling Restaurant,Gyoza Ohsho (餃子の王将),Chinese Restaurant,Electronics Store,Bic Camera (ビックカメラ),Electronics Store,1,4,4,Wednesday
3960,Train Station,Sangen-jaya Station (三軒茶屋駅),Rail Station,Food & Drink Shop,デイリーヤマザキ三軒茶屋店,Convenience Store,4,13,13,Thursday
3961,Government Building,Agency for Cultural Affairs (文化庁),Government Building,Japanese Restaurant,溜池酉玉,BBQ Joint,1,4,5,Friday
3962,Mall,Roppongi Hills (六本木ヒルズ),Shopping Mall,Scenic Lookout,Tokyo City View (東京シティビュー),Scenic Lookout,4,4,5,Tuesday
3963,Electronics Store,Yodobashi-Akiba (ヨドバシカメラ マルチメディアAkiba),Electronics Store,Japanese Restaurant,居酒屋殿,Sake Bar,1,8,9,Saturday
3964,Nursery School,キャンディパーク,Nursery School,Subway,Ningyocho Station (人形町駅),Metro Station,1,0,0,Wednesday
3965,Nursery School,キャンディパーク,Nursery School,Subway,Ningyocho Station (人形町駅),Metro Station,2,0,0,Wednesday
3966,Mall,Shibuya Hikarie (渋谷ヒカリエ),Business Center,Mall,Shibuya Hikarie (渋谷ヒカリエ),Business Center,4,2,3,Saturday
3967,Sushi Restaurant,Sushi Choushimaru (すし銚子丸),Japanese Family Restaurant,Bridge,境橋,Landmarks and Outdoors,1,10,11,Sunday
3968,Arcade,Tokyo Leisure Land (東京レジャーランド 秋葉原2号店),Arcade,Bar,一品酒場 商い屋,Sake Bar,4,10,12,Thursday
3969,Road,Yoga Exit (用賀出入口),Toll Booth,Arcade,Tokyo Leisure Land (東京レジャーランド 秋葉原2号店),Arcade,2,7,8,Wednesday
3970,Hardware Store,Tokyo Radio Department Store (東京ラジオデパート),Landmarks and Outdoors,Hobby Shop,リバティー 秋葉原6号店 (リバティー 6号店),Hobby Store,2,8,8,Wednesday
3971,Hobby Shop,リバティー 秋葉原6号店 (リバティー 6号店),Hobby Store,Smoke Shop,秋葉原喫煙所,Tobacco Store,4,8,10,Wednesday
3972,University,Tokyo City University (東京都市大学 世田谷キャンパス),University,Restaurant,Royal Host (ロイヤルホスト),Japanese Family Restaurant,2,0,2,Sunday
3973,Arcade,Tokyo Leisure Land (東京レジャーランド 秋葉原店),Arcade,Arcade,Eternal Amusement Tower (エターナルアミューズメントタワー),Arcade,3,11,11,Sunday
3974,Electronics Store,Apple Ginza (Apple 銀座),Landmarks and Outdoors,Temple,,,3,7,7,Thursday
3975,Miscellaneous Shop,OLYMPUS PLAZA TOKYO,Event Space,University,University of Tokyo Hongo Campus (東京大学 本郷キャンパス),College and University,2,5,6,Saturday
3976,Subway,Toyosu Station (豊洲駅),Metro Station,Train Station,Sangen-jaya Station (三軒茶屋駅),Rail Station,3,6,8,Friday
3977,Train Station,Seibu Takadanobaba Station (SS02) (西武 高田馬場駅),Rail Station,Ramen /  Noodle House,Menya Musashi Takatora (麺屋武蔵 鷹虎),Ramen Restaurant,1,9,10,Monday
3978,Train Station,Komazawa-daigaku Station (DT04) (駒沢大学駅),Rail Station,Subway,,,4,6,8,Wednesday
3979,Subway,Kokuritsu-kyogijo Station (E25) (国立競技場駅),Metro Station,Stadium,National Olympic Stadium (国立霞ヶ丘陸上競技場),Athletic Field,1,8,8,Wednesday
3980,Asian Restaurant,Magic Spice (マジックスパイス),Japanese Curry Restaurant,Café,Cafe Trois Chambres (トロワ・シャンブル),Café,4,7,9,Saturday
3981,Subway,Ushigome-kagurazaka Station (E05) (牛込神楽坂駅),Metro Station,Subway,Myogadani Station (M23) (茗荷谷駅),Rail Station,2,12,12,Thursday
3982,Office,Microsoft Japan (日本マイクロソフト),Office,Japanese Restaurant,夢や,Sake Bar,1,10,12,Friday
3983,Office,Microsoft Japan (日本マイクロソフト),Office,Japanese Restaurant,夢や,Sake Bar,2,10,12,Friday
3984,Deli / Bodega,グルメ・ナカムラ,Retail,Fried Chicken Joint,Torian (とりあん 幡ヶ谷店),Fried Chicken Joint,2,8,9,Saturday
3985,Event Space,belle salle (ベルサール秋葉原),Event Space,Subway,Iwamotocho Station (S08) (岩本町駅),Rail Station,4,10,11,Sunday
3986,Shrine,Okunitama Shrine (大國魂神社),Shrine,Hobby Shop,Hands (ハンズ),Furniture and Home Store,4,4,6,Saturday
3987,Medical Center,国立健康・栄養研究所診療所,Health and Medicine,Ramen /  Noodle House,Ramen Nagi (ラーメン凪),Ramen Restaurant,4,12,13,Monday
3988,Building,,,Fast Food Restaurant,McDonald's (マクドナルド),Burger Joint,1,11,12,Thursday
3989,Restaurant,Gusto (ガスト),Japanese Family Restaurant,Building,,,3,19,19,Sunday
3990,Concert Hall,さいたま市民会館うらわ,Wedding Hall,Convenience Store,FamilyMart (ファミリーマート 浦和常盤店),Convenience Store,4,9,11,Saturday
3991,Food & Drink Shop,Inageya (いなげや 浦和ときわ店),Grocery Store,Food & Drink Shop,Ito Yokado (イトーヨーカドー 浦和店),Grocery Store,4,8,9,Thursday
3992,Laundry Service,つるやクリーニング本店,Professional Cleaning Service,Department Store,Parco (浦和PARCO),Retail,1,8,8,Saturday
3993,Convenience Store,7-Eleven (セブンイレブン 浦和駅西口店),Convenience Store,Food & Drink Shop,Inageya (いなげや 浦和ときわ店),Grocery Store,4,5,6,Sunday
3994,Café,Fruit de saison (フルーフ・デゥ・セゾン),Café,Train Station,Musashi-Nakahara Station (武蔵中原駅),Rail Station,1,6,8,Friday
3995,Train Station,Musashi-Nakahara Station (武蔵中原駅),Rail Station,Arcade,Silk Hat (シルクハット),Arcade,2,3,5,Saturday
3996,Light Rail,Yurikamome Shimbashi Station (U01) (ゆりかもめ 新橋駅),Rail Station,Post Office,Asagaya Ekimae Post Office (阿佐谷駅前郵便局),Post Office,4,7,7,Monday
3997,Arcade,スペースFS汐留,Event Space,Event Space,Asagaya Loft A (阿佐ヶ谷 ロフトA),Event Space,4,9,10,Sunday
3998,Coffee Shop,Starbucks (スターバックス),Coffee Shop,Salon / Barbershop,,,2,5,7,Sunday
3999,Subway,Mitsukoshimae Station (三越前駅),Rail Station,Salon / Barbershop,Air,Health and Beauty Service,2,8,10,Saturday
4000,Airport,Terminal 1 (第1ターミナル),Airport Terminal,Subway,Hanzomon Station (Z05) (半蔵門駅),Rail Station,2,0,1,Thursday
4001,Subway,Hanzomon Station (Z05) (半蔵門駅),Rail Station,Airport,Terminal 1 (第1ターミナル),Airport Terminal,4,5,7,Thursday
4002,Subway,Nishi-ojima Station (S14) (西大島駅),Rail Station,Airport,Terminal 1 (第1ターミナル),Airport Terminal,3,21,22,Saturday
4003,Subway,Ogawamachi Station (S07) (小川町駅),Rail Station,Japanese Restaurant,,,3,11,11,Wednesday
4004,Ramen /  Noodle House,前略まるきゅう,Ramen Restaurant,Electronics Store,Bic Camera (ビックカメラ 池袋西口店),Home Appliance Store,3,5,5,Thursday
4005,Bar,大衆鳥酒場ひよっこ大山店,Sake Bar,Mall,Don Quijote (ドン・キホーテ 北池袋店),Discount Store,4,12,14,Sunday
4006,Train Station,Den-en-toshi Line Sangen-jaya Station (DT03) (東急田園都市線 三軒茶屋駅),Rail Station,Fast Food Restaurant,McDonald's (マクドナルド),Burger Joint,2,14,15,Tuesday
4007,Subway,Onarimon Station (I06) (御成門駅),Rail Station,Food & Drink Shop,Maruetsu Petit (マルエツ プチ 白金台店),Grocery Store,4,16,16,Friday
4008,Medical Center,ヘルスケア・AOYAMA鍼灸指圧治療院,Massage Clinic,Ramen /  Noodle House,Tenho (天鳳),Ramen Restaurant,2,8,9,Monday
4009,Fast Food Restaurant,Freshness Burger (フレッシュネスバーガー),Burger Joint,Fast Food Restaurant,Freshness Burger (フレッシュネスバーガー),Burger Joint,4,4,4,Monday
4010,Train Station,Tōbu-nerima Station (TJ08) (東武練馬駅),Rail Station,Movie Theater,AEON Cinema (イオンシネマ板橋),Movie Theater,4,11,12,Sunday
4011,Dumpling Restaurant,Gyoza Ohsho (餃子の王将),Chinese Restaurant,Bar,三千世堺,BBQ Joint,2,11,12,Thursday
4012,Ramen /  Noodle House,Mouko Tanmen Nakamoto (蒙古タンメン中本),Ramen Restaurant,Ramen /  Noodle House,Sagatani (嵯峨谷),Soba Restaurant,3,5,5,Monday
4013,Ramen /  Noodle House,Mouko Tanmen Nakamoto (蒙古タンメン中本),Ramen Restaurant,Department Store,Tokyu Department Store (東急百貨店 本店),Department Store,2,5,5,Monday
4014,Office,Akihabara UDX (秋葉原UDX),Business Center,Bookstore,K-BOOKS,Bookstore,1,6,6,Wednesday
4015,Office,Akihabara UDX (秋葉原UDX),Business Center,Road,,,1,6,6,Wednesday
4016,Subway,Mita Line Mita Station (I04) (都営三田線 三田駅),Metro Station,Convenience Store,7-Eleven (セブンイレブン 川崎京町1丁目店),Convenience Store,2,10,11,Thursday
4017,Subway,Asakusa Line Mita Station (A08) (都営浅草線 三田駅),Metro Station,Convenience Store,7-Eleven (セブンイレブン 川崎京町1丁目店),Convenience Store,4,9,9,Wednesday
4018,Mall,,,Subway,Chiyoda Line Kita-senju Station (C18) (千代田線 北千住駅),Metro Station,1,9,9,Thursday
4019,Subway,Sendagi Station (C15) (千駄木駅),Rail Station,Convenience Store,Ministop (ミニストップ 御茶ノ水駅前店),Convenience Store,1,4,4,Monday
4020,Furniture / Home Store,ニトリ 中目黒店,Furniture and Home Store,Furniture / Home Store,ニトリ 中目黒店,Furniture and Home Store,4,5,5,Sunday
4021,Electronics Store,Apple Ginza (Apple 銀座),Landmarks and Outdoors,Indian Restaurant,シディークパレス 麻布十番店,Indian Restaurant,4,7,7,Saturday
4022,Subway,Gaiemmae Station (G03) (外苑前駅),Rail Station,Office,Oracle Corporation Japan HQ (日本オラクル株式会社 本社),Business and Professional Services,3,9,10,Monday
4023,Ferry,日の出桟橋水上バス乗り場,Bridge,Train Station,Tokyo Teleport Station (R04) (東京テレポート駅),Rail Station,4,5,7,Saturday
4024,Historic Site,Imperial Palace (皇居),Historic and Protected Site,Park,Yumenoshima Park (夢の島公園),Park,2,5,7,Sunday
4025,Other Nightlife,Kabukicho Ichiban-gai (歌舞伎町一番街),Neighborhood,Train Station,JR Shinjuku Sta. East Gate (JR 新宿駅東口),Structure,2,8,9,Saturday
4026,Road,たつみ橋交差点,Travel and Transportation,Convention Center,小松川区民館,Meeting Room,3,6,6,Sunday
4027,Library,墨田区立立花図書館,Library,Subway,Higashi-ojima Station (S16) (東大島駅),Metro Station,1,2,3,Sunday
4028,Subway,,,Arcade,Taito Station (タイトーステーション 新宿南口ゲームワールド店),Arcade,1,1,2,Wednesday
4029,Mall,Nakano Broadway (中野ブロードウェイ),Shopping Plaza,Art Gallery,Nakano Ropeway (中野ロープウェイ),Miscellaneous Store,4,7,9,Friday
4030,Train Station,Kotake-mukaihara Station (小竹向原駅),Rail Station,Food & Drink Shop,Life (ライフエクストラ 大泉学園駅前店),Grocery Store,2,8,8,Wednesday
4031,Food & Drink Shop,Inageya ina21 (いなげや ina21 練馬東大泉店),Grocery Store,Food & Drink Shop,Life (ライフエクストラ 大泉学園駅前店),Grocery Store,1,7,8,Wednesday
4032,Electronics Store,Yamada Denki LABI (ヤマダデンキ LABI 渋谷),Home Appliance Store,Train Station,Sangen-jaya Station (三軒茶屋駅),Rail Station,3,2,3,Sunday
4033,Ramen /  Noodle House,Mouko Tanmen Nakamoto (蒙古タンメン中本),Ramen Restaurant,Coffee Shop,Doutor Coffee Shop (ドトールコーヒーショップ),Café,3,2,2,Sunday
4034,Medical Center,ぐるぐる整体池袋,Health and Beauty Service,Train Station,Tobu Ikebukuro Station (TJ01) (東武 池袋駅),Rail Station,2,11,11,Friday
4035,Electronics Store,Apple Shibuya (Apple 渋谷),Electronics Store,Stadium,Ajinomoto Stadium (味の素スタジアム),Stadium,3,4,5,Saturday
4036,Park,Itabashi Heiwa Park (板橋区平和公園),Park,Subway,Takashimadaira Station (I25) (高島平駅),Metro Station,3,1,2,Sunday
4037,Gym / Fitness Center,Azusawa Gymnasium (小豆沢体育館),Recreation Center,Subway,Takashimadaira Station (I25) (高島平駅),Metro Station,2,0,2,Saturday
4038,Historic Site,Imperial Palace (皇居),Historic and Protected Site,Building,JP Tower (JPタワー),Business Center,4,2,4,Wednesday
4039,Bike Shop,セオサイクル戸越店,Bicycle Store,Train Station,Kawasaki Station (川崎駅),Rail Station,4,1,3,Sunday
4040,Electronics Store,Yodobashi Camera (ヨドバシカメラ 新宿西口本店),Computers and Electronics Retail,Subway,Mita Line Hibiya Station (I08) (都営三田線 日比谷駅),Metro Station,3,10,10,Tuesday
4041,Train Station,Haneda Airport Terminal 2 Station (MO11) (羽田空港第2ターミナル駅),Rail Station,Convention Center,Tokyo Big Sight (東京ビッグサイト (東京国際展示場)),Italian Restaurant,4,3,4,Thursday
4042,Hobby Shop,リバティー 秋葉原6号店 (リバティー 6号店),Hobby Store,Diner,The Granvania (ザ・グランヴァニア),Restaurant,4,8,10,Thursday
4043,Coffee Shop,EXCELSIOR CAFFÉ,Coffee Shop,Diner,The Granvania (ザ・グランヴァニア),Restaurant,3,9,10,Friday
4044,Mall,Ario Kawaguchi (アリオ川口),Shopping Mall,Mall,Ario Kawaguchi (アリオ川口),Shopping Mall,4,4,4,Sunday
4045,Steakhouse,スエヒロ館川口店,Japanese Family Restaurant,Steakhouse,スエヒロ館川口店,Japanese Family Restaurant,3,9,10,Monday
4046,Subway,Toyosu Station (豊洲駅),Metro Station,Electronics Store,Bic Camera (ビックカメラ 有楽町店),Home Appliance Store,1,1,2,Saturday
4047,Train Station,Yurakucho Station (有楽町駅),Rail Station,Hobby Shop,Sanrio World Ginza  (サンリオワールド),Gift Store,2,3,3,Saturday
4048,Shrine,神明氷川神社,Shrine,General Travel,,,2,22,23,Sunday
4049,Park,生田緑地,Park,Government Building,コロ助像,Monument,4,1,1,Sunday
4050,Bookstore,ルーエ,Bookstore,Train Station,Kichijōji Station (吉祥寺駅),Rail Station,4,7,8,Saturday
4051,Train Station,Inokashira Line Shibuya Station (IN01) (京王井の頭線 渋谷駅),Rail Station,Café,moi,Café,4,6,7,Saturday
4052,Train Station,,,Train Station,Kokubunji Station (国分寺駅),Rail Station,2,7,9,Sunday
4053,Coffee Shop,Starbucks (スターバックス),Coffee Shop,Bar,BEER CAFE GAMBRINUS,Beer Bar,1,10,12,Thursday
4054,Mall,仲宿商店街,Shopping Mall,Mall,仲宿商店街,Shopping Mall,1,10,11,Saturday
4055,Subway,Asakusa Line Mita Station (A08) (都営浅草線 三田駅),Metro Station,Airport,Terminal 1 (第1ターミナル),Airport Terminal,2,20,21,Tuesday
4056,Chinese Restaurant,Gansen (雁川),Chinese Restaurant,Arcade,Tokyo Leisure Land (東京レジャーランド 秋葉原店),Arcade,1,8,9,Sunday
4057,Bookstore,COMIC ZIN,Comic Book Store,Electronics Store,Yodobashi-Akiba (ヨドバシカメラ マルチメディアAkiba),Electronics Store,2,9,10,Sunday
4058,Park,Jonanjima Seaside Park (城南島海浜公園),Campground,Mall,,,1,6,8,Sunday
4059,Mall,Omotesando Hills (表参道ヒルズ),Shopping Mall,Café,Anniversaire Café (アニヴェルセルカフェ),Café,3,7,8,Saturday
4060,Mall,Omotesando Hills (表参道ヒルズ),Shopping Mall,Subway,Omote-sando Station (表参道駅),Rail Station,3,7,9,Saturday
4061,Arcade,ナツゲーミュージアム,Arcade,Bookstore,K-BOOKS,Bookstore,2,7,9,Saturday
4062,Drugstore / Pharmacy,Welcia (ウエルシア 豊島東長崎店),Drugstore,Train Station,Ochanomizu Station (御茶ノ水駅),Rail Station,1,5,5,Sunday
4063,Train Station,Narimasu Station (TJ10) (成増駅),Rail Station,Train Station,Narimasu Station (TJ10) (成増駅),Rail Station,4,6,8,Tuesday
4064,Train Station,Shiki Station (TJ14) (志木駅),Rail Station,Train Station,Shiki Station (TJ14) (志木駅),Rail Station,1,6,7,Wednesday
4065,Music Venue,SHIBUYA-AX,Community and Government,Shop & Service,サエラ,Retail,3,4,4,Saturday
4066,Mobile Phone Shop,テルルモバイル NEO秋葉原店,Mobile Phone Store,Hobby Shop,Lashinbang (らしんばん 秋葉原店 本館),Hobby Store,3,10,11,Thursday
4067,Electronics Store,Yodobashi-Akiba (ヨドバシカメラ マルチメディアAkiba),Electronics Store,Miscellaneous Shop,,,1,8,8,Thursday
4068,Bookstore,Melonbooks (メロンブックス 秋葉原1号店),Comic Book Store,Subway,Hibiya Line Akihabara Station (H16) (日比谷線 秋葉原駅),Metro Station,1,3,4,Friday
4069,Electronics Store,Yodobashi-Akiba (ヨドバシカメラ マルチメディアAkiba),Electronics Store,Travel & Transport,Gunma-chan's House (ぐんまちゃん家),Candy Store,4,8,8,Sunday
4070,Hobby Shop,animate (アニメイト),Hobby Store,Government Building,Shinjuku City Office (新宿区役所),Teishoku Restaurant,4,9,10,Saturday
4071,Train Station,Tabata Station (田端駅),Rail Station,Train Station,JR Shinagawa Station (JR 品川駅),Rail Station,1,13,14,Wednesday
4072,Coffee Shop,Starbucks (スターバックス),Coffee Shop,Stadium,Nippon Budokan (日本武道館),Stadium,1,23,1,Monday
4073,Hobby Shop,animate (アニメイト),Hobby Store,Bookstore,Comic Toranoana A (コミックとらのあな 秋葉原店A),Comic Book Store,1,9,10,Thursday
4074,Subway,Suehirocho Station (G14) (末広町駅),Metro Station,Japanese Restaurant,Tonbe (とんべェ),Sake Bar,1,9,11,Monday
4075,Arcade,ゲームカイザー駒沢店,Arcade,Indian Restaurant,Go Go Curry (ゴーゴーカレー),Japanese Curry Restaurant,2,8,8,Tuesday
4076,Subway,Kachidoki Station (E17) (勝どき駅),Rail Station,Indian Restaurant,Go Go Curry (ゴーゴーカレー),Japanese Curry Restaurant,1,7,9,Friday
4077,Seafood Restaurant,Hokkaibanya (北海番屋),Bar,Shrine,市谷亀岡八幡宮,Shrine,4,3,5,Sunday
4078,Hobby Shop,Rilakkuma Store (リラックマストア),Hobby Store,Department Store,Parco (吉祥寺PARCO),Retail,3,7,8,Saturday
4079,Ramen /  Noodle House,Tanaka Sobaten (田中そば店),Ramen Restaurant,Bookstore,Melonbooks (メロンブックス 秋葉原1号店),Comic Book Store,2,7,8,Sunday
4080,Electronics Store,Sofmap Akiba 1st Store (ソフマップAKIBA 1号店 サブカル・モバイル館),Retail,Park,Horin Park (芳林公園),Park,1,8,10,Sunday
4081,Ramen /  Noodle House,TsuruTonTan (つるとんたん),Udon Restaurant,Ramen /  Noodle House,ラーメン王,Ramen Restaurant,3,16,17,Tuesday
4082,Subway,Oedo Line Roppongi Station (E23) (都営大江戸線 六本木駅),Metro Station,Mall,Roppongi Hills (六本木ヒルズ),Shopping Mall,2,9,9,Tuesday
4083,Bridge,Kachidoki Bridge (勝鬨橋),Landmarks and Outdoors,Train Station,Ebisu Station (恵比寿駅),Rail Station,3,9,9,Sunday
4084,Bridge,Kachidoki Bridge (勝鬨橋),Landmarks and Outdoors,Concert Hall,Shinjuku Bunka Center (新宿文化センター),Cultural Center,1,4,5,Sunday
4085,Train Station,Oji Station (王子駅),Rail Station,Light Rail,Minowabashi Station (三ノ輪橋停留場),Tram Station,1,2,4,Sunday
4086,Subway,Waseda Station (T04) (早稲田駅),Metro Station,Mall,,,4,23,1,Saturday
4087,Hobby Shop,Don Quijote (ドン・キホーテ 新宿歌舞伎町店),Discount Store,Department Store,Matsuya Ginza (松屋銀座),Department Store,1,10,11,Friday
4088,Miscellaneous Shop,Loft (渋谷ロフト),Retail,Video Store,SHIBUYA TSUTAYA,Retail,1,8,8,Friday
4089,Mall,Tokyo Solamachi (東京ソラマチ),Shopping Mall,Bridge,Oshinari Bridge (おしなり橋),Bridge,2,4,4,Sunday
4090,Ramen /  Noodle House,RAMEN CiQUE (ラーメン チキュウ),Ramen Restaurant,Japanese Restaurant,武蔵野園,Fishing Area,4,5,6,Saturday
4091,Bookstore,Comic Toranoana A (コミックとらのあな 秋葉原店A),Comic Book Store,Ramen /  Noodle House,刀削麺荘唐家,Szechuan Restaurant,2,9,10,Sunday
4092,Office,Akihabara UDX (秋葉原UDX),Business Center,Italian Restaurant,Spaghetti Pancho (スパゲッティーのパンチョ),Italian Restaurant,3,7,7,Saturday
4093,Home (private),ユコンさんの実家,,Record Shop,TOWER RECORDS,Record Store,1,6,8,Sunday
4094,Home (private),ユコンさんの実家,,Electronics Store,Yodobashi-Akiba (ヨドバシカメラ マルチメディアAkiba),Electronics Store,3,6,7,Sunday
4095,Gym / Fitness Center,コナミスポーツクラブ調布,Gym and Studio,Bus Station,深大寺市営住宅,Public Transportation,2,12,13,Tuesday
4096,Spa / Massage,アクアピュア,Spa,Hobby Shop,Hands (ハンズ),Furniture and Home Store,1,6,8,Saturday
4097,Hotel,Hilton Tokyo Bay (ヒルトン東京ベイ),Hotel,Park,,,1,1,1,Friday
4098,Park,Kawasaki Fronpark (川崎フロンパーク),Park,Stadium,Uvance Todoroki Studium by Fujitsu (Uvanceとどろきスタジアム by Fujitsu),Stadium,2,4,4,Saturday
4099,Electronics Store,Bic Camera (ビックカメラ 有楽町店),Home Appliance Store,Bookstore,Books Sanseido (三省堂書店),Bookstore,2,11,12,Thursday
4100,Subway,Iwamotocho Station (S08) (岩本町駅),Rail Station,Japanese Restaurant,昭和食堂秋葉原店,Ramen Restaurant,2,9,9,Saturday
4101,Japanese Restaurant,天地旬鮮 八吉,Japanese Restaurant,Bar,EuroStarCafe,Bar,2,11,13,Friday
4102,Ramen /  Noodle House,Menya Musashi (創始麺屋武蔵),Ramen Restaurant,Subway,Shinjuku Line Shinjuku Station (S01) (都営新宿線 新宿駅),Metro Station,2,9,9,Saturday
4103,Office,データ・ジャパン 株式会社三田オフィス,Office,Coffee Shop,Tully's Coffee,Coffee Shop,1,0,2,Thursday
4104,Coffee Shop,Tully's Coffee,Coffee Shop,Building,Mita Kokusai Building (三田国際ビルヂング),Café,2,2,4,Monday
4105,Subway,Ueno-okachimachi Station (E09) (上野御徒町駅),Metro Station,Bus Station,Akihabara Sta. Bus Stop (秋葉原駅前バス停),Bus Stop,1,1,2,Monday
4106,Subway,Ueno-okachimachi Station (E09) (上野御徒町駅),Metro Station,Airport,Terminal 3 (第3ターミナル),Airport Terminal,1,9,10,Monday
4107,Subway,Hiyoshi-honcho Station (G09) (日吉本町駅),Metro Station,Mall,Tokyo Midtown (東京ミッドタウン),Retail,2,22,23,Tuesday
4108,Subway,Hiyoshi-honcho Station (G09) (日吉本町駅),Metro Station,Mall,Tokyo Midtown (東京ミッドタウン),Retail,2,21,23,Thursday
4109,Bar,キッチン アツマル,Wine Bar,Train Station,Okusawa Station (MG07) (奥沢駅),Rail Station,4,9,10,Monday
4110,Diner,東京チカラめし 渋谷3号店,Diner,General Entertainment,タイトーダーツスタジアム 渋谷,Arts and Entertainment,1,4,4,Tuesday
4111,Gastropub,銀座ライオン,Gastropub,Office,株式会社ビジョン,Office,2,3,3,Wednesday
4112,Bar,SMOKE-BAR&GRILL,Yoshoku Restaurant,Shrine,Meiji Jingu Shrine (明治神宮),Historic and Protected Site,2,3,4,Friday
4113,Dessert Shop,パンケーキカフェ クローバーズ,Dessert Shop,Fast Food Restaurant,Matsuya (松屋 渋谷並木橋店),Restaurant,2,4,4,Sunday
4114,Ramen /  Noodle House,とんこつラーメン博多風龍 ひゃっけんだな店,Noodle Restaurant,Electronics Store,Yamada Denki LABI (ヤマダデンキ LABI 渋谷),Home Appliance Store,4,6,7,Friday
4115,Bridge,Sasame Bridge (笹目橋),Landmarks and Outdoors,Ramen /  Noodle House,Sumita (手打うどん すみた),Udon Restaurant,4,1,1,Saturday
4116,Museum,amoa (荒川知水資料館),Science Museum,Park,Saiko Doman Green Park (彩湖・道満グリーンパーク),Park,3,22,23,Friday
4117,Steakhouse,HERO'S ステーキハウス 秋葉原店,Burger Joint,Arcade,Eternal Amusement Tower (エターナルアミューズメントタワー),Arcade,1,8,10,Friday
4118,Train Station,Kinshichō Station (錦糸町駅),Rail Station,Video Store,TSUTAYA 錦糸町店,Video Store,3,10,10,Monday
4119,Convention Center,West Exhibition Hall (西展示棟),Convention Center,Mall,Aqua City Odaiba (アクアシティお台場),Shopping Mall,2,9,11,Saturday
4120,Train Station,Chiyoda Line Meiji-jingumae 'Harajuku' Station (C03) (千代田線 明治神宮前<原宿>駅),Metro Station,Train Station,Takeshita Exit (竹下口),Rail Station,4,6,7,Saturday
4121,Electronics Store,Yamada Denki (ヤマダ電機LABI品川大井町店),Home Appliance Store,Mall,atré Oimachi (アトレ大井町),Shopping Mall,4,7,8,Sunday
4122,Office,Sea Fort Square Center Building (シーフォートスクエア センタービルディング),Business Center,Post Office,Shinagawa Post Office (品川郵便局),Post Office,3,11,12,Friday
4123,Ramen /  Noodle House,ABCラーメン,Cocktail Bar,Paper / Office Supplies Store,G.Itoya,Stationery Store,4,4,5,Saturday
4124,Garden,Koishikawa Kōrakuen Gardens (小石川後楽園),Garden,Italian Restaurant,ビン ブン バン プリモ飯田橋,Italian Restaurant,2,2,2,Tuesday
4125,Sushi Restaurant,喜楽寿し,Sushi Restaurant,Train Station,Samezu Station (KK05) (鮫洲駅),Rail Station,4,8,9,Sunday
4126,Japanese Restaurant,Taneichi (海鮮屋 たねいち),Donburi Restaurant,Subway,Oedo Line Kiyosumi-shirakawa Station (E14) (都営大江戸線 清澄白河駅),Metro Station,3,6,8,Saturday
4127,Mall,Omotesando Hills (表参道ヒルズ),Shopping Mall,Café,Omotesando Koffee (表参道コーヒー),Coffee Shop,2,7,8,Sunday
4128,Building,ThinkPark Tower,Business Center,Bar,THE FooTNiK Osaki,Sports Bar,3,5,7,Saturday
4129,Arcade,ららえもん,Arcade,Department Store,Esola Ikebukuro (トランスダーマ Esola池袋),Shopping Mall,4,6,7,Thursday
4130,Hobby Shop,Gamers (ゲーマーズ),Hobby Store,Department Store,Esola Ikebukuro (トランスダーマ Esola池袋),Shopping Mall,3,6,7,Thursday
4131,Subway,Ginza Line Ueno Station (G16) (銀座線 上野駅),Metro Station,Train Station,Horikirishōbuen Station (KS07) (堀切菖蒲園駅),Rail Station,3,13,13,Friday
4132,Mall,梶原銀座商店街振興組合,Organization,Miscellaneous Shop,,,1,3,4,Sunday
4133,Other Great Outdoors,二本のポプラ,Field,Miscellaneous Shop,Nikon Plaza Tokyo (ニコンプラザ東京),Business and Professional Services,4,5,6,Saturday
4134,Mall,,,Convention Center,Tokyo Big Sight (東京ビッグサイト (東京国際展示場)),Italian Restaurant,4,4,6,Sunday
4135,Hobby Shop,Hands (ハンズ),Furniture and Home Store,Arcade,Adores Shibuya (アドアーズ 渋谷店),Arcade,3,8,9,Sunday
4136,Office,Nippon Cultural Broadcasting (文化放送),Radio Station,BBQ Joint,百人亭浜松町駅前店,BBQ Joint,1,2,4,Monday
4137,Toy / Game Store,Beatdown,Toy Store,Post Office,Miyamae Post Office (宮前郵便局),Post Office,4,8,8,Saturday
4138,Café,Royal Garden Cafe 青山,Café,Train Station,Tama-plaza Station (DT15) (たまプラーザ駅),Rail Station,2,6,7,Sunday
4139,Light Rail,Tokyo Big Sight Station (U11) (東京ビッグサイト駅),Rail Station,Movie Theater,United Cinemas (ユナイテッド・シネマ豊洲),Movie Theater,3,9,9,Friday
4140,Subway,Bakuro-yokoyama Station (S09) (馬喰横山駅),Metro Station,Japanese Restaurant,Curry Udon Senkichi (カレーうどん 千吉),Udon Restaurant,4,3,5,Sunday
4141,Mall,Aqua City Odaiba (アクアシティお台場),Shopping Mall,Mall,DiverCity Tokyo Plaza (ダイバーシティ東京 プラザ),Shopping Mall,2,6,7,Sunday
4142,Coffee Shop,Starbucks (スターバックス),Coffee Shop,Miscellaneous Shop,Kura Chika Yoshida,Luggage Store,4,8,9,Sunday
4143,Arcade,Hey - Hirose Entertainment Yard (Hey ヒロセエンターテイメントヤード),Arcade,Japanese Restaurant,Sutadonya (伝説のすた丼屋),Donburi Restaurant,2,3,3,Sunday
4144,Arcade,パソピアート東京,Arcade,Train Station,JR Kamata Station (JR 蒲田駅),Rail Station,3,10,10,Monday
4145,General Travel,,,Temple,Senso-ji Temple (浅草寺),Buddhist Temple,4,6,7,Saturday
4146,Mall,Ario (アリオ亀有),Shopping Mall,Movie Theater,MOVIX亀有,Movie Theater,4,8,8,Wednesday
4147,Toy / Game Store,フィギュアR,Toy Store,Electronics Store,Apple Ginza (Apple 銀座),Landmarks and Outdoors,1,7,8,Monday
4148,Subway,Mitsukoshimae Station (三越前駅),Rail Station,Gift Shop,Precure Pretty Store (プリキュア プリティストア),Hobby Store,3,4,5,Saturday
4149,Ramen /  Noodle House,Ramen Ryoga (らーめん 凌駕),Ramen Restaurant,Bowling Alley,Round1 (ラウンドワン 高津店),Arcade,2,8,9,Wednesday
4150,Other Great Outdoors,Senzoku Pond (洗足池),Lake,Electronics Store,Bic Camera (ビックカメラ 渋谷東口店),Home Appliance Store,4,11,11,Saturday
4151,Dumpling Restaurant,Gyoza Ohsho (餃子の王将),Chinese Restaurant,Café,Komeda's Coffee (コメダ珈琲店),Café,4,6,7,Tuesday
4152,Home (private),,,Arcade,VORTEX (六本木 ボルテックス),Arcade,2,7,8,Wednesday
4153,Fast Food Restaurant,McDonald's (マクドナルド),Fast Food Restaurant,Ramen /  Noodle House,富士そば 上野広小路店,Soba Restaurant,3,12,14,Monday
4154,Movie Theater,Shinjuku Wald 9 (新宿バルト9),Movie Theater,Movie Theater,Shinjuku Wald 9 (新宿バルト9),Movie Theater,1,8,10,Monday
4155,Plaza,SL Plaza (SL広場),Plaza,Ramen /  Noodle House,Menya Takeichi (麺屋武一),Ramen Restaurant,1,9,10,Wednesday
4156,Medical Center,アプル歯科医院,Dentist,Park,Omori Furusato-no-hamabe Park (大森ふるさとの浜辺公園),Park,4,5,5,Saturday
4157,Subway,Center Minami Station (センター南駅),Metro Station,Subway,Center Minami Station (センター南駅),Metro Station,2,6,7,Saturday
4158,Train Station,Hiyoshi Station (日吉駅),Rail Station,Train Station,Hiyoshi Station (日吉駅),Rail Station,4,3,3,Tuesday
4159,Bridge,Futako Bridge (二子橋),Landmarks and Outdoors,Train Station,Shukugawara Station (宿河原駅),Rail Station,2,5,6,Saturday
4160,Plaza,二ヶ領せせらぎ館,Monument,Movie Theater,F Theater (Fシアター),Movie Theater,1,6,7,Saturday
4161,Government Building,Tokyo Skytree (東京スカイツリー),Monument,Government Building,Tokyo Skytree (東京スカイツリー),Monument,3,9,10,Friday
4162,Shrine,Yasukuni-jinja Shrine (靖国神社),Historic and Protected Site,Subway,Kudanshita Station (九段下駅),Rail Station,2,9,9,Saturday
4163,Government Building,Ministry of Internal Affairs and Communications (総務省),Government Department,Airport,Terminal 2 (第2ターミナル),Airport Terminal,1,0,2,Friday
4164,Japanese Restaurant,道玄坂金森,"Cafe, Coffee, and Tea House",Bar,Karaoke Pasela Shibuya (カラオケパセラ 渋谷店),Karaoke Box,4,13,14,Thursday
4165,Hobby Shop,Akihabara Gamers (AKIHABARAゲーマーズ),Hobby Store,Clothing Store,Kamikaze Style (カミカゼスタイル 秋葉原店),Clothing Store,2,7,8,Sunday
4166,General Entertainment,,,Convention Center,Tokyo Big Sight (東京ビッグサイト (東京国際展示場)),Italian Restaurant,3,4,6,Sunday
4167,Government Building,コロ助像,Monument,Government Building,コロ助像,Monument,4,8,9,Sunday
4168,Hobby Shop,Akihabara Gamers (AKIHABARAゲーマーズ),Hobby Store,Electronics Store,Yodobashi-Akiba (ヨドバシカメラ マルチメディアAkiba),Electronics Store,4,12,12,Friday
4169,Building,PASONA SQUARE (パソナスクエア),Business Center,Movie Theater,Theatre Image Forum (シアター・イメージフォーラム),Movie Theater,1,6,6,Sunday
4170,Arcade,Taito Station (タイトーステーション 新宿南口ゲームワールド店),Arcade,Train Station,West Exit (新宿駅 西口),Structure,2,11,12,Saturday
4171,Bar,HUB高田馬場店,Pub,Convenience Store,7-Eleven (セブンイレブン 中野新井薬師前駅北店),Convenience Store,4,14,15,Sunday
4172,Bar,the 7th chord'LINE”,Sports Bar,Bar,the 7th chord'LINE”,Sports Bar,3,11,13,Friday
4173,Fast Food Restaurant,McDonald's (マクドナルド),Burger Joint,Train Station,Meguro Station (目黒駅),Rail Station,2,9,10,Saturday
4174,Fast Food Restaurant,McDonald's (マクドナルド),Burger Joint,Train Station,Meguro Station (目黒駅),Rail Station,3,9,10,Saturday
4175,Train Station,Sugamo Station (巣鴨駅),Rail Station,Gym / Fitness Center,三菱養和会巣鴨スポーツセンター,Gym and Studio,4,4,4,Saturday
4176,Subway,Asakusa Line Shimbashi Station (A10) (都営浅草線 新橋駅),Metro Station,Convenience Store,Lawson (ローソン 北馬込松原橋店),Convenience Store,3,23,23,Wednesday
4177,Electronics Store,Yamada Denki LABI 1 (ヤマダデンキ LABI1 LIFE SELECT 池袋),Home Appliance Store,Hobby Shop,Tokyu Hands (東急ハンズ),Furniture and Home Store,1,7,7,Saturday
4178,Shrine,神田明神鳥居,Shrine,Electronics Store,Yodobashi-Akiba (ヨドバシカメラ マルチメディアAkiba),Electronics Store,3,2,3,Tuesday
4179,Convenience Store,ローソン,Convenience Store,Other Great Outdoors,長勝院旗桜原木,Other Great Outdoors,2,7,7,Sunday
4180,Convenience Store,ローソン,Convenience Store,Other Great Outdoors,長勝院旗桜原木,Other Great Outdoors,3,7,7,Sunday
4181,Government Building,Moyai Statue (新島のモヤイ像),Monument,Train Station,Kichijōji Station (吉祥寺駅),Rail Station,3,22,23,Wednesday
4182,Government Building,Moyai Statue (新島のモヤイ像),Monument,Train Station,Kichijōji Station (吉祥寺駅),Rail Station,1,22,23,Thursday
4183,Ramen /  Noodle House,Ramen Nagi (ラーメン凪),Ramen Restaurant,Bar,Barなんとなく…,Bar,3,12,14,Monday
4184,Train Station,Hikifune Station (TS04) (曳舟駅),Rail Station,Train Station,Hikifune Station (TS04) (曳舟駅),Rail Station,3,6,8,Friday
4185,Hotel,Sheraton Miyako Tokyo Hotel (シェラトン都ホテル東京),Hotel,Hotel,Sheraton Miyako Tokyo Hotel (シェラトン都ホテル東京),Hotel,4,7,8,Wednesday
4186,Mall,Roppongi Hills (六本木ヒルズ),Shopping Mall,Gym / Fitness Center,Tipness (ティップネス 六本木店),Gym and Studio,4,4,5,Sunday
4187,Subway,Yushima Station (C13) (湯島駅),Metro Station,Bookstore,Melonbooks (メロンブックス 秋葉原1号店),Comic Book Store,2,8,9,Thursday
4188,Residential Building (Apartment / Condo),ジャンブルアヤセ,Residential Building,Miscellaneous Shop,FamilyMart (ファミリーマート 湯島三丁目店),Convenience Store,4,23,23,Wednesday
4189,Diner,東京チカラめし 国領店,Diner,Department Store,Isetan (伊勢丹 府中店),Department Store,4,9,10,Monday
4190,Electronics Store,Yodobashi Camera (ヨドバシカメラ 新宿西口本店),Computers and Electronics Retail,Fast Food Restaurant,McDonald's (マクドナルド),Burger Joint,4,8,9,Monday
4191,Coffee Shop,Tully's Coffee,Coffee Shop,Miscellaneous Shop,AssistOn (アシストオン 原宿店),Gift Store,4,7,9,Sunday
4192,Train Station,Chiyoda Line Meiji-jingumae 'Harajuku' Station (C03) (千代田線 明治神宮前<原宿>駅),Metro Station,Clothing Store,ディーモール 神宮前店,Clothing Store,1,7,8,Friday
4193,College Academic Building,8号館,College Academic Building,Japanese Restaurant,Kitchen Otoboke (キッチンオトボケ),Teishoku Restaurant,4,1,3,Thursday
4194,University,Waseda Univ. Nishi-waseda Campus (早稲田大学 西早稲田キャンパス),University,Gym / Fitness Center,Shinjuku Sports Center (新宿スポーツセンター),Landmarks and Outdoors,1,3,4,Thursday
4195,Gym / Fitness Center,Sports Club & Spa RENAISSANCE (スポーツクラブ&スパ ルネサンス 経堂),Gym and Studio,Train Station,Keio Shimo-takaido Station (KO07) (京王 下高井戸駅),Rail Station,1,4,5,Sunday
4196,Gym / Fitness Center,Sports Club & Spa RENAISSANCE (スポーツクラブ&スパ ルネサンス 経堂),Gym and Studio,Office,PAX Coworking,Coworking Space,4,4,6,Saturday
4197,Internet Cafe,らくだ秋葉原店,Internet Cafe,Arcade,Hey - Hirose Entertainment Yard (Hey ヒロセエンターテイメントヤード),Arcade,3,10,11,Monday
4198,Bookstore,K-BOOKS,Bookstore,Bookstore,Melonbooks (メロンブックス 秋葉原1号店),Comic Book Store,1,10,11,Monday
4199,Convenience Store,Natural Lawson (ナチュラルローソン 目白三丁目店),Convenience Store,Convenience Store,Natural Lawson (ナチュラルローソン 目白三丁目店),Convenience Store,3,13,13,Wednesday
4200,Movie Theater,Shinjuku Wald 9 (新宿バルト9),Movie Theater,Movie Theater,Shinjuku Wald 9 (新宿バルト9),Movie Theater,3,19,19,Friday
4201,Subway,Ogawamachi Station (S07) (小川町駅),Rail Station,BBQ Joint,Gyu-Kaku (牛角),BBQ Joint,4,9,11,Sunday
4202,Subway,Tochomae Station (E28) (都庁前駅),Rail Station,Train Station,Nerima Station (練馬駅),Convenience Store,2,12,12,Monday
4203,Bar,bar cacoi,Bar,Movie Theater,TOHO Cinemas (TOHOシネマズ 渋谷),Movie Theater,4,10,11,Sunday
4204,Subway,Nagatacho Station (永田町駅),Rail Station,Shrine,Tokyo Daijingu (東京大神宮),Shrine,2,7,8,Saturday
4205,Indian Restaurant,カレーの市民アルバ秋葉原店,Japanese Curry Restaurant,Train Station,Okachimachi Station (御徒町駅),Rail Station,2,10,11,Friday
4206,Indian Restaurant,カレーの市民アルバ秋葉原店,Japanese Curry Restaurant,Snack Place,Taiyaki Kanda Daruma (たいやき神田達磨),"Cafe, Coffee, and Tea House",4,10,11,Friday
4207,Subway,Kita-sando Station (F14) (北参道駅),Rail Station,Food & Drink Shop,ワイズマート 梅ヶ丘店,Grocery Store,4,9,10,Sunday
4208,Medical Center,,,Food & Drink Shop,ワイズマート 梅ヶ丘店,Grocery Store,2,10,10,Sunday
4209,Mall,Ito Yokado (イトーヨーカドー 木場店),Grocery Store,Movie Theater,109 Cinemas (109シネマズ木場),Movie Theater,4,7,7,Saturday
4210,Diner,東京チカラめし 門前仲町店,Diner,Event Space,レインボータウンFM 木場スタジオ,Radio Station,2,12,13,Friday
4211,Convention Center,Nakano Sunplaza (中野サンプラザ),Convention Center,Mall,Nakano Broadway (中野ブロードウェイ),Shopping Plaza,3,5,5,Saturday
4212,Subway,Akasaka Station (C06) (赤坂駅),Rail Station,Train Station,Tama-plaza Station (DT15) (たまプラーザ駅),Rail Station,4,10,12,Friday
4213,Ramen /  Noodle House,Musashiya (武蔵家),Ramen Restaurant,Electronics Store,Bic Camera (ビックカメラ),Electronics Store,3,4,5,Sunday
4214,Furniture / Home Store,George's,Furniture and Home Store,Japanese Restaurant,KUSHIYAKI 一番,Japanese Restaurant,1,10,10,Thursday
4215,Subway,Namboku Line Shirokane-takanawa Station (N03) (南北線 白金高輪駅),Metro Station,Subway,Namboku Line Shirokane-takanawa Station (N03) (南北線 白金高輪駅),Metro Station,3,6,6,Tuesday
4216,Elementary School,学習院初等科,Elementary School,Subway,Tozai Line Nihombashi Station (T10) (東西線 日本橋駅),Metro Station,3,2,2,Sunday
4217,Seafood Restaurant,かど櫻,Sake Bar,Bar,Garlic Chips,Bar,2,13,15,Wednesday
4218,Hobby Shop,Comic Toranoana B (コミックとらのあな 池袋店),Comic Book Store,Movie Theater,Cinema Sunshine (シネマサンシャイン池袋),Movie Theater,3,3,3,Sunday
4219,Department Store,Marui (有楽町マルイ),Department Store,Music Venue,SHIBUYA-AX,Community and Government,4,8,9,Sunday
4220,Subway,Gaiemmae Station (G03) (外苑前駅),Rail Station,Food & Drink Shop,Shibuya Nishimura Fruit Parlor (渋谷西村フルーツパーラー),Coffee Shop,2,13,13,Saturday
4221,Ramen /  Noodle House,Komoro Soba (小諸そば),Soba Restaurant,Hobby Shop,Cospatio (コスパティオ 秋葉原本店),Costume Store,1,5,6,Friday
4222,Train Station,Chiyoda Line Meiji-jingumae 'Harajuku' Station (C03) (千代田線 明治神宮前<原宿>駅),Metro Station,Mall,Omotesando Hills (表参道ヒルズ),Shopping Mall,4,3,4,Tuesday
4223,Drugstore / Pharmacy,車坂薬局,Drugstore,Miscellaneous Shop,ユニオン,Kitchen Supply Store,1,2,3,Sunday
4224,Café,St. Marc Café (サンマルクカフェ),Coffee Shop,Convenience Store,Ministop (ミニストップ 入谷2丁目店),Convenience Store,3,8,9,Sunday
4225,Subway,Meiji-jingumae 'Harajuku' Station (明治神宮前 駅),Metro Station,Fast Food Restaurant,ウェンディーズ 表参道店,Burger Joint,4,3,4,Thursday
4226,Train Station,Hirai Station (平井駅),Rail Station,Mall,Tokyo Solamachi (東京ソラマチ),Shopping Mall,4,5,7,Saturday
4227,Bar,Uosen Suisan (三代目網元 魚鮮水産),Sake Bar,Train Station,Keio Shimo-takaido Station (KO07) (京王 下高井戸駅),Rail Station,1,3,4,Thursday
4228,Bus Station,農大成人学校前バス停,Bus Stop,Park,Baji Koen (馬事公苑),Stadium,4,2,3,Tuesday
4229,Government Building,RG 1/1 RX-78-2 Gundam Ver. GFT (RG1/1 RX-78-2 ガンダム Ver.GFT),Monument,Mall,DiverCity Tokyo Plaza (ダイバーシティ東京 プラザ),Shopping Mall,4,5,6,Sunday
4230,Mall,Futako Tamagawa Rise Shopping Center (二子玉川ライズ ショッピングセンター),Shopping Mall,Mall,Futako Tamagawa Rise Shopping Center (二子玉川ライズ ショッピングセンター),Shopping Mall,4,0,2,Sunday
4231,Train Station,JR Yūrakuchō Station (JR 有楽町駅),Rail Station,Mobile Phone Shop,SoftBank (ソフトバンク 銀座),Mobile Phone Store,3,11,12,Thursday
4232,Café,銀座瑠璃,Bar,Clothing Store,UNIQLO (ユニクロ),Clothing Store,1,6,7,Sunday
4233,Other Nightlife,Kabukicho Ichiban-gai (歌舞伎町一番街),Neighborhood,Subway,Shin-koenji Station (M03) (新高円寺駅),Rail Station,4,9,10,Wednesday
4234,Subway,Shin-koenji Station (M03) (新高円寺駅),Rail Station,Subway,Shin-koenji Station (M03) (新高円寺駅),Rail Station,2,10,11,Monday
4235,Fast Food Restaurant,McDonald's (マクドナルド),Burger Joint,Building,Nippon TV Tower (日本テレビタワー),Business Center,2,0,0,Friday
4236,Train Station,Itabashi Station (板橋駅),Rail Station,Government Building,Itabashi City Office (板橋区役所),City Hall,2,0,1,Sunday
4237,Park,Musashikokubunji Park (武蔵国分寺公園),Park,Other Great Outdoors,お鷹の道遊歩道,Hiking Trail,2,6,7,Saturday
4238,Train Station,Kokubunji Station (国分寺駅),Rail Station,Bridge,桜橋,Bridge,3,9,9,Friday
4239,Café,カフェ・デュ・プーラン,Café,Japanese Restaurant,Sukiya (すき家 西永福店),Restaurant,4,4,5,Sunday
4240,Bus Station,Kichijoji Sta. (South Exit) Bus Stop (吉祥寺駅(南口)バス停),Bus Stop,Train Station,Inokashira-kōen Station (IN16) (井の頭公園駅),Rail Station,1,7,8,Wednesday
4241,Subway,Higashi-ikebukuro Station (Y10) (東池袋駅),Metro Station,Tea Room,有夏茶房,"Cafe, Coffee, and Tea House",4,3,4,Saturday
4242,Bus Station,池袋駅東口降車場,Travel and Transportation,Library,豊島区立中央図書館,Library,3,0,1,Saturday
4243,Building,アルタ前,Plaza,Hobby Shop,animate (アニメイト),Hobby Store,2,7,7,Sunday
4244,Hobby Shop,Hands (ハンズ),Furniture and Home Store,Subway,Nishi-waseda Station (F11) (西早稲田駅),Metro Station,3,5,6,Thursday
4245,Chinese Restaurant,中華ソバ・餃子 みんみん,Chinese Restaurant,Bike Shop,Y's Road (Y's Road (ワイズロード) 池袋店),Bicycle Store,4,6,7,Thursday
4246,Hobby Shop,animate (アニメイト),Retail,Bookstore,Mandarake Complex (まんだらけ コンプレックス),Retail,1,9,9,Tuesday
4247,Food & Drink Shop,コープみらい ミニコープ日暮里店,Grocery Store,Japanese Restaurant,Tendon Tenya (天丼てんや),Fast Food Restaurant,3,3,4,Friday
4248,Miscellaneous Shop,Loft (渋谷ロフト),Retail,Train Station,Odakyu Shinjuku Station (OH01) (小田急 新宿駅),Rail Station,1,11,12,Monday
4249,Subway,,,Government Building,Tokyo Tower (東京タワー),Structure,3,2,3,Friday
4250,Park,葛西東公園,Park,Convenience Store,Lawson (ローソン),Convenience Store,1,4,5,Sunday
4251,Subway,Kamiyacho Station (H05) (神谷町駅),Rail Station,Subway,Hibiya Line Hatchobori Station (H12) (日比谷線 八丁堀駅),Metro Station,1,8,9,Friday
4252,Subway,Kamiyacho Station (H05) (神谷町駅),Rail Station,Subway,Kita-sando Station (F14) (北参道駅),Rail Station,2,5,6,Tuesday
4253,Japanese Restaurant,Restaurant Sakura (レストラン櫻),Japanese Restaurant,Movie Theater,Cinema IKSPIARI (シネマイクスピアリ),Movie Theater,1,12,13,Sunday
4254,Park,Storm Rider (ストームライダー),Amusement Park,Park,Storm Rider (ストームライダー),Amusement Park,2,8,9,Sunday
4255,Department Store,Matsuya Ginza (松屋銀座),Department Store,Movie Theater,Toho Cinemas (TOHOシネマズ日劇),Movie Theater,4,9,11,Saturday
4256,Park,Tom Sawyer Island (トムソーヤ島),Amusement Park,Park,Big Thunder Mountain (ビッグサンダー・マウンテン),Amusement Park,4,5,7,Saturday
4257,Park,Westernland (ウエスタンランド),Amusement Park,Café,ピアリア(Piaria) Sweets & Bakery Cafe,Café,2,0,1,Saturday
4258,Electronics Store,Yodobashi-Kichijoji (ヨドバシカメラ マルチメディア吉祥寺),Home Appliance Store,Train Station,Kichijōji Station (吉祥寺駅),Rail Station,2,9,9,Saturday
4259,Japanese Restaurant,Katsuya (かつや),Tonkatsu Restaurant,Other Great Outdoors,東京マラソン30km地点,Sports and Recreation,3,13,13,Sunday
4260,Convenience Store,Lawson (ローソン 東山田駅前店),Convenience Store,Train Station,Hiyoshi Station (日吉駅),Rail Station,3,10,12,Monday
4261,Arcade,Tokyo Leisure Land (東京レジャーランド 秋葉原2号店),Arcade,Event Space,belle salle (ベルサール秋葉原),Event Space,3,4,5,Sunday
4262,Diner,東京チカラめし 秋葉原1号店,Diner,Event Space,belle salle (ベルサール秋葉原),Event Space,4,4,5,Sunday
4263,Subway,,,Arcade,アドアーズ池袋西口店,Arcade,3,3,4,Monday
4264,Miscellaneous Shop,Daiso (ダイソー),Convenience Store,Miscellaneous Shop,Daiso (ダイソー),Convenience Store,1,7,8,Sunday
4265,Ramen /  Noodle House,,,Park,Nan-oh Park (南桜公園),Park,1,3,3,Friday
4266,Convenience Store,7-Eleven (セブンイレブン 川崎溝口3丁目店),Convenience Store,Train Station,Den-en-toshi Line Mizonokuchi Station (DT10) (田園都市線 溝の口駅),Rail Station,3,4,4,Saturday
4267,Record Shop,TOWER RECORDS,Retail,Event Space,LOFT PLUS ONE,Event Space,1,9,10,Thursday
4268,Miscellaneous Shop,ハロー!プロジェクト オフィシャルショップ 渋谷109-2店,Miscellaneous Store,Tea Room,Mariage Frères (マリアージュ フレール),Café,4,9,10,Tuesday
4269,Fast Food Restaurant,McDonald's (マクドナルド),Fast Food Restaurant,Arcade,Eternal Amusement Tower (エターナルアミューズメントタワー),Arcade,1,13,14,Saturday
4270,Plaza,Cinecity Plaza (シネシティ広場),Plaza,Arcade,Shinjuku Playland Carnival (新宿プレイランドカーニバル),Arcade,4,5,6,Saturday
4271,Train Station,Kokusai-tenjijō Station (R03) (国際展示場駅),Travel and Transportation,Subway,Nakamachidai Station (B28) (仲町台駅),Rail Station,2,7,9,Sunday
4272,Subway,Nakamachidai Station (B28) (仲町台駅),Rail Station,Subway,Nakamachidai Station (B28) (仲町台駅),Rail Station,2,3,3,Monday
4273,Electronics Store,Bic Camera (ビックカメラ),Home Appliance Store,Train Station,Kawasaki Station (川崎駅),Rail Station,2,9,10,Saturday
4274,Train Station,Kawasaki Station (川崎駅),Rail Station,Convenience Store,モンマートクボタ,Liquor Store,2,7,7,Sunday
4275,Camera Store,カメラのキタムラ 新宿・大ガード店,Camera Store,Coffee Shop,Starbucks (スターバックス),Coffee Shop,1,5,6,Saturday
4276,Electronics Store,Yamada Denki (ヤマダ電機LABI品川大井町店),Home Appliance Store,Train Station,Ōimachi Station (大井町駅),Rail Station,3,9,9,Monday
4277,Salon / Barbershop,バケットアクウェルモール武蔵小金井店,Japanese Family Restaurant,Food & Drink Shop,Ito Yokado (イトーヨーカドー 武蔵小金井店),Grocery Store,1,5,7,Monday
4278,Electronics Store,Yodobashi-Akiba (ヨドバシカメラ マルチメディアAkiba),Electronics Store,Arcade,Tokyo Leisure Land (東京レジャーランド 秋葉原店),Arcade,4,9,11,Friday
4279,Arcade,プロジェクトA池袋店,Arcade,Plaza,Sunshine City Fountain Plaza (サンシャインシティ噴水広場),Plaza,1,3,3,Sunday
4280,Train Station,Shiki Station (TJ14) (志木駅),Rail Station,Convenience Store,ローソン,Convenience Store,1,10,10,Friday
4281,Bridge,Arakawa Bridge (荒川橋梁),Bridge,Train Station,Shiki Station (TJ14) (志木駅),Rail Station,4,10,10,Thursday
4282,Subway,Namboku Line Oji Station (N16) (南北線 王子駅),Metro Station,Train Station,Nambu Line Musashi-Kosugi Station (南武線 武蔵小杉駅),Rail Station,2,8,10,Monday
4283,Historic Site,,,Zoo,Yumemigasaki Zoo Park (夢見ヶ崎動物公園),Zoo,2,5,7,Sunday
4284,Tea Room,Afternoon Tea TEAROOM,Tea Room,Train Station,Kichijōji Station (吉祥寺駅),Rail Station,2,6,7,Saturday
4285,Train Station,Kichijōji Station (吉祥寺駅),Rail Station,Ramen /  Noodle House,Hidakaya (日高屋 下北沢南口店),Chinese Restaurant,3,4,4,Friday
4286,Building,ROPPONGI T-CUBE (六本木ティーキューブ),Business Center,Bridge,Ichigaya Bridge (市ヶ谷橋),Bridge,4,9,10,Wednesday
4287,Performing Arts Venue,Table Is Waiting (テーブル・イズ・ウェイティング),Performing Arts Venue,Park,,,4,7,8,Monday
4288,Electronics Store,Yodobashi Camera (ヨドバシカメラ 新宿西口本店),Computers and Electronics Retail,Electronics Store,Yodobashi Camera (ヨドバシカメラ 新宿西口本店),Computers and Electronics Retail,1,9,9,Friday
4289,Light Rail,Yurikamome Toyosu Station (U16) (ゆりかもめ 豊洲駅),Rail Station,Subway,Kagurazaka Station (T05) (神楽坂駅),Rail Station,3,8,9,Saturday
4290,Park,東中里公園,Park,Bakery,Little Mermaid (リトルマーメイド),Bakery,2,0,1,Tuesday
4291,Mall,キャン・ドゥ 駒込さつき通り店,Shopping Mall,Road,,,3,0,1,Thursday
4292,Japanese Restaurant,,,Bookstore,Mandarake Complex (まんだらけ コンプレックス),Retail,4,3,5,Saturday
4293,Department Store,Marui Men (新宿マルイメン),Department Store,Fast Food Restaurant,McDonald's (マクドナルド),Fast Food Restaurant,4,7,8,Saturday
4294,Subway,Korakuen Station (後楽園駅),Rail Station,Other Great Outdoors,,,1,10,11,Tuesday
4295,Building,Akasaka Biz Tower (赤坂Bizタワー),Business Center,Concert Hall,Mynavi Blitz Akasaka (マイナビBLITZ赤坂),Concert Hall,1,9,9,Wednesday
4296,Park,LaQua (ラクーア),Amusement Park,Park,LaQua (ラクーア),Amusement Park,4,7,7,Saturday
4297,Toy / Game Store,Bounty Hunter Tokyo,Hobby Store,Clothing Store,Kicks Lab.,Shoe Store,2,4,5,Saturday
4298,Road,Haneda Exit (羽田出入口),Toll Booth,Airport,Terminal 2 (第2ターミナル),Airport Terminal,2,23,23,Tuesday
4299,Train Station,Ōkurayama Station (TY15) (大倉山駅),Rail Station,Arcade,クラブセガ綱島,Arcade,3,3,5,Saturday
4300,Historic Site,Tayasumon Gate (田安門),Historic and Protected Site,Subway,Hanzomon Station (Z05) (半蔵門駅),Rail Station,4,21,21,Saturday
4301,Fast Food Restaurant,Lotteria (ロッテリア),Burger Joint,Mall,Nakano Broadway (中野ブロードウェイ),Shopping Plaza,4,5,6,Sunday
4302,Sushi Restaurant,Uzushio (うず潮),Sushi Restaurant,Government Building,Manseibashi Police Station (万世橋警察署),Police Station,2,4,6,Thursday
4303,Bar,Pasela Resorts (パセラリゾーツ AKIBAマルチエンターテインメント),Karaoke Box,Road,Manseibashi Bridge Intersection (万世橋交差点),Travel and Transportation,2,6,7,Wednesday
4304,Military Base,陸上自衛隊十条駐屯地,Military Base,Hotel,スーパーホテルCity池袋北口,Hotel,4,11,12,Wednesday
4305,Hotel,スーパーホテルCity池袋北口,Hotel,Subway,Shin-itabashi Station (I17) (新板橋駅),Metro Station,1,10,11,Thursday
4306,Italian Restaurant,Saizeriya (サイゼリヤ),Italian Restaurant,Bar,Acid Panda Cafe,Night Club,4,9,10,Sunday
4307,Bar,Acid Panda Cafe,Night Club,Video Store,SHIBUYA TSUTAYA,Retail,4,10,11,Sunday
4308,Train Station,Keikyū Kawasaki Station (KK20) (京急川崎駅),Rail Station,Gaming Cafe,Kawasaki Warehouse (ウェアハウス 川崎店),Arcade,2,7,8,Wednesday
4309,Arcade,Silk Hat (シルクハット),Arcade,Train Station,Keikyū Kawasaki Station (KK20) (京急川崎駅),Rail Station,2,10,11,Wednesday
4310,Subway,Meiji-jingumae 'Harajuku' Station (明治神宮前 駅),Metro Station,Arcade,Taito Station (タイトーステーション 新宿南口ゲームワールド店),Arcade,1,6,7,Saturday
4311,Electronics Store,Yodobashi-Akiba (ヨドバシカメラ マルチメディアAkiba),Electronics Store,Parking,Akihabara UDX Parking (秋葉原UDXパーキング),Parking,1,3,4,Sunday
4312,French Restaurant,La petit chou chou,French Restaurant,Bridge,Tengenji Bridge (天現寺橋),Bridge,3,16,17,Sunday
4313,Miscellaneous Shop,7-Eleven (セブンイレブン 目黒本町2丁目店),Convenience Store,Road,柿ノ木坂陸橋,Bridge,4,15,17,Sunday
4314,Ramen /  Noodle House,らーめん 北の大地,Ramen Restaurant,Ramen /  Noodle House,らーめん 北の大地,Ramen Restaurant,2,11,12,Monday
4315,Arcade,Game St. Tropez (サントロペ 池袋店),Arcade,Rental Car Location,ニッポンレンタカー 池袋東口営業所,Rental Car Location,1,8,9,Sunday
4316,Road,城山交差点,Travel and Transportation,Bus Station,Saginuma Sta. Bus Stop (鷺沼駅バスターミナル),Bus Station,3,10,12,Thursday
4317,Mobile Phone Shop,auショップ 横浜北山田,Mobile Phone Store,Food & Drink Shop,,,3,0,1,Thursday
4318,Burger Joint,AS CLASSICS DINER,Burger Joint,Other Nightlife,,,2,9,10,Monday
4319,Park,Setagaya Park (世田谷公園),Park,Convenience Store,FamilyMart (ファミリーマート 目黒柿の木坂店),Convenience Store,2,5,5,Sunday
4320,Mall,神楽坂通り商店街,Shopping Mall,Ramen /  Noodle House,Suehiro Ramen Honpo (末廣ラーメン本舗),Ramen Restaurant,3,8,10,Thursday
4321,Other Great Outdoors,軽子坂,Road,Park,南榎公園,Park,1,10,10,Tuesday
4322,Fast Food Restaurant,Burger King (バーガーキング),Burger Joint,Mall,Akasaka Sacas (赤坂サカス),Shopping Mall,3,23,1,Saturday
4323,Subway,Oedo Line Shinjuku Station (E27) (都営大江戸線 新宿駅),Metro Station,Diner,新宿ローズ邸,Diner,4,8,9,Monday
4324,Hotel,Park Hyatt Tokyo (パークハイアット東京),Hotel,Stadium,Yoyogi 2nd Gymnasium (国立代々木競技場 第二体育館),Stadium,4,10,10,Monday
4325,Electronics Store,Yodobashi-Akiba (ヨドバシカメラ マルチメディアAkiba),Electronics Store,Japanese Restaurant,居酒屋殿,Sake Bar,2,9,9,Wednesday
4326,Train Station,Shibuya Hikarie 1 Gate (渋谷ヒカリエ1改札),Structure,Subway,Kudanshita Station (九段下駅),Rail Station,1,8,9,Friday
4327,Park,Storm Rider (ストームライダー),Amusement Park,Park,Storm Rider (ストームライダー),Amusement Park,1,10,11,Monday
4328,Park,Mitsuike Park (三ツ池公園),Tennis Court,Train Station,Naka-meguro Station (中目黒駅),Rail Station,4,8,9,Friday
4329,Train Station,Naka-meguro Station (中目黒駅),Rail Station,Train Station,Naka-meguro Station (中目黒駅),Rail Station,3,9,9,Friday
4330,Café,代々木上原カフェ,Café,Clothing Store,BEAMS・T・HARAJUKU,Clothing Store,2,5,6,Saturday
4331,Subway,Gaiemmae Station (G03) (外苑前駅),Rail Station,Government Building,代々木公園交番前,Police Station,3,9,11,Monday
4332,Record Shop,TOWER RECORDS,Retail,Mall,Shibuya Hikarie (渋谷ヒカリエ),Business Center,3,7,8,Thursday
4333,Subway,Higashi-ginza Station (東銀座駅),Metro Station,Japanese Restaurant,松屋,Restaurant,3,5,6,Thursday
4334,Bridge,Tokyo Gate Bridge (東京ゲートブリッジ),Bridge,Mall,DiverCity Tokyo Plaza (ダイバーシティ東京 プラザ),Shopping Mall,1,13,14,Saturday
4335,Electronics Store,Yodobashi Camera (ヨドバシカメラ マルチメディア川崎ルフロン),Home Appliance Store,Electronics Store,Yodobashi Camera (ヨドバシカメラ マルチメディア川崎ルフロン),Home Appliance Store,4,11,11,Friday
4336,Electronics Store,Bic Camera (ビックカメラ),Electronics Store,Fast Food Restaurant,McDonald's (マクドナルド),Burger Joint,1,3,4,Wednesday
4337,Electronics Store,BICQLO (ビックロ),Electronics Store,Hobby Shop,Gamers (ゲーマーズ),Retail,4,4,6,Wednesday
4338,Convention Center,Tokyo Big Sight (東京ビッグサイト (東京国際展示場)),Italian Restaurant,Stadium,Tokyo Dome (東京ドーム),Stadium,2,8,9,Sunday
4339,Office,ギークハウス水道橋,Residential Building,Bar,MOGRA (MOGRA 秋葉原),Night Club,2,14,15,Friday
4340,Building,Shinjuku Nomura Building (新宿野村ビル),Business Center,Home (private),,,3,5,6,Sunday
4341,Mall,Lazona Kawasaki Plaza (ラゾーナ川崎プラザ),Shopping Mall,Movie Theater,TOHO Cinemas (TOHOシネマズ川崎),Movie Theater,4,10,11,Saturday
4342,Park,Musashiseki Park (武蔵関公園),Park,Subway,Chiyoda Line Otemachi Station (C11) (千代田線 大手町駅),Metro Station,4,4,6,Sunday
4343,Mall,VenusFort (ヴィーナスフォート),Shopping Mall,Light Rail,Aomi Station (U10) (青海駅),Rail Station,4,6,6,Sunday
4344,University,University of Tokyo Hongo Campus (東京大学 本郷キャンパス),College and University,Arcade,Tokyo Leisure Land (東京レジャーランド 秋葉原2号店),Arcade,3,7,8,Tuesday
4345,Ramen /  Noodle House,Ippudo (一風堂),Japanese Restaurant,Train Station,Akabane Station (赤羽駅),Rail Station,3,10,11,Tuesday
4346,Subway,Akasaka-mitsuke Station (赤坂見附駅),Metro Station,Italian Restaurant,Spajiro (すぱじろう),Italian Restaurant,2,9,10,Saturday
4347,Library,勉強カフェ 田町スタジオ,Coworking Space,Bar,Studio Cube 326,Night Club,1,6,7,Monday
4348,Cajun / Creole Restaurant,はらの台所 マメゾン,Café,Cajun / Creole Restaurant,はらの台所 マメゾン,Café,4,4,5,Monday
4349,Park,生田緑地,Park,Office,Toho Studios (東宝スタジオ),Film Studio,4,5,7,Sunday
4350,Bakery,St. Marc Café (サンマルクカフェ),Café,University,Keio University (慶應義塾大学 三田キャンパス),University,1,10,12,Sunday
4351,University,Keio University (慶應義塾大学 三田キャンパス),University,Department Store,D&DEPARTMENT,Vintage and Thrift Store,4,12,13,Sunday
4352,Office,NTT東日本,Office Building,Japanese Restaurant,Tokyo Chikara Meshi (東京チカラめし),Donburi Restaurant,3,22,23,Thursday
4353,Hobby Shop,animate (アニメイト),Retail,Parking,Akihabara UDX Parking (秋葉原UDXパーキング),Parking,3,10,11,Sunday
4354,Mall,Aqua City Odaiba (アクアシティお台場),Shopping Mall,Ferry,ODAIBA SEASIDE PARK Sea Bus Station (水上バス お台場海浜公園発着場),Boat Launch,4,6,7,Sunday
4355,Snack Place,Taiyaki Kanda Daruma (たいやき神田達磨),"Cafe, Coffee, and Tea House",Convenience Store,7-Eleven (セブンイレブン 草加清門町店),Convenience Store,3,9,10,Saturday
4356,Department Store,Parco (吉祥寺PARCO),Retail,Indian Restaurant,タイ インドキッチン サファル,Indian Restaurant,3,8,9,Sunday
4357,Café,ナチュラルフードレストラン nR table 表参道店,Café,Bike Shop,Bicycle Friend Nalsima (なるしまフレンド 神宮店),Bicycle Store,4,2,4,Saturday
4358,Mall,Shibuya Hikarie (渋谷ヒカリエ),Business Center,Bridge,Reimei-Bashi Bri. (黎明橋),Landmarks and Outdoors,2,8,9,Saturday
4359,Electronics Store,Apple Shibuya (Apple 渋谷),Electronics Store,Music Store,岩盤 GAN-BAN,Music Store,1,3,4,Wednesday
4360,Seafood Restaurant,Singapore Seafood Republic (Singapore Seafood Republic 品川店),Singaporean Restaurant,Subway,Akasaka-mitsuke Station (赤坂見附駅),Metro Station,3,3,4,Tuesday
4361,Bridge,Kachidoki Bridge (勝鬨橋),Landmarks and Outdoors,Subway,Oedo Line Shin-okachimachi Station (E10) (都営大江戸線 新御徒町駅),Metro Station,2,12,14,Friday
4362,Subway,Kita-ayase Station (C20) (北綾瀬駅),Metro Station,Athletic & Sport,藤フットサルクラブ,Soccer Field,3,5,5,Sunday
4363,Road,Tokorozawa IC (所沢IC),Toll Booth,Ramen /  Noodle House,武蔵家国領店,Ramen Restaurant,3,9,11,Thursday
4364,Automotive Shop,コネクティング・ロッド,Automotive Repair Shop,Government Building,調布警察署,Police Station,1,9,10,Saturday
4365,Arcade,GiGO Akihabara 3 (GiGO 秋葉原3号館),Arcade,Movie Theater,Toho Cinemas (TOHOシネマズ日劇),Movie Theater,3,9,10,Sunday
4366,Electronics Store,Apple Ginza (Apple 銀座),Landmarks and Outdoors,Bus Station,西早稲田バス停,Bus Stop,1,7,9,Tuesday
4367,Park,南河原公園,Park,Train Station,Kawasaki Station (川崎駅),Rail Station,1,5,6,Sunday
4368,High School,川崎総合科学高等学校,High School,Gas Station / Garage,昭和シェル石油 セルフ ルート1 川崎,Fuel Station,1,23,1,Thursday
4369,Elementary School,Onazuka Elementary School (おなづか小学校),Elementary School,Train Station,Ikegami Station (IK13) (池上駅),Rail Station,2,0,2,Monday
4370,Train Station,Kamata Station (蒲田駅),Rail Station,Train Station,Kamata Station (蒲田駅),Rail Station,4,4,5,Monday
4371,Subway,Shinjuku Line Ichigaya Station (S04) (都営新宿線 市ヶ谷駅),Metro Station,Bookstore,Book 1st (ブックファースト),Bookstore,2,2,4,Wednesday
4372,Food & Drink Shop,Seiyu (西友 調布店),Grocery Store,Arcade,アドアーズ調布南口店,Arcade,4,9,11,Friday
4373,Other Great Outdoors,風の散歩道,Hiking Trail,Bridge,みすぎ橋,Bridge,4,1,2,Thursday
4374,Diner,Yamamoto no Hamburg (山本のハンバーグ),Yoshoku Restaurant,Train Station,Kichijōji Station (吉祥寺駅),Rail Station,1,9,10,Tuesday
4375,Science Museum,Miraikan (日本科学未来館),Science Museum,Mall,DiverCity Tokyo Plaza (ダイバーシティ東京 プラザ),Shopping Mall,3,6,8,Sunday
4376,Japanese Restaurant,吉蔵,Japanese Restaurant,Bar,Big Echo (ビッグエコー 高田馬場店),Karaoke Box,1,17,17,Friday
4377,Fried Chicken Joint,KFC (ケンタッキーフライドチキン),Fried Chicken Joint,Fried Chicken Joint,KFC (ケンタッキーフライドチキン),Fried Chicken Joint,3,6,7,Sunday
4378,Fast Food Restaurant,Sukiya (すき家),Restaurant,Thai Restaurant,Rak Thai (ラックタイ 五反田店),Thai Restaurant,4,4,4,Wednesday
4379,Bookstore,Junkudo (ジュンク堂書店),Bookstore,Electronics Store,Yamada Denki LABI 1 (ヤマダデンキ LABI1 LIFE SELECT 池袋),Home Appliance Store,1,7,8,Sunday
4380,Electronics Store,Yodobashi-Akiba (ヨドバシカメラ マルチメディアAkiba),Electronics Store,Food & Drink Shop,Seiyu (西友 巣鴨店),Grocery Store,3,10,12,Wednesday
4381,Medical Center,Juntendo University Hospital (順天堂大学医学部附属 順天堂医院),Hospital,Drugstore / Pharmacy,日生薬局御茶ノ水店,Drugstore,2,2,2,Saturday
4382,Mall,Shibuya Hikarie (渋谷ヒカリエ),Business Center,Plaza,Hachiko Square (ハチ公前広場),Plaza,3,6,7,Sunday
4383,Electronics Store,HAMADA PC USEFUL (浜田電機 PC USEFUL),Computers and Electronics Retail,Hobby Shop,Akihabara Gamers (AKIHABARAゲーマーズ),Hobby Store,1,8,9,Friday
4384,Road,Edobashi JCT (江戸橋JCT),Travel and Transportation,Ramen /  Noodle House,Ramen Kagemusha (らーめん影武者 はなれ),Ramen Restaurant,2,3,3,Sunday
4385,Train Station,Shimo-akatsuka Station (TJ09) (下赤塚駅),Rail Station,Train Station,Shimo-akatsuka Station (TJ09) (下赤塚駅),Rail Station,3,11,12,Monday
4386,Bar,どすこい酒場龍馬,Sake Bar,Mall,Tokyo Skytree Town (東京スカイツリータウン),Shopping Mall,3,9,10,Sunday
4387,Bar,MOGRA (MOGRA 秋葉原),Night Club,Rest Area,田端家,Rest Area,3,11,13,Thursday
4388,Arcade,Tokyo Leisure Land (東京レジャーランド 秋葉原2号店),Arcade,Ramen /  Noodle House,Hakata Furyu (博多風龍 秋葉原総本店),Ramen Restaurant,3,9,11,Thursday
4389,Electronics Store,Yodobashi-Akiba (ヨドバシカメラ マルチメディアAkiba),Electronics Store,Bookstore,Melonbooks (メロンブックス 秋葉原1号店),Comic Book Store,3,5,6,Sunday
4390,Hobby Shop,animate (アニメイト),Retail,Arcade,Tokyo Leisure Land (東京レジャーランド 秋葉原2号店),Arcade,2,6,8,Saturday
4391,Train Station,Kamata Station (蒲田駅),Rail Station,Ramen /  Noodle House,Ramen Dai (らーめん大),Ramen Restaurant,4,4,5,Friday
4392,Chinese Restaurant,你好 ニーハオ 恵馨閣,Chinese Restaurant,Fast Food Restaurant,McDonald's (マクドナルド),Burger Joint,2,2,3,Tuesday
4393,Road,,,Bridge,稲城大橋,Nature Preserve,2,10,11,Wednesday
4394,Road,加平出入口,Toll Booth,Bridge,稲城大橋,Nature Preserve,2,10,11,Wednesday
4395,Electronics Store,Apple Shibuya (Apple 渋谷),Electronics Store,Electronics Store,Apple Shibuya (Apple 渋谷),Electronics Store,4,7,8,Sunday
4396,Train Station,Nishi-Ogikubo Station (西荻窪駅),Rail Station,Government Building,Tokyo Metropolitan Government Building (東京都庁),Government Building,1,10,12,Sunday
4397,Road,,,Mall,Lumine Est (ルミネエスト新宿),Shopping Mall,4,8,9,Saturday
4398,Arcade,Taito Station (タイトーステーション 新宿南口ゲームワールド店),Arcade,Department Store,アヴィレックス マルイシティ渋谷店 - AVIREX,Department Store,2,7,8,Saturday
4399,Deli / Bodega,みのや豆腐店,Deli,Subway,Suitengumae Station (Z10) (水天宮前駅),Metro Station,3,1,2,Monday
4400,Factory,板橋プリンティングプラザ,Factory,Food & Drink Shop,Olympic (オリンピック 三ノ輪店),Supermarket,3,2,3,Wednesday
4401,Movie Theater,Shin-Bungeiza (新文芸坐),Movie Theater,Medical Center,Megane Ichiba (眼鏡市場),Eyecare Store,2,5,6,Sunday
4402,Electronics Store,Apple Shibuya (Apple 渋谷),Electronics Store,Record Shop,TOWER RECORDS,Retail,3,9,10,Sunday
4403,Miscellaneous Shop,MUJI (無印良品),Clothing Store,Arcade,Tokyo Leisure Land (東京レジャーランド 秋葉原店),Arcade,2,9,10,Saturday
4404,Miscellaneous Shop,ロヂャース吉祥寺店,Discount Store,Department Store,,,3,6,7,Friday
4405,Record Shop,TOWER RECORDS,Retail,Hobby Shop,animate (アニメイト),Hobby Store,4,9,10,Friday
4406,Music Venue,IKEBUKURO RUIDO K3,Rock Club,Arcade,アドアーズ池袋西口店,Arcade,1,10,12,Tuesday
4407,Subway,Oedo Line Daimon Station (E20) (都営大江戸線 大門駅),Metro Station,Bridge,八千代橋,Public Transportation,1,13,13,Friday
4408,Museum,The Gallery of Horyuji Treasures (法隆寺宝物館),History Museum,Rest Area,,,4,10,10,Thursday
4409,Ramen /  Noodle House,Ramen Dai (らーめん大 五反田店),Ramen Restaurant,Subway,Ningyocho Station (人形町駅),Metro Station,4,6,7,Wednesday
4410,Subway,Tawaramachi Station (G18) (田原町駅),Rail Station,Ramen /  Noodle House,刀削麺荘唐家,Szechuan Restaurant,2,10,10,Tuesday
4411,Hobby Shop,Comic Toranoana B (コミックとらのあな 池袋店),Comic Book Store,Train Station,Narimasu Station (TJ10) (成増駅),Rail Station,2,9,10,Saturday
4412,Subway,Gokokuji Station (Y11) (護国寺駅),Rail Station,Train Station,Narimasu Station (TJ10) (成増駅),Rail Station,2,3,5,Saturday
4413,Subway,,,Food & Drink Shop,AEON (イオン 練馬店),Grocery Store,3,10,11,Tuesday
4414,Sandwich Place,Subway (サブウェイ),Sandwich Spot,Food & Drink Shop,ラカーヴ・ド・YaMaYa光が丘店,Liquor Store,2,10,11,Monday
4415,Japanese Restaurant,Ootoya (大戸屋),Teishoku Restaurant,Food & Drink Shop,Seiyu (西友 調布店),Grocery Store,4,10,11,Tuesday
4416,College Academic Building,東34号館,College Technology Building,Food & Drink Shop,コープとうきょう 西調布店,Grocery Store,1,9,11,Monday
4417,Art Gallery,Gallery LE DECO,Art Gallery,Chinese Restaurant,香港厨房 渋谷店,Chinese Restaurant,3,9,10,Saturday
4418,Flea Market,NEWS烏山店,Vintage and Thrift Store,Ramen /  Noodle House,長寿庵,Soba Restaurant,2,9,9,Friday
4419,Arcade,Shinjuku Playland Carnival (新宿プレイランドカーニバル),Arcade,Bar,Pasela Resorts 新宿本店,Karaoke Box,3,13,14,Saturday
4420,Train Station,Takeshita Exit (竹下口),Rail Station,Concert Hall,Astro Hall (原宿アストロホール),Rock Club,3,8,8,Sunday
4421,Train Station,JR Ōimachi Station (JR 大井町駅),Rail Station,Home (private),,,2,11,13,Monday
4422,Department Store,Mitsukoshi (日本橋三越本店),Department Store,Mall,AEON Shinagawa Seaside Shopping Center (イオン品川シーサイドショッピングセンター),Shopping Mall,3,10,10,Thursday
4423,Train Station,,,Electronics Store,Yodobashi Camera (ヨドバシカメラ 新宿西口本店),Computers and Electronics Retail,1,2,3,Friday
4424,Hobby Shop,Hands (ハンズ),Furniture and Home Store,Electronics Store,Yodobashi Camera (ヨドバシカメラ 新宿西口本店),Computers and Electronics Retail,4,3,4,Monday
4425,Smoke Shop,,,General Travel,Keiyo Line Underground Passage (京葉線連絡通路 動く歩道),Travel and Transportation,4,23,23,Tuesday
4426,Smoke Shop,,,Park,Pirates of the Caribbean (カリブの海賊),Amusement Park,1,23,0,Tuesday
4427,Building,Sunshine City (サンシャインシティ),Shopping Mall,Plaza,Sunshine City Fountain Plaza (サンシャインシティ噴水広場),Plaza,3,8,8,Wednesday
4428,Hardware Store,Tokyo Radio Department Store (東京ラジオデパート),Landmarks and Outdoors,Plaza,Hachiko Square (ハチ公前広場),Plaza,2,4,6,Friday
4429,Miscellaneous Shop,Hands (ハンズ),Grocery Store,Subway,Hibiya Station (日比谷駅),Metro Station,3,8,9,Saturday
4430,Electronics Store,Bic Camera (ビックカメラ 有楽町店),Home Appliance Store,Train Station,Yurakucho Station (有楽町駅),Rail Station,1,8,9,Saturday
4431,Bar,番狂せ,Bar,Bar,Three Thread,Bar,3,11,11,Wednesday
4432,Chinese Restaurant,中華定食寿楽,Chinese Restaurant,Bar,Three Thread,Bar,4,13,15,Tuesday
4433,Subway,Nakano-fujimicho Station (Mb04) (中野富士見町駅),Metro Station,Food & Drink Shop,スーパーつかさ中野弥生町店,Grocery Store,3,10,11,Tuesday
4434,Subway,Nakano-fujimicho Station (Mb04) (中野富士見町駅),Metro Station,Food & Drink Shop,スーパーつかさ中野弥生町店,Grocery Store,1,10,11,Tuesday
4435,Ramen /  Noodle House,Ramen Jiro (ラーメン二郎 新宿小滝橋通り店),Ramen Restaurant,Electronics Store,東映無線 パソコンハウス東映,Electronics Store,4,9,10,Monday
4436,Miscellaneous Shop,AppBank Store 東急プラザ 表参道原宿,Miscellaneous Store,Mall,Shibuya Hikarie (渋谷ヒカリエ),Business Center,3,7,8,Sunday
4437,Bookstore,COMIC ZIN,Comic Book Store,Bar,Marumugi (地ビールバー まる麦),Beer Bar,3,8,10,Saturday
4438,Airport,Terminal 3 (第3ターミナル),Airport Terminal,Train Station,Hamamatsucho Station (浜松町駅),Rail Station,4,12,12,Monday
4439,Ramen /  Noodle House,Soranoiro (ソラノイロ),Ramen Restaurant,Aquarium,Tokyo Sea Life Park (葛西臨海水族園),Aquarium,2,1,3,Sunday
4440,Department Store,Seibu (西武池袋本店),Department Store,Ramen /  Noodle House,Basso Drill-Man (BASSO ドリルマン),Ramen Restaurant,4,0,2,Friday
4441,Japanese Restaurant,Gyudon Sambo (牛丼専門 サンボ),Donburi Restaurant,Hobby Shop,GANKING 秋葉原店,Hobby Store,2,10,10,Tuesday
4442,Hobby Shop,Akihabara Gamers (AKIHABARAゲーマーズ),Hobby Store,Italian Restaurant,Spaghetti Pancho (スパゲッティーのパンチョ),Italian Restaurant,1,10,10,Thursday
4443,Train Station,Nerima Station (練馬駅),Convenience Store,Train Station,Nerima Station (練馬駅),Convenience Store,1,5,6,Sunday
4444,Bus Station,阿佐ヶ谷駅北口バス停,Bus Stop,Japanese Restaurant,華屋与兵衛井草店,Japanese Family Restaurant,4,5,6,Sunday
4445,Electronics Store,Yodobashi-Akiba (ヨドバシカメラ マルチメディアAkiba),Electronics Store,Japanese Restaurant,居酒屋殿,Sake Bar,4,11,12,Monday
4446,Hotel,,,Japanese Restaurant,Sutadonya (伝説のすた丼屋),Donburi Restaurant,1,11,13,Tuesday
4447,Miscellaneous Shop,Loft (吉祥寺ロフト),Stationery Store,Hobby Shop,Rilakkuma Store (リラックマストア),Hobby Store,2,6,6,Sunday
4448,Mall,Yanaka Ginza Shotengai (谷中銀座商店街),Shopping Mall,Bar,中村屋丸康酒店,Liquor Store,1,10,11,Thursday
4449,Subway,Higashi-ikebukuro Station (Y10) (東池袋駅),Metro Station,Hobby Shop,Akihabara Gamers (AKIHABARAゲーマーズ),Hobby Store,4,5,6,Sunday
4450,Fast Food Restaurant,MOS Burger (モスバーガー),Burger Joint,Hobby Shop,animate (アニメイト),Retail,1,2,4,Sunday
4451,Office,Akihabara UDX (秋葉原UDX),Business Center,Office,Akihabara UDX (秋葉原UDX),Business Center,4,2,4,Saturday
4452,Mall,GranSta Tokyo (グランスタ東京),Shopping Mall,Ramen /  Noodle House,風龍.MAX 新橋店,Ramen Restaurant,4,11,11,Saturday
4453,Office,Frontage,Office,Subway,Ushigome-kagurazaka Station (E05) (牛込神楽坂駅),Metro Station,1,5,7,Friday
4454,Subway,Mita Line Suidobashi Station (I11) (都営三田線 水道橋駅),Metro Station,Subway,Oedo Line Kuramae Station (E11) (都営大江戸線 蔵前駅),Metro Station,2,5,7,Friday
4455,Spa / Massage,Oedo Onsen Monogatari (大江戸温泉物語),Hot Spring,Bridge,Rainbow Bridge (レインボーブリッジ),Bridge,3,8,8,Sunday
4456,Convenience Store,サンクス 神谷町駅前店,Convenience Store,Government Building,Ministry of Finance (財務省),Government Department,1,2,3,Sunday
4457,Subway,Higashi-shinjuku Station (東新宿駅),Rail Station,Building,アルタ前,Plaza,3,9,10,Wednesday
4458,Coffee Shop,Tully's Coffee (TULLY'S COFFEE 淡路町店),Coffee Shop,Subway,Ogawamachi Station (S07) (小川町駅),Rail Station,1,10,11,Wednesday
4459,Building,Tokyo Shiodome Building (東京汐留ビルディング),Café,Electronics Store,Yodobashi-Akiba (ヨドバシカメラ マルチメディアAkiba),Electronics Store,3,10,11,Wednesday
4460,Building,Tokyo Shiodome Building (東京汐留ビルディング),Café,Subway,Kiba Station (T13) (木場駅),Metro Station,2,9,9,Wednesday
4461,Department Store,Isetan (伊勢丹 新宿店),Department Store,Subway,,,2,9,11,Friday
4462,Movie Theater,Shinjuku Musashinokan (新宿武蔵野館),Movie Theater,Fast Food Restaurant,MOS Burger (モスバーガー 下北沢北口店),Burger Joint,1,7,9,Saturday
4463,Subway,,,Electronics Store,Apple Shibuya (Apple 渋谷),Electronics Store,4,4,5,Saturday
4464,Subway,Omote-sando Station (表参道駅),Rail Station,Concert Hall,Hibiya Open-Air Concert Hall (日比谷野外大音楽堂),Concert Hall,3,5,6,Saturday
4465,Office,NTT武蔵野研究開発センタ,Public Transportation,Home (private),,,4,4,5,Thursday
4466,Subway,Shin-ochanomizu Station (C12) (新御茶ノ水駅),Metro Station,Electronics Store,Sofmap Akiba 1st Store (ソフマップAKIBA 1号店 サブカル・モバイル館),Retail,4,8,10,Wednesday
4467,Café,Caffè Veloce (カフェ・ベローチェ),Café,Restaurant,Champ de Soleil (シャンドゥソレイユ),Belgian Restaurant,4,9,10,Monday
4468,Electronics Store,Yodobashi-Akiba (ヨドバシカメラ マルチメディアAkiba),Electronics Store,Train Station,TX Akihabara Station (つくばエクスプレス 秋葉原駅),Rail Station,2,10,11,Sunday
4469,Subway,Shinjuku Line Ichigaya Station (S04) (都営新宿線 市ヶ谷駅),Metro Station,Convention Center,East Hall 2 (東2ホール),Convention Center,1,23,0,Thursday
4470,Hotel,The Prince Park Tower Tokyo (ザ・プリンス パークタワー東京),Hotel,Subway,Asakusa Line Daimon Station (A09) (都営浅草線 大門駅),Metro Station,1,8,9,Tuesday
4471,Deli / Bodega,銀座木村家本店東京駅店,Deli,Coffee Shop,Doutor Coffee Shop (ドトールコーヒーショップ),Coffee Shop,2,4,4,Sunday
4472,Ramen /  Noodle House,ジャンクガレッジ 東京ラーメンストリート,Noodle Restaurant,Coffee Shop,Doutor Coffee Shop (ドトールコーヒーショップ),Coffee Shop,2,3,4,Sunday
4473,Subway,Sengakuji Station (泉岳寺駅),Rail Station,Subway,Daimon Station (大門駅),Metro Station,1,10,10,Wednesday
4474,Train Station,Shinagawa Seaside Station (R06) (品川シーサイド駅),Rail Station,Food & Drink Shop,AEON Style (イオンスタイル品川シーサイド),Grocery Store,4,10,10,Monday
4475,Train Station,Nerima-Takanodai Station (SI09) (練馬高野台駅),Rail Station,Medical Center,,,3,1,2,Monday
4476,Japanese Restaurant,焼魚食堂 魚角 上石神井店,Japanese Restaurant,Athletic & Sport,上井草ゴルフセンター,Golf Driving Range,3,3,4,Monday
4477,Building,Tokyu Bancho Building (東急番町ビル),Office Building,Bar,Bar Tiziano,Cocktail Bar,3,6,7,Wednesday
4478,Office,,,Japanese Restaurant,新宿 そば蔵,Soba Restaurant,4,1,3,Friday
4479,Art Gallery,ギャラリー コルソ,Art Gallery,Food & Drink Shop,,,1,8,9,Tuesday
4480,Subway,Nezu Station (C14) (根津駅),Rail Station,College Academic Building,School of Engineering Building No.1 (工学部1号館),College Engineering Building,2,2,3,Sunday
4481,Airport,Terminal 2 (第2ターミナル),Airport Terminal,Road,Nishiazabu Intersection (西麻布交差点),Travel and Transportation,1,9,10,Wednesday
4482,Fast Food Restaurant,McDonald's (マクドナルド),Burger Joint,Building,Roppongi Hills Mori Tower (六本木ヒルズ森タワー),Business Center,4,23,0,Monday
4483,Café,玉ノ井カフェ,Café,Japanese Restaurant,吉里,Kaiseki Restaurant,2,3,4,Saturday
4484,Mall,鳩の街通り商店街,Shopping Mall,Event Space,こすみ図書,Event Space,4,2,4,Saturday
4485,University,Sophia University (上智大学),University,Ramen /  Noodle House,四谷政吉,Soba Restaurant,3,1,3,Friday
4486,College Academic Building,駿台予備学校 あざみ野校,College Academic Building,Airport,Terminal 1 (第1ターミナル),Airport Terminal,3,2,3,Tuesday
4487,BBQ Joint,Gyu-Kaku (牛角),BBQ Joint,Concert Hall,Chelsea Hotel,Rock Club,4,8,9,Sunday
4488,Convention Center,Nakano Sunplaza (中野サンプラザ),Convention Center,Convention Center,Nakano Sunplaza (中野サンプラザ),Convention Center,2,3,3,Saturday
4489,Electronics Store,Yodobashi-Akiba (ヨドバシカメラ マルチメディアAkiba),Electronics Store,Music Store,,,2,9,10,Tuesday
4490,Japanese Restaurant,Mizuguchi Shokudo (水口食堂),Teishoku Restaurant,Temple,Kaminarimon Gate (雷門),Shrine,1,10,11,Tuesday
4491,Office,Akihabara UDX (秋葉原UDX),Business Center,Bar,町役場秋葉原店,Sake Bar,3,7,8,Saturday
4492,Office,Akihabara UDX (秋葉原UDX),Business Center,Bar,さくら水産秋葉原店,Sake Bar,1,4,5,Sunday
4493,Historic Site,Imperial Palace (皇居),Historic and Protected Site,Historic Site,Doshin Bansho Guardhouse (同心番所),Historic and Protected Site,1,6,7,Wednesday
4494,Historic Site,Otemon Gate (大手門),Historic and Protected Site,Bookstore,Maruzen (丸善),Bookstore,4,6,7,Wednesday
4495,Subway,Kikukawa Station (S12) (菊川駅),Metro Station,Bridge,Umejima Overpass (梅島陸橋),Bridge,4,12,13,Saturday
4496,Convenience Store,ローソン,Convenience Store,Subway,Minami-gyotoku Station (T19) (南行徳駅),Metro Station,1,13,13,Sunday
4497,Train Station,Naka-meguro Station (中目黒駅),Rail Station,Bar,solfa,Night Club,3,12,13,Saturday
4498,Art Gallery,Konica Minolta Plaza (コニカミノルタプラザ),Art Museum,Arcade,Taito Station (タイトーステーション 新宿南口ゲームワールド店),Arcade,4,6,7,Saturday
4499,Train Station,Kodemmacho Station (H15) (小伝馬町駅),Metro Station,Park,Ueno Park (上野恩賜公園),Urban Park,1,5,6,Saturday
4500,Government Building,Koto Driver's License Center (江東運転免許試験場),Police Station,Temple,Senso-ji Temple (浅草寺),Buddhist Temple,1,3,4,Sunday
4501,Government Building,Moyai Statue (新島のモヤイ像),Monument,Asian Restaurant,NEPALICO (ネパリコ),Himalayan Restaurant,1,9,10,Friday
4502,Coffee Shop,Tully's Coffee,Coffee Shop,Student Center,National Olympics Memorial Youth Center (国立オリンピック記念青少年総合センター),Government Department,1,8,9,Sunday
4503,Road,,,Subway,Roppongi Station (六本木駅),Metro Station,1,9,9,Wednesday
4504,Park,Nan-oh Park (南桜公園),Park,Park,Nan-oh Park (南桜公園),Park,1,9,9,Monday
4505,Convenience Store,Lawson (ローソン),Convenience Store,Bookstore,Comic Toranoana A (コミックとらのあな 秋葉原店A),Comic Book Store,4,10,11,Monday
4506,Convenience Store,Lawson (ローソン),Convenience Store,Smoke Shop,,,3,9,10,Wednesday
4507,Mall,イトーヨーカドーザ・プライス川口店,Grocery Store,Miscellaneous Shop,7-Eleven (セブンイレブン 草加花栗北店),Convenience Store,1,8,9,Thursday
4508,Event Space,Kokuyo Hall (コクヨホール),Event Space,Office,NECマネジメントパートナー 芝浦研修センター,Office,2,23,1,Monday
4509,Italian Restaurant,Olive Tree (オリーブの木),Italian Restaurant,Building,ThinkPark Tower,Business Center,4,3,4,Wednesday
4510,Ramen /  Noodle House,Shinatatsu (品達),Ramen Restaurant,Outdoors & Recreation,品川フィッシングガーデン ,Landmarks and Outdoors,4,11,11,Thursday
4511,Shrine,Kanda Myojin Shrine (神田明神),Wedding Hall,Arcade,Tokyo Leisure Land (東京レジャーランド 秋葉原2号店),Arcade,1,4,4,Sunday
4512,Cemetery,Masakado-Zuka (Mound of Masakado) (将門塚),Landmarks and Outdoors,Shrine,Kanda Myojin Shrine (神田明神),Wedding Hall,4,4,4,Sunday
4513,Subway,Kiba Station (T13) (木場駅),Metro Station,Subway,Kayabacho Station (茅場町駅),Rail Station,1,4,4,Sunday
4514,Department Store,Daimaru (大丸 東京店),Department Store,Bridge,Eitai Bridge (永代橋),Bridge,3,7,8,Saturday
4515,Food & Drink Shop,7-Eleven (セブンイレブン 文京音羽1丁目店),Convenience Store,Convenience Store,My Basket (まいばすけっと 目白台3丁目店),Grocery Store,3,23,23,Tuesday
4516,Convenience Store,セブン-イレブン,Convenience Store,Convenience Store,セブン-イレブン,Convenience Store,4,21,23,Wednesday
4517,Subway,Oedo Line Roppongi Station (E23) (都営大江戸線 六本木駅),Metro Station,Salon / Barbershop,Les Saisons (Les Saisons六本木ヒルズ店),Hair Salon,4,7,9,Saturday
4518,Train Station,Yaesu South Exit (八重洲南口),Rail Station,Office,Nikkei Tokyo Head Office (日本経済新聞社 東京本社),Office,2,4,5,Saturday
4519,Indian Restaurant,インドレストラン&バー スマイル,Indian Restaurant,Automotive Shop,関東マツダ 上北沢店,Automotive Repair Shop,4,3,3,Saturday
4520,Spa / Massage,Tsukimiyu Onsen (月見湯温泉),Bathing Area,Convenience Store,,,2,9,11,Sunday
4521,Japanese Restaurant,Yayoi (やよい軒),Teishoku Restaurant,Train Station,Sangen-jaya Station (三軒茶屋駅),Rail Station,3,12,13,Wednesday
4522,Train Station,Sangen-jaya Station (三軒茶屋駅),Rail Station,Bar,ST PAX CAFE,Karaoke Box,3,14,14,Wednesday
